{"centers": [[2.7455480098724365, 0.29051414132118225, -0.36499810218811035], [2.3406474590301514, -0.02093236893415451, -0.41495373845100403], [1.8339532613754272, 0.6280866861343384, -0.49647441506385803], [3.9847357273101807, -1.5022794008255005, -0.11620784550905228], [1.6430305242538452, -0.4756031334400177, -0.47721153497695923], [3.8867383003234863, 0.8830891847610474, -0.36053842306137085]], "nodes": [3, 1, 3, 3, 3, 3], "pose": [0, 0, 0, 0, 0, 0, 0, 0, 0, 0, 0, 0]}