{"centers": [[5.124581336975098, -0.5997308492660522, -0.7576491236686707], [5.746070384979248, -2.558420181274414, -0.7693729996681213], [5.230762958526611, -3.3127541542053223, -0.7536415457725525], [3.895148754119873, -0.6918891668319702, -0.7931962013244629]], "nodes": [3, 3, 3, 3], "pose": [0, 0, 0, 0, 0, 0, 0, 0, 0, 0, 0, 0]}