{"centers": [[1.043700098991394, -0.08013832569122314, -0.7281032800674438], [1.6758297681808472, -0.8956382870674133, -0.8305056095123291], [1.2889171838760376, -0.009600277990102768, -0.7927725315093994], [1.594962477684021, 0.16501110792160037, -0.773260772228241], [2.181840658187866, -0.6577670574188232, -0.8116307854652405], [1.3376094102859497, -0.7447133660316467, -0.841824471950531], [1.8759026527404785, 0.2638886868953705, -0.7593751549720764], [1.804150938987732, -0.5322913527488708, -0.7940945625305176], [2.1670517921447754, 0.37244802713394165, -0.7358234524726868], [2.6638689041137695, -0.5086706876754761, -0.783659040927887], [2.874777317047119, -0.5568244457244873, -0.7257498502731323], [2.4982306957244873, 0.33773908019065857, -0.7188047766685486], [2.0390713214874268, -0.49442872405052185, -0.7508950233459473], [3.1704788208007812, -0.4299142062664032, -0.693377673625946], [2.8442983627319336, 0.5186901688575745, -0.6813600659370422], [2.398191452026367, -0.40220507979393005, -0.7138106226921082]], "nodes": [3, 3, 3, 3, 3, 1, 3, 1, 3, 3, 3, 3, 1, 3, 3, 1], "pose": [0, 0, 0, 0, 0, 0, 0, 0, 0, 0, 0, 0]}