{"centers": [[2.2359817028045654, 0.778300404548645, -0.6209485530853271], [3.827570676803589, -1.237376093864441, -0.570112943649292], [3.168592691421509, -0.1128544807434082, -0.5721108317375183], [1.4213123321533203, 0.6459343433380127, -0.6494827270507812], [2.2903788089752197, -0.6927927732467651, -0.5739293694496155], [2.3722774982452393, -1.1261281967163086, -0.6238753795623779], [2.054335117340088, -0.1440485119819641, -0.6180932521820068]], "nodes": [3, 3, 3, 3, 3, 3, 1], "pose": [0, 0, 0, 0, 0, 0, 0, 0, 0, 0, 0, 0]}