{"centers": [[3.4977593421936035, -0.7945512533187866, -0.6483376026153564], [3.0479376316070557, 0.08150578290224075, -0.6023169159889221], [2.040631055831909, -0.06800659745931625, -0.6577840447425842], [1.5242323875427246, 0.7789050936698914, -0.6641143560409546], [2.1168057918548584, -0.901241660118103, -0.691834568977356], [3.623115062713623, -1.305285930633545, -0.6485341787338257], [2.2606239318847656, 1.0161144733428955, -0.6640508770942688]], "nodes": [3, 3, 1, 3, 3, 3, 3], "pose": [0, 0, 0, 0, 0, 0, 0, 0, 0, 0, 0, 0]}