{"centers": [[2.118248462677002, -0.6321146488189697, -0.6609556674957275], [2.2081830501556396, -0.12882497906684875, -0.6956855654716492], [2.0957064628601074, 0.28344595432281494, -0.668219268321991], [2.2921977043151855, 1.3102810382843018, -0.6645434498786926]], "nodes": [3, 3, 1, 3], "pose": [0, 0, 0, 0, 0, 0, 0, 0, 0, 0, 0, 0]}