{"centers": [[4.092624187469482, 0.8465247750282288, -0.28786224126815796], [2.8589844703674316, 0.3499572277069092, -0.31745389103889465], [3.56937575340271, 1.4217966794967651, -0.39576607942581177], [2.6842551231384277, -0.5340549945831299, -0.39090868830680847], [3.9290473461151123, -0.4297071099281311, -0.2565242648124695]], "nodes": [3, 3, 3, 3, 3], "pose": [0, 0, 0, 0, 0, 0, 0, 0, 0, 0, 0, 0]}