{"centers": [[3.1232099533081055, -0.15634004771709442, -0.7483931183815002], [2.6321165561676025, 1.36809241771698, -0.7475115656852722], [2.0075201988220215, -0.45634469389915466, -0.7362226843833923], [2.094261646270752, 0.49584439396858215, -0.7718767523765564]], "nodes": [3, 3, 3, 1], "pose": [0, 0, 0, 0, 0, 0, 0, 0, 0, 0, 0, 0]}