{"centers": [[1.4004467725753784, 0.8254361152648926, -0.5243887305259705]], "nodes": [3], "pose": [0, 0, 0, 0, 0, 0, 0, 0, 0, 0, 0, 0]}