{"centers": [[2.6885666847229004, -1.3764839172363281, -0.34329700469970703], [1.5739737749099731, 0.3651816248893738, -0.5236625075340271], [2.2979462146759033, -0.32553258538246155, -0.4474453926086426], [2.4189677238464355, 0.5631898045539856, -0.4335061311721802]], "nodes": [3, 3, 1, 3], "pose": [0, 0, 0, 0, 0, 0, 0, 0, 0, 0, 0, 0]}