{"centers": [[1.043139934539795, -0.0760699063539505, -0.7424229383468628], [1.6720867156982422, -0.8976911306381226, -0.8297768235206604], [0.9165284037590027, -0.8449982404708862, -0.8135535717010498], [1.2941536903381348, -0.013565748929977417, -0.8178606629371643], [1.818566083908081, -0.878002941608429, -0.8333338499069214], [2.170243501663208, -0.6478114128112793, -0.8091319799423218], [1.3262746334075928, -0.7403743863105774, -0.8487272262573242], [1.592604160308838, 0.1654891073703766, -0.7781467437744141], [2.381967544555664, -0.6352499723434448, -0.797889769077301], [1.8777377605438232, 0.2286631315946579, -0.7727317214012146], [2.6441452503204346, -0.5201717615127563, -0.7951217889785767], [2.1732542514801025, 0.3751949667930603, -0.7579951882362366], [1.8384754657745361, -0.5421765446662903, -0.7935848236083984], [2.486713409423828, 0.361183226108551, -0.6977110505104065], [2.8648810386657715, -0.5382660627365112, -0.7366854548454285], [3.1624562740325928, -0.3782695531845093, -0.6730697154998779], [2.3757309913635254, -0.3397587239742279, -0.727816641330719], [2.837918281555176, 0.5086922645568848, -0.6837660074234009]], "nodes": [3, 3, 1, 3, 3, 3, 1, 3, 3, 3, 3, 3, 1, 3, 3, 3, 1, 3], "pose": [0, 0, 0, 0, 0, 0, 0, 0, 0, 0, 0, 0]}