{"centers": [[3.43852162361145, -0.6284984946250916, -0.10261379182338715], [2.224641799926758, 0.3552647531032562, -0.30088189244270325], [3.1845779418945312, -1.2682921886444092, -0.08085786551237106], [2.905092239379883, 1.2839919328689575, -0.15161100029945374], [1.9562418460845947, -0.424690842628479, -0.2769419550895691]], "nodes": [3, 1, 3, 3, 3], "pose": [0, 0, 0, 0, 0, 0, 0, 0, 0, 0, 0, 0]}