{"centers": [[4.1584625244140625, -0.5863502025604248, -0.4713972806930542], [2.4567148685455322, -0.21982866525650022, -0.46396416425704956], [2.1298892498016357, 0.1303962767124176, -0.5517981648445129], [2.678069829940796, -0.6889506578445435, -0.4660085439682007], [3.276460647583008, 0.48548194766044617, -0.46927258372306824], [2.1537559032440186, 1.1742041110992432, -0.5257521271705627]], "nodes": [3, 3, 1, 3, 3, 3], "pose": [0, 0, 0, 0, 0, 0, 0, 0, 0, 0, 0, 0]}