{"centers": [[3.1792008876800537, 2.139826536178589, -0.3983471691608429], [2.5653345584869385, 0.8404287695884705, -0.3773345351219177], [2.648979902267456, 1.4999041557312012, -0.43961501121520996]], "nodes": [3, 3, 1], "pose": [0, 0, 0, 0, 0, 0, 0, 0, 0, 0, 0, 0]}