{"centers": [[3.44303822517395, -0.495255708694458, -0.7585722804069519], [2.3528454303741455, -0.0223805233836174, -0.7508288025856018], [4.636675834655762, -1.2538402080535889, -0.6699077486991882], [3.4592373371124268, 0.431284099817276, -0.7917254567146301], [3.0033905506134033, -0.14726223051548007, -0.7251236438751221], [4.425032615661621, -2.155853271484375, -0.6646093130111694]], "nodes": [3, 3, 3, 3, 1, 3], "pose": [0, 0, 0, 0, 0, 0, 0, 0, 0, 0, 0, 0]}