{"centers": [[1.2481764554977417, 0.03585924208164215, -0.2637028396129608], [2.1898999214172363, 0.3915806412696838, -0.19838431477546695], [2.4457905292510986, -0.5245094895362854, 0.06922174990177155]], "nodes": [3, 1, 3], "pose": [0, 0, 0, 0, 0, 0, 0, 0, 0, 0, 0, 0]}