{"centers": [[4.3283843994140625, -0.5869359374046326, -0.19366048276424408], [1.9896438121795654, 0.777101457118988, -0.42044201493263245], [2.185864210128784, -0.05398641526699066, -0.42026978731155396], [2.6932802200317383, 0.08776488900184631, -0.3266456723213196], [3.200718402862549, -2.000751256942749, -0.25218436121940613], [1.4237383604049683, -0.27355340123176575, -0.45529818534851074]], "nodes": [3, 3, 1, 3, 3, 3], "pose": [0, 0, 0, 0, 0, 0, 0, 0, 0, 0, 0, 0]}