{"centers": [[3.5584869384765625, 0.8165091276168823, -0.3434816896915436]], "nodes": [3], "pose": [0, 0, 0, 0, 0, 0, 0, 0, 0, 0, 0, 0]}