{"centers": [[3.392849922180176, -1.8387593030929565, -0.1873600035905838], [1.306630253791809, -0.5571039319038391, -0.4947185814380646], [4.245899677276611, -0.2065500169992447, -0.18589307367801666], [3.6723861694335938, 0.4362465739250183, -0.29108741879463196], [1.6470036506652832, 0.5153279304504395, -0.4677678048610687], [2.360614538192749, 0.047586724162101746, -0.38034844398498535], [2.0065715312957764, -0.3080880045890808, -0.44734951853752136]], "nodes": [3, 3, 3, 3, 3, 3, 1], "pose": [0, 0, 0, 0, 0, 0, 0, 0, 0, 0, 0, 0]}