{"centers": [[1.2352399826049805, -0.11902090907096863, -0.2794662415981293], [2.5043742656707764, -0.36066168546676636, 0.0692383348941803], [2.0044021606445312, 0.4137560725212098, -0.21363800764083865]], "nodes": [3, 3, 1], "pose": [0, 0, 0, 0, 0, 0, 0, 0, 0, 0, 0, 0]}