{"centers": [[3.9418675899505615, -1.397221565246582, -0.39896339178085327], [2.2000861167907715, -0.24072417616844177, -0.5064385533332825], [3.2882893085479736, -0.07671105861663818, -0.4328968822956085], [1.538433313369751, 0.7261127233505249, -0.5681012272834778], [2.3393242359161377, 0.7937684059143066, -0.526145339012146], [2.4617342948913574, -1.1726679801940918, -0.44549560546875]], "nodes": [3, 1, 3, 3, 3, 3], "pose": [0, 0, 0, 0, 0, 0, 0, 0, 0, 0, 0, 0]}