{"centers": [[3.4340693950653076, -1.3037681579589844, -0.35774263739585876], [1.6615947484970093, 1.0228331089019775, -0.5481294989585876], [2.42344331741333, 1.0462509393692017, -0.43183332681655884], [2.001051902770996, 0.018190700560808182, -0.5073868632316589], [2.05934476852417, -0.8167940974235535, -0.4431225657463074]], "nodes": [3, 3, 3, 1, 3], "pose": [0, 0, 0, 0, 0, 0, 0, 0, 0, 0, 0, 0]}