{"centers": [[2.9065213203430176, 0.6742737889289856, -0.5127952098846436], [3.522932529449463, 1.1904903650283813, -0.4806442856788635], [4.687899112701416, -0.41213786602020264, -0.3625651001930237]], "nodes": [3, 3, 3], "pose": [0, 0, 0, 0, 0, 0, 0, 0, 0, 0, 0, 0]}