{"centers": [[4.15072774887085, -0.5971410870552063, -0.2512040138244629], [1.6570534706115723, -0.04741719365119934, -0.4907606542110443], [2.604773759841919, 0.6570034623146057, -0.3703988790512085], [3.004581928253174, -0.16699975728988647, -0.3388010263442993], [2.4837465286254883, -0.14621366560459137, -0.459291011095047], [4.217962741851807, -1.5263150930404663, -0.2758846580982208]], "nodes": [3, 3, 3, 3, 1, 3], "pose": [0, 0, 0, 0, 0, 0, 0, 0, 0, 0, 0, 0]}