{"centers": [[1.3356877565383911, -0.46289101243019104, -0.4570421576499939], [1.7192668914794922, 0.7878448367118835, -0.36671313643455505], [2.1725616455078125, 0.02501402050256729, -0.3523011803627014]], "nodes": [3, 3, 1], "pose": [0, 0, 0, 0, 0, 0, 0, 0, 0, 0, 0, 0]}