{"centers": [[2.4557971954345703, -0.516823947429657, -0.3920905590057373], [2.4546759128570557, 0.42690950632095337, -0.3850444257259369], [3.5657923221588135, -0.24328100681304932, -0.21969452500343323], [3.072552442550659, -1.3878744840621948, -0.22185000777244568], [1.7024610042572021, 0.15670891106128693, -0.46277642250061035]], "nodes": [1, 3, 3, 3, 3], "pose": [0, 0, 0, 0, 0, 0, 0, 0, 0, 0, 0, 0]}