{"centers": [[2.206838846206665, 1.072326898574829, -0.4761159420013428], [2.630624532699585, -0.9241117835044861, -0.5445306897163391], [2.781695604324341, 0.14993219077587128, -0.37446850538253784]], "nodes": [2, 1, 2], "pose": [0, 0, 0, 0, 0, 0, 0, 0, 0, 0, 0, 0]}