{"centers": [[2.5371553897857666, -0.3067428469657898, -0.17473800480365753], [1.479221224784851, 0.17402450740337372, -0.2902365028858185], [3.367166757583618, 0.28301334381103516, -0.13969174027442932]], "nodes": [3, 3, 3], "pose": [0, 0, 0, 0, 0, 0, 0, 0, 0, 0, 0, 0]}