{
    "centers": [
        [
            0.5798529747492509,
            -5.394312371983014,
            -0.42339349647652713
        ],
        [
            -5.479379385438737,
            5.9892042367554765,
            -0.15621746155804644
        ],
        [
            6.109755029497482,
            5.110101236497336,
            -0.16413881136743513
        ]
    ],
    "nodes": [
        3,
        3,
        3
    ],
    "scene": 0
}