{
    "centers": [
        [
            -5.992131592857488,
            2.5023035003193694,
            -0.37529526150507586
        ],
        [
            -2.771058922877936,
            9.942733205308535,
            -0.4038355172568414
        ],
        [
            0.720400821802345,
            -4.867497677231382,
            -0.24573985646066715
        ],
        [
            5.771170183930616,
            -1.159354780257825,
            -0.17699777037250575
        ],
        [
            -0.7122251664057284,
            -5.689817588118167,
            -0.4894407763927719
        ]
    ],
    "nodes": [
        3,
        3,
        3,
        3,
        3
    ],
    "scene": 0
}