{
    "centers": [
        [
            -6.4451317581895085,
            -9.34927061556751,
            -0.15849060080654753
        ],
        [
            -0.6500067830732252,
            -6.251385783220044,
            -0.33115099363963346
        ],
        [
            -2.6517557658152295,
            -8.054511946477396,
            -0.4274491282327737
        ],
        [
            4.067397929857767,
            -4.470522330248857,
            -0.42121311789832544
        ],
        [
            -7.208738423127281,
            1.2529946160097243,
            -0.17302317560715352
        ]
    ],
    "nodes": [
        3,
        3,
        3,
        3,
        3
    ],
    "scene": 0
}