{
    "centers": [
        [
            -3.428638685302845,
            -0.5883570136346812,
            -0.14063756426627366
        ],
        [
            6.64564599542798,
            -7.6237976504188065,
            -0.1958515773666228
        ],
        [
            7.85602548876134,
            6.742451817310442,
            -0.3634001562274496
        ],
        [
            0.8683073109058235,
            5.309732287145813,
            -0.17762783482771255
        ]
    ],
    "nodes": [
        3,
        3,
        3,
        3
    ],
    "scene": 0
}