{
    "centers": [
        [
            -2.143222576792838,
            3.9916393135153037,
            -0.23205565230028552
        ],
        [
            -9.14880838785534,
            -2.0152663463896747,
            -0.11433441468418715
        ],
        [
            6.326122349589788,
            2.8277230453815694,
            -0.4446168766257198
        ],
        [
            4.487092631512677,
            9.429573133851655,
            -0.4057920659607549
        ],
        [
            1.5703359719763004,
            -0.8098588255130519,
            -0.20128170851922428
        ]
    ],
    "nodes": [
        3,
        3,
        3,
        3,
        3
    ],
    "scene": 0
}