{
    "centers": [
        [
            -3.7830304535655923,
            4.589605920667303,
            -0.30001290028806393
        ],
        [
            3.6416312483078688,
            7.092581305301032,
            -0.3590251262790358
        ]
    ],
    "nodes": [
        1,
        1
    ],
    "scene": 7
}