{
    "centers": [
        [
            -3.9099754874604598,
            4.393702925750203,
            -0.3409190216634531
        ],
        [
            -2.744159553288843,
            6.001165433750643,
            -0.28261502725493565
        ],
        [
            4.31537136297071,
            -9.228048494357981,
            -0.41129522100828986
        ],
        [
            9.594902375816371,
            0.3052911219557526,
            -0.19868719845450838
        ]
    ],
    "nodes": [
        1,
        1,
        1,
        3
    ],
    "scene": 7
}