{
    "centers": [
        [
            1.1496312891597533,
            2.9587484749283437,
            -0.43480993349167485
        ],
        [
            -9.6450292441801,
            -0.14770502877003722,
            -0.49533021022573004
        ],
        [
            -0.31996294440016904,
            -4.63265444922611,
            -0.1988246767794784
        ],
        [
            2.253109758863987,
            1.7280876307494992,
            -0.4201616498494517
        ]
    ],
    "nodes": [
        1,
        1,
        1,
        1
    ],
    "scene": 7
}