{
    "centers": [
        [
            5.240821175012309,
            -9.348773188859376,
            -0.4870857165532726
        ],
        [
            -9.8769797993928,
            -6.221601590457759,
            -0.4778969754541607
        ],
        [
            -5.06454843704681,
            -5.029177391853919,
            -0.371951068442538
        ],
        [
            6.399659741897615,
            -2.283243962624142,
            -0.2899276679883215
        ],
        [
            -2.923026916101083,
            -3.5412124602869017,
            -0.1699426056610739
        ]
    ],
    "nodes": [
        1,
        1,
        1,
        1,
        3
    ],
    "scene": 7
}