{
    "centers": [
        [
            3.667393931491647,
            -7.128266262424274,
            -0.21566033737873724
        ],
        [
            4.847025012455365,
            0.8129006262655096,
            -0.33105530594306065
        ],
        [
            9.970374622097978,
            -0.455043657251311,
            -0.17972999322477357
        ]
    ],
    "nodes": [
        1,
        1,
        3
    ],
    "scene": 7
}