{
    "centers": [
        [
            3.8955286043422497,
            2.5803977822882587,
            -0.23854696854915386
        ],
        [
            6.034085524721057,
            -2.495257037451106,
            -0.1147185227526068
        ],
        [
            1.4618812549494287,
            -8.499305938496214,
            -0.38093098766698813
        ]
    ],
    "nodes": [
        3,
        3,
        3
    ],
    "scene": 0
}