{
    "centers": [
        [
            -7.092715068573288,
            8.77256124642091,
            -0.3367607900605264
        ],
        [
            -1.194292839800184,
            -8.268869673866469,
            -0.4092998222603388
        ],
        [
            2.176130394249821,
            -4.476175978107442,
            -0.3185923773185373
        ]
    ],
    "nodes": [
        2,
        2,
        2
    ],
    "scene": 8
}