{
    "centers": [
        [
            -2.605837601381305,
            -1.3690481576934026,
            -0.39194836321318904
        ],
        [
            8.932480902694078,
            6.1672280081700634,
            -0.4267450391244029
        ],
        [
            -4.934852161125216,
            -6.85927593996545,
            -0.3665067393371986
        ],
        [
            7.082534541648592,
            -9.99533510937157,
            -0.34680332616871934
        ],
        [
            3.247495446649051,
            8.525702845005153,
            -0.3834741805714767
        ]
    ],
    "nodes": [
        2,
        2,
        2,
        2,
        3
    ],
    "scene": 8
}