{
    "centers": [
        [
            1.842501957261236,
            4.672225992147121,
            -0.11444991977705515
        ],
        [
            4.5787145912347285,
            -9.991818557776696,
            -0.3130347358170095
        ],
        [
            1.1844429484556187,
            -2.310118666853322,
            -0.24994226476432707
        ],
        [
            -5.983569168906251,
            6.828052482856613,
            -0.4717689360709716
        ]
    ],
    "nodes": [
        2,
        2,
        2,
        2
    ],
    "scene": 8
}