{
    "centers": [
        [
            8.755235645598706,
            4.052681261128889,
            -0.2728893744283615
        ],
        [
            7.07989706153235,
            0.342726401348763,
            -0.36333012319594205
        ],
        [
            -3.9459761665063127,
            -3.159876835497812,
            -0.23732886055506347
        ],
        [
            5.073396804106514,
            7.085611062598154,
            -0.35265823450650424
        ]
    ],
    "nodes": [
        2,
        2,
        2,
        3
    ],
    "scene": 8
}