{
    "centers": [
        [
            0.7871406601763127,
            -8.929269419532629,
            -0.24386223066410212
        ],
        [
            2.262084750787457,
            5.857318784165486,
            -0.19205188629305042
        ],
        [
            -5.330948499971377,
            -2.9778143957982506,
            -0.44011848205600035
        ]
    ],
    "nodes": [
        2,
        2,
        3
    ],
    "scene": 8
}