{
    "centers": [
        [
            4.299174247328349,
            3.0967011660763415,
            -0.19730356224803353
        ],
        [
            -3.966902888686475,
            -9.46947313305619,
            -0.18492289155971742
        ],
        [
            8.006797330233056,
            9.381649183653785,
            -0.3930383936848464
        ]
    ],
    "nodes": [
        2,
        2,
        3
    ],
    "scene": 8
}