{
    "centers": [
        [
            -9.269797723779941,
            5.031602974982388,
            -0.3800758415666795
        ],
        [
            5.62722194982082,
            -7.826755804451997,
            -0.3861882255095227
        ],
        [
            -0.31403092025151125,
            3.5763234364771215,
            -0.2252205850103295
        ]
    ],
    "nodes": [
        2,
        2,
        2
    ],
    "scene": 8
}