{
    "centers": [
        [
            -4.109503176757614,
            -7.829616691934007,
            -0.2522783065260223
        ],
        [
            5.1623257674770535,
            -3.912422944069192,
            -0.309908287959499
        ]
    ],
    "nodes": [
        2,
        2
    ],
    "scene": 8
}