{
    "centers": [
        [
            8.37593853908411,
            -8.435458991141916,
            -0.3594252136203475
        ],
        [
            1.014453882077671,
            4.1482746995021635,
            -0.44461891860000935
        ]
    ],
    "nodes": [
        2,
        2
    ],
    "scene": 8
}