{
    "centers": [
        [
            7.309938294551294,
            -1.4525947397580286,
            -0.4445899267207114
        ],
        [
            -2.9067914242260056,
            -7.3283905344401745,
            -0.3124628999260674
        ],
        [
            8.637268456333594,
            -5.294256829558604,
            -0.3100206272548799
        ],
        [
            -0.7660676176829178,
            7.428084638372518,
            -0.4713203587421829
        ]
    ],
    "nodes": [
        2,
        2,
        2,
        3
    ],
    "scene": 8
}