{
    "centers": [
        [
            -3.8473048925112234,
            3.3860096862574984,
            -0.36593146962971823
        ],
        [
            -5.881161757623509,
            -1.7185072205051526,
            -0.45446452581915936
        ],
        [
            -8.065241415309963,
            6.632240125384236,
            -0.2673405958026326
        ],
        [
            -1.339482029032098,
            -8.311231760397684,
            -0.26648884293595143
        ]
    ],
    "nodes": [
        2,
        2,
        2,
        2
    ],
    "scene": 8
}