{
    "centers": [
        [
            -9.334336462372509,
            0.9940154018425602,
            -0.1915542718047703
        ],
        [
            5.890939174064922,
            9.647851796615758,
            -0.1397072236287467
        ],
        [
            4.276939338730726,
            -1.9147020132099222,
            -0.4915741603052862
        ],
        [
            9.204370721833929,
            -5.453198236569083,
            -0.2593732795675292
        ],
        [
            -5.457839524975718,
            6.598010120200442,
            -0.4583854098084506
        ]
    ],
    "nodes": [
        2,
        2,
        2,
        2,
        2
    ],
    "scene": 8
}