{
    "centers": [
        [
            3.894822824297531,
            2.7132316122753757,
            -0.41270334083390997
        ],
        [
            9.066234198558774,
            -9.41776261038029,
            -0.30601592780065756
        ],
        [
            -0.28144384597713845,
            1.1662107806555877,
            -0.1529795143297346
        ],
        [
            -3.469363600782625,
            -5.0287842362228385,
            -0.39445907389539825
        ]
    ],
    "nodes": [
        2,
        2,
        2,
        2
    ],
    "scene": 8
}