{
    "centers": [
        [
            8.296357269596989,
            -1.941195125305244,
            -0.1362894415788553
        ],
        [
            -0.3312842337237285,
            9.315332350680734,
            -0.3681971997649611
        ],
        [
            5.037467008825674,
            -9.406547608215341,
            -0.3869929464759412
        ],
        [
            9.763168495699276,
            6.835742277282911,
            -0.4442245586439935
        ]
    ],
    "nodes": [
        2,
        2,
        2,
        2
    ],
    "scene": 8
}