{
    "centers": [
        [
            2.8524965386138224,
            -1.0690220633166518,
            -0.13479503675077004
        ],
        [
            -4.139133293804036,
            6.387244592652291,
            -0.1657674000385983
        ],
        [
            -7.066266548170659,
            -6.262797320020077,
            -0.31788047751045756
        ]
    ],
    "nodes": [
        2,
        2,
        2
    ],
    "scene": 8
}