{
    "centers": [
        [
            -1.6390367810890538,
            -1.6492017389881202,
            -0.1697975891419562
        ],
        [
            1.9768813516463943,
            -7.663524666436627,
            -0.38866400338272866
        ],
        [
            2.723191191185631,
            -0.8352638302590059,
            -0.4896394483187276
        ],
        [
            -9.184812150576047,
            -6.349953521662526,
            -0.1648947845642577
        ]
    ],
    "nodes": [
        3,
        3,
        3,
        3
    ],
    "scene": 0
}