{
    "centers": [
        [
            2.207362692877453,
            -4.291746915473849,
            -0.21359125221583047
        ],
        [
            -8.324013422294803,
            9.141439242314693,
            -0.14221600177022287
        ],
        [
            -0.0016846649712238815,
            6.088192679827465,
            -0.27845560613778453
        ],
        [
            0.7216017580113387,
            2.860508116978666,
            -0.173814039838867
        ],
        [
            7.0189919424436695,
            -8.251189285102175,
            -0.34585030687048757
        ]
    ],
    "nodes": [
        2,
        2,
        2,
        2,
        3
    ],
    "scene": 8
}