{
    "centers": [
        [
            1.4168729591089182,
            1.9905483170237677,
            -0.16927624250730378
        ],
        [
            2.9368627928317252,
            -9.37141095445579,
            -0.44878348762663245
        ],
        [
            -9.551220451282063,
            -3.782210360898448,
            -0.4240263390539218
        ],
        [
            9.341182840747006,
            -6.31682067155003,
            -0.4180643796109309
        ],
        [
            -1.7369237934112007,
            -0.9471834576771592,
            -0.4259940761644496
        ],
        [
            -5.682907712015652,
            -8.293241657813812,
            -0.25691460240447683
        ]
    ],
    "nodes": [
        2,
        2,
        2,
        2,
        2,
        3
    ],
    "scene": 8
}