{
    "centers": [
        [
            8.428778784099546,
            -5.036032500393961,
            -0.29548603910907184
        ],
        [
            -3.387274319288416,
            -2.711327602388531,
            -0.42998911395545236
        ],
        [
            2.912397484448528,
            -1.7360346498539876,
            -0.2820468825541199
        ],
        [
            4.283739516979082,
            -7.3446103539744705,
            -0.3036213084332616
        ],
        [
            -1.147841354391515,
            3.2445761349159774,
            -0.2537346742658353
        ]
    ],
    "nodes": [
        3,
        3,
        3,
        3,
        3
    ],
    "scene": 0
}