{
    "centers": [
        [
            8.10222143837936,
            6.638672447777328,
            -0.33475531779774326
        ],
        [
            4.561869982773743,
            4.1083696216372285,
            -0.3662941473048137
        ],
        [
            -3.6929842088996745,
            -2.3911843530194066,
            -0.2671753459692603
        ],
        [
            -9.34863641394907,
            0.6426627984063575,
            -0.2819454520476365
        ],
        [
            0.31306891037530704,
            -5.598762483920259,
            -0.48385279242525364
        ]
    ],
    "nodes": [
        2,
        2,
        2,
        2,
        2
    ],
    "scene": 8
}