{
    "centers": [
        [
            3.813908194928864,
            2.866429072753011,
            -0.32294058065845577
        ],
        [
            4.61850224720987,
            -4.098961370178218,
            -0.33157664941737164
        ],
        [
            7.051974864011903,
            6.014494327724474,
            -0.1265535510353789
        ]
    ],
    "nodes": [
        2,
        2,
        3
    ],
    "scene": 8
}