{
    "centers": [
        [
            -1.69442693058512,
            -0.5886006485066488,
            -0.40988546496853456
        ],
        [
            8.540460839603917,
            1.097783652237041,
            -0.26829283276759275
        ],
        [
            -5.426598910752749,
            2.684005987416942,
            -0.45937069301982947
        ]
    ],
    "nodes": [
        2,
        2,
        3
    ],
    "scene": 8
}