{
    "centers": [
        [
            6.142939110485607,
            -3.001649536376217,
            -0.34067633502516015
        ],
        [
            8.980445219939696,
            8.636019814093046,
            -0.22247376929739793
        ],
        [
            7.267959242302215,
            -5.8461686800090185,
            -0.41218526065326766
        ],
        [
            3.882013450953764,
            6.995854555738564,
            -0.35757297717409087
        ],
        [
            -6.209491178671678,
            4.225678707273378,
            -0.1906993760760145
        ]
    ],
    "nodes": [
        3,
        3,
        3,
        3,
        3
    ],
    "scene": 0
}