{
    "centers": [
        [
            6.840757033917452,
            5.517361866316568,
            -0.4330254268243679
        ],
        [
            -3.8074695683226505,
            -4.21934389360783,
            -0.16478315760614198
        ],
        [
            -8.693007269706566,
            0.4769740253294188,
            -0.443502612835477
        ]
    ],
    "nodes": [
        2,
        2,
        3
    ],
    "scene": 8
}