{
    "centers": [
        [
            -5.869841770020874,
            9.836586246161847,
            -0.11392905887364874
        ],
        [
            -7.6651280929374765,
            -5.079300509139804,
            -0.2856029954789926
        ],
        [
            -4.245739986287034,
            -6.915980614668477,
            -0.49395955092822613
        ],
        [
            5.053535008234309,
            2.552635510262295,
            -0.4871122929657787
        ]
    ],
    "nodes": [
        2,
        2,
        2,
        2
    ],
    "scene": 8
}