{
    "centers": [
        [
            -0.3258369685334266,
            3.8654993792203722,
            -0.3586677507309741
        ],
        [
            -5.5684262798863156,
            8.413409948995543,
            -0.40057136989508735
        ],
        [
            8.465739161818881,
            -0.4809226410632501,
            -0.4379998783217741
        ],
        [
            9.930384257693564,
            2.23183831804346,
            -0.4534324500668728
        ],
        [
            2.319071522483007,
            -2.747697820149142,
            -0.4521442627220106
        ]
    ],
    "nodes": [
        2,
        2,
        2,
        2,
        2
    ],
    "scene": 8
}