{
    "centers": [
        [
            2.3314832955104663,
            2.549979973478976,
            -0.24778822419019048
        ],
        [
            -6.304689124719087,
            -7.78321808806679,
            -0.1811783008634974
        ],
        [
            0.07364713926797783,
            4.993121295460005,
            -0.36881402984671485
        ],
        [
            -9.827329624734746,
            -5.673757766927019,
            -0.2917705055007034
        ],
        [
            0.6962772369227004,
            -9.821758242730983,
            -0.2730661476989291
        ]
    ],
    "nodes": [
        2,
        2,
        2,
        2,
        2
    ],
    "scene": 8
}