{
    "centers": [
        [
            4.797550991186137,
            -6.490731678991512,
            -0.4056244626515869
        ],
        [
            -9.36513279247241,
            3.5611258895289204,
            -0.341973357635916
        ],
        [
            -7.055793742636465,
            9.309529183028499,
            -0.3142795406303137
        ],
        [
            -8.355275246273033,
            7.709210557676563,
            -0.28331372094526497
        ]
    ],
    "nodes": [
        2,
        2,
        2,
        3
    ],
    "scene": 8
}