{
    "centers": [
        [
            -8.776797385263295,
            0.2081767591226118,
            -0.33809116919661497
        ],
        [
            6.296426611898362,
            -5.554472644360347,
            -0.39965998434251543
        ],
        [
            -0.3348088065531858,
            9.245885191017777,
            -0.2608144121834557
        ],
        [
            -5.00777286672718,
            1.652705418573646,
            -0.15071987988053226
        ]
    ],
    "nodes": [
        3,
        4,
        4,
        4
    ],
    "scene": 9
}