{
    "centers": [
        [
            1.0591418829997714,
            9.128493442575124,
            -0.4799199434602276
        ],
        [
            -1.3088781739500792,
            -6.464307007250452,
            -0.3941707785231656
        ],
        [
            -3.222055245394637,
            4.758547749343158,
            -0.22376506298907
        ],
        [
            0.44869982240821926,
            3.5141186085364993,
            -0.214813529766002
        ]
    ],
    "nodes": [
        3,
        4,
        4,
        4
    ],
    "scene": 9
}