{
    "centers": [
        [
            0.583881647326816,
            -5.750096278777956,
            -0.13237599711409143
        ],
        [
            7.790432121806369,
            -4.504816649542209,
            -0.19765341509099044
        ],
        [
            5.450860057437911,
            7.399715744289335,
            -0.3381003892442934
        ],
        [
            6.916943315911329,
            -2.0813962727233832,
            -0.2651650574707196
        ],
        [
            -3.980047419857227,
            4.988585389046552,
            -0.45515070171372196
        ],
        [
            -3.2755123398137105,
            3.1160421105986025,
            -0.446940124986686
        ]
    ],
    "nodes": [
        3,
        4,
        4,
        4,
        4,
        4
    ],
    "scene": 9
}