{
    "centers": [
        [
            3.3939359852556645,
            2.1934065173933526,
            -0.20960405114751873
        ],
        [
            2.042000399071714,
            4.912077910891043,
            -0.14674362737237912
        ],
        [
            -6.575439122431,
            9.500363128777668,
            -0.10860602396474633
        ]
    ],
    "nodes": [
        4,
        4,
        4
    ],
    "scene": 9
}