{
    "centers": [
        [
            1.7189659018149754,
            8.3149038717225,
            -0.13264600521502978
        ],
        [
            -3.785836584046871,
            -6.184159258523561,
            -0.23716224431830835
        ],
        [
            6.74595530572676,
            -9.2222418636064,
            -0.42165543443726733
        ],
        [
            4.858460984112012,
            -2.341314373128678,
            -0.48165093483221333
        ],
        [
            -8.525696545002523,
            6.477129659195885,
            -0.4021555751962333
        ]
    ],
    "nodes": [
        3,
        4,
        4,
        4,
        4
    ],
    "scene": 9
}