{
    "centers": [
        [
            -5.578547546824309,
            5.933467629266909,
            -0.3005117383539667
        ],
        [
            -2.3198064901027653,
            -5.548838399950862,
            -0.3361679766499851
        ],
        [
            -7.57520643716612,
            4.528130051102631,
            -0.15942927505092253
        ],
        [
            5.281083172489076,
            9.024438144235042,
            -0.44478583876177186
        ],
        [
            -4.614715634168148,
            -4.317442305028907,
            -0.20738488991819637
        ],
        [
            9.399643109287823,
            3.7131161020408783,
            -0.23956027884399905
        ]
    ],
    "nodes": [
        3,
        4,
        4,
        4,
        4,
        4
    ],
    "scene": 9
}