{
    "centers": [
        [
            3.1255962134255633,
            -1.723383571179868,
            -0.33463704813376305
        ],
        [
            6.443536297371516,
            8.764459191037577,
            -0.11391942547844314
        ],
        [
            -6.778523481093536,
            -7.076824155474872,
            -0.4420562682574121
        ],
        [
            5.456036062839708,
            -0.6562339719945811,
            -0.30073221434576536
        ],
        [
            -0.14363120992831035,
            4.280935976088022,
            -0.46071245775010305
        ]
    ],
    "nodes": [
        3,
        4,
        4,
        4,
        4
    ],
    "scene": 9
}