{
    "centers": [
        [
            -6.060729116844989,
            -7.950116094393183,
            -0.2104915925257
        ],
        [
            -6.769971851927288,
            0.9282125791894895,
            -0.32743374417016624
        ],
        [
            3.6219937442873107,
            -5.799567525868515,
            -0.45249013883094663
        ],
        [
            4.3665232734629384,
            -3.718061834745634,
            -0.22459779625046244
        ],
        [
            -2.9420781499367603,
            -4.668691086495391,
            -0.2577030332701026
        ],
        [
            5.0355189471988595,
            3.0508774740820854,
            -0.36139411390485965
        ]
    ],
    "nodes": [
        4,
        4,
        4,
        4,
        4,
        4
    ],
    "scene": 9
}