{
    "centers": [
        [
            -8.913328629605953,
            -3.4971743278543865,
            -0.4042260507526014
        ],
        [
            1.0882916081424625,
            1.5473737287698732,
            -0.43485731321222676
        ],
        [
            -4.4295912011536265,
            3.774558265442252,
            -0.4635709558043577
        ],
        [
            -9.652250820627135,
            0.44128658976818613,
            -0.4583696472392226
        ],
        [
            8.450553162844667,
            2.4242270620812683,
            -0.48175418076338483
        ],
        [
            -0.9694290497699658,
            4.594708045586348,
            -0.10364466622696972
        ],
        [
            -7.123551017574979,
            5.846225521873073,
            -0.3995237540397337
        ]
    ],
    "nodes": [
        3,
        4,
        4,
        4,
        4,
        4,
        4
    ],
    "scene": 9
}