{
    "centers": [
        [
            6.567023190648797,
            -6.317757854831112,
            -0.10899347123908376
        ],
        [
            2.9166188094952865,
            1.537002941780516,
            -0.21661727816689036
        ],
        [
            -1.228409103238807,
            6.560698127182807,
            -0.45529200931380187
        ]
    ],
    "nodes": [
        4,
        4,
        4
    ],
    "scene": 9
}