{
    "centers": [
        [
            -2.8272393139992253,
            7.647209872519625,
            -0.4279068268464507
        ],
        [
            3.970861558612919,
            0.7462009363061934,
            -0.39679908068710823
        ],
        [
            -5.025335334932304,
            -9.226065230251152,
            -0.18245677695198198
        ],
        [
            4.6417826988583535,
            -7.220309236656217,
            -0.4677040101883706
        ],
        [
            -5.642800889970965,
            6.240505488872394,
            -0.4477313124591086
        ],
        [
            -3.678123046663025,
            -1.254320224463612,
            -0.47190910386792784
        ],
        [
            2.1077478694903977,
            9.656955334304264,
            -0.40050188130561415
        ]
    ],
    "nodes": [
        3,
        4,
        4,
        4,
        4,
        4,
        4
    ],
    "scene": 9
}