{
    "centers": [
        [
            0.929169470869958,
            0.2243755568383481,
            -0.15712966343417978
        ],
        [
            -5.158084031500165,
            -6.630947699262304,
            -0.417148510108006
        ],
        [
            2.2707319227082134,
            -3.1581331654706872,
            -0.38701149306491794
        ],
        [
            -8.091774746425278,
            7.308723655249725,
            -0.2553935885723022
        ]
    ],
    "nodes": [
        4,
        4,
        4,
        4
    ],
    "scene": 9
}