{
    "centers": [
        [
            -0.32913757677317257,
            8.588393855350184,
            -0.3406544817174699
        ],
        [
            9.547618786391915,
            0.22938413698477156,
            -0.36523319948857885
        ],
        [
            -2.0619948989686065,
            -8.680803803010726,
            -0.24324794013458828
        ],
        [
            -8.305482765883628,
            -5.700722543176955,
            -0.32892582171864315
        ],
        [
            -4.458300043320147,
            -2.962118226665524,
            -0.4519172224671943
        ]
    ],
    "nodes": [
        4,
        4,
        4,
        4,
        4
    ],
    "scene": 9
}