{
    "centers": [
        [
            -3.624507669728003,
            -3.045884653710333,
            -0.4168871027717259
        ],
        [
            7.887068988883566,
            3.4152734486389296,
            -0.28589827866166145
        ],
        [
            -2.9274818027142917,
            -8.863266123966518,
            -0.4104790521935919
        ],
        [
            -8.7542686365678,
            -9.567863005126451,
            -0.1525691119170529
        ],
        [
            4.425464930961692,
            8.454443627359876,
            -0.4175372224057598
        ]
    ],
    "nodes": [
        4,
        4,
        4,
        4,
        4
    ],
    "scene": 9
}