{
    "centers": [
        [
            -9.449673729477809,
            0.9705256804957791,
            -0.16142843809090002
        ],
        [
            2.579101375950568,
            -3.651500324276073,
            -0.21592278572463858
        ],
        [
            -8.543806098167613,
            5.440210591702366,
            -0.21827417167964897
        ],
        [
            9.928056201112184,
            -8.754094395742403,
            -0.28603504268416285
        ],
        [
            -0.4205721528751578,
            -9.822774172995173,
            -0.47259403855342874
        ],
        [
            5.742382982152144,
            9.037451531222082,
            -0.15359396675151976
        ],
        [
            7.294447219102043,
            -4.466318814563206,
            -0.4027758099228632
        ]
    ],
    "nodes": [
        3,
        4,
        4,
        4,
        4,
        4,
        4
    ],
    "scene": 9
}