{
    "centers": [
        [
            -3.9572508845018373,
            -4.43829359109148,
            -0.29948626856159277
        ],
        [
            8.274975525820167,
            2.9907322324693517,
            -0.4714068743065231
        ],
        [
            9.166524668275486,
            6.144902400069007,
            -0.4625688250970382
        ]
    ],
    "nodes": [
        3,
        3,
        3
    ],
    "scene": 0
}