{
    "centers": [
        [
            9.103834670552573,
            9.249281464154567,
            -0.3240698696268618
        ],
        [
            6.587889509122807,
            2.767100865964018,
            -0.4701797376397683
        ],
        [
            7.448044833571547,
            6.650765517261323,
            -0.3049394665737527
        ],
        [
            3.188689064171248,
            -7.812696320677912,
            -0.34872087962806453
        ]
    ],
    "nodes": [
        3,
        3,
        3,
        3
    ],
    "scene": 0
}