{
    "centers": [
        [
            -7.1070682542938535,
            -3.670912615929767,
            -0.48966537828694995
        ],
        [
            9.95187488528828,
            5.762690184748724,
            -0.21213660877333707
        ],
        [
            0.4692356297712621,
            8.277256132522616,
            -0.28335925180492566
        ],
        [
            -8.386312022131976,
            2.615617242208854,
            -0.1342188893308479
        ],
        [
            6.602168274916956,
            -6.278122413437317,
            -0.10988027414691104
        ],
        [
            -1.3241452569120309,
            -5.0026107129077975,
            -0.37273765752703425
        ],
        [
            8.524739703256728,
            4.229451822981375,
            -0.21072815184590327
        ],
        [
            9.30832124403102,
            -1.1865039410682314,
            -0.42600465302685786
        ],
        [
            -3.3165928044049426,
            9.117119256062917,
            -0.28883569919313545
        ]
    ],
    "nodes": [
        3,
        3,
        3,
        3,
        3,
        3,
        3,
        3,
        3
    ],
    "scene": 1
}