{
    "centers": [
        [
            -1.9904629658888684,
            -2.8020682868374163,
            -0.2312144918836454
        ],
        [
            -5.56203341586704,
            -4.89622888665993,
            -0.4048520650466458
        ],
        [
            -6.81767357440531,
            1.7615099726529735,
            -0.13785832172831797
        ],
        [
            2.0100484230523197,
            -0.7006326001216436,
            -0.10668642628658564
        ],
        [
            -3.0637442421629,
            4.400854030257982,
            -0.36654864185440383
        ]
    ],
    "nodes": [
        3,
        3,
        3,
        3,
        3
    ],
    "scene": 0
}