{
    "centers": [
        [
            -8.77800370282884,
            -3.347659297671992,
            -0.22569570358034846
        ],
        [
            -7.799627328099823,
            8.379888728169401,
            -0.3501207666532258
        ],
        [
            6.40226861051929,
            -7.430458458463864,
            -0.39621264955509217
        ],
        [
            4.826295212059344,
            0.042983491152654096,
            -0.27662128187672386
        ],
        [
            3.8549536624303844,
            9.296721266321391,
            -0.2548069247124476
        ]
    ],
    "nodes": [
        3,
        3,
        3,
        3,
        3
    ],
    "scene": 0
}