{
    "centers": [
        [
            9.140556775096439,
            -2.219720235748934,
            -0.23506803742716081
        ],
        [
            -8.322009517926606,
            7.200269026056606,
            -0.20379037336770262
        ],
        [
            -9.495147199520693,
            -5.099801382289613,
            -0.15810241830097505
        ],
        [
            -3.8966798319545015,
            -0.9550992960046383,
            -0.44164908380657103
        ],
        [
            -6.877913353025685,
            2.8465179173598703,
            -0.4504287691368689
        ],
        [
            -1.9725530963072515,
            6.07157395738615,
            -0.45090538537528213
        ]
    ],
    "nodes": [
        3,
        3,
        3,
        3,
        3,
        3
    ],
    "scene": 1
}