{
    "centers": [
        [
            2.89721853570558,
            -9.610617013261596,
            -0.12081076231229826
        ],
        [
            -7.144287125165006,
            -5.884896742946251,
            -0.490135207112006
        ],
        [
            -0.42096292147395076,
            7.591167374350189,
            -0.3529555077302228
        ],
        [
            -9.6210849939415,
            0.5830159320032564,
            -0.21910021117041728
        ],
        [
            -1.7983590699564278,
            6.480697003614118,
            -0.23352709113249787
        ]
    ],
    "nodes": [
        3,
        3,
        3,
        3,
        3
    ],
    "scene": 1
}