{
    "centers": [
        [
            8.569345099400238,
            -3.1896101589973664,
            -0.19739016655705233
        ],
        [
            7.66485006035813,
            -9.701141634515633,
            -0.45153683169495057
        ],
        [
            1.2940025749325166,
            -1.6806479678619368,
            -0.25889017147708804
        ],
        [
            -4.523892788357595,
            3.972456993266169,
            -0.3804905027773585
        ],
        [
            5.21202286883401,
            0.3570458976384323,
            -0.30502234926596156
        ],
        [
            9.610904099442465,
            5.920558973486752,
            -0.44151924496147077
        ],
        [
            2.174449706150181,
            -4.089246696224295,
            -0.11710688719161522
        ],
        [
            -7.248702411651655,
            -0.35321446219040986,
            -0.3335301728511746
        ]
    ],
    "nodes": [
        3,
        3,
        3,
        3,
        3,
        3,
        3,
        3
    ],
    "scene": 1
}