{
    "centers": [
        [
            2.4890352665235778,
            -5.552598475535396,
            -0.35657200925770827
        ],
        [
            -7.693354530022461,
            -6.750072412175534,
            -0.34394025495652913
        ],
        [
            8.290544319976224,
            -4.348433526319413,
            -0.11182499593900685
        ]
    ],
    "nodes": [
        3,
        3,
        3
    ],
    "scene": 0
}