{
    "centers": [
        [
            -7.133140593010328,
            -4.225176737292848,
            -0.12982419870439504
        ],
        [
            6.617109963698933,
            7.33453603560087,
            -0.33468642805303717
        ],
        [
            -3.604553197685716,
            -6.8162427370506755,
            -0.15585323500559833
        ],
        [
            4.948297283512408,
            -2.068160615088841,
            -0.3600747400437927
        ],
        [
            8.550970553078958,
            1.5527476768175124,
            -0.2966554859647935
        ]
    ],
    "nodes": [
        3,
        3,
        3,
        3,
        3
    ],
    "scene": 1
}