{
    "centers": [
        [
            -1.4564202495199847,
            -2.0799238751627396,
            -0.20419386562100678
        ],
        [
            7.9447831489542935,
            -4.04245713615341,
            -0.38641565950837015
        ],
        [
            -2.5464441235729307,
            8.777715733470831,
            -0.4358575139220665
        ],
        [
            -9.9695741191512,
            1.441263756085295,
            -0.29114010416551794
        ],
        [
            6.295254412081782,
            4.274341068750694,
            -0.27152467498126986
        ]
    ],
    "nodes": [
        3,
        3,
        3,
        3,
        3
    ],
    "scene": 1
}