{
    "centers": [
        [
            2.0736771306863275,
            -8.439502074021535,
            -0.14259709765281053
        ],
        [
            -4.844037097094203,
            -3.8966271925065215,
            -0.3469628697978525
        ],
        [
            -7.868829969111124,
            -1.4375060601972258,
            -0.31929608505905616
        ],
        [
            -9.709035777124214,
            0.5648952596856116,
            -0.13344757600549872
        ],
        [
            1.3499073790451472,
            -6.184981755258638,
            -0.25149355378338234
        ],
        [
            -6.552035207471231,
            8.514639552089264,
            -0.15531278239327584
        ],
        [
            9.767951894092771,
            3.7177090069078957,
            -0.42611202149983224
        ],
        [
            -1.955379191412348,
            -2.076171927961303,
            -0.4763457020527838
        ]
    ],
    "nodes": [
        3,
        3,
        3,
        3,
        3,
        3,
        3,
        3
    ],
    "scene": 1
}