{
    "centers": [
        [
            -7.797525350190684,
            5.562477960258036,
            -0.11847822920622458
        ],
        [
            -6.958019277064606,
            -2.203937230787636,
            -0.23278871923290995
        ],
        [
            9.898732945255365,
            9.902010176919287,
            -0.1584239569704629
        ],
        [
            -4.2311014788947805,
            -9.10007969724018,
            -0.34412789917371833
        ],
        [
            0.590451041164183,
            4.7542248608809,
            -0.23622131590436768
        ]
    ],
    "nodes": [
        3,
        3,
        3,
        3,
        3
    ],
    "scene": 1
}