{
    "centers": [
        [
            -9.625039896814037,
            2.0989802031291838,
            -0.22551047767133953
        ],
        [
            4.187776789028998,
            -6.9799365269657265,
            -0.4728457512837815
        ],
        [
            3.2604689080077414,
            -8.2951822391248,
            -0.4714906498479335
        ],
        [
            5.332339508010392,
            -9.751224334150558,
            -0.22863490189699348
        ],
        [
            2.5285382952253563,
            8.503917741684642,
            -0.42983866810982885
        ],
        [
            0.12186500643498199,
            9.288422142810884,
            -0.2776957004597833
        ],
        [
            1.4066399643153495,
            0.007164365207541934,
            -0.14445983461715173
        ],
        [
            -5.958770906567954,
            -0.978166540386523,
            -0.10954284424129868
        ]
    ],
    "nodes": [
        3,
        3,
        3,
        3,
        3,
        3,
        3,
        3
    ],
    "scene": 1
}