{
    "centers": [
        [
            4.430287705149338,
            -4.860942516274854,
            -0.26016367582970273
        ],
        [
            8.086469881522099,
            1.655687127188994,
            -0.44010282021300445
        ],
        [
            3.7381135872020526,
            6.189943438038728,
            -0.4833645401728406
        ],
        [
            -9.491068279552536,
            -1.5778049427569876,
            -0.12961761778013464
        ],
        [
            -3.7857054407375674,
            -2.500220326267801,
            -0.4829649548276095
        ],
        [
            -1.537916688662424,
            3.224625788396205,
            -0.14231386821557707
        ],
        [
            -6.353987062923316,
            -9.640892402582024,
            -0.4394001753254816
        ]
    ],
    "nodes": [
        3,
        3,
        3,
        3,
        3,
        3,
        3
    ],
    "scene": 1
}