{
    "centers": [
        [
            -8.891993350661064,
            -3.983882418031344,
            -0.48356827093570576
        ],
        [
            6.3279613316376135,
            -6.91207744001227,
            -0.49636867763333103
        ],
        [
            -1.5484540826342617,
            6.882322221076137,
            -0.2509602577556803
        ],
        [
            -0.9211518945313575,
            -4.821367403859222,
            -0.47025334212244274
        ],
        [
            -3.941015268996699,
            -6.309901977883201,
            -0.2931147433055174
        ],
        [
            2.5823265303045684,
            4.445909810682657,
            -0.39125952987587725
        ]
    ],
    "nodes": [
        3,
        3,
        3,
        3,
        3,
        3
    ],
    "scene": 1
}