{
    "centers": [
        [
            2.6457828634146097,
            3.245132728836701,
            -0.26114558694209067
        ],
        [
            -0.7925876730389181,
            -9.461568073621526,
            -0.14829841098181845
        ],
        [
            -6.226842110864741,
            8.988541094251879,
            -0.36089261654482496
        ],
        [
            7.239051379406529,
            -8.690023371657487,
            -0.12716524250355554
        ],
        [
            9.930840026621453,
            -3.4780320435855145,
            -0.22764843913311644
        ]
    ],
    "nodes": [
        1,
        1,
        3,
        3,
        3
    ],
    "scene": 2
}