{
    "centers": [
        [
            8.642892203490923,
            6.697938094028302,
            -0.47049590297973526
        ],
        [
            7.566402149115564,
            -6.449654356987027,
            -0.31628303313005696
        ],
        [
            1.4474471500862407,
            0.1746745112647865,
            -0.342561103841346
        ],
        [
            -3.4048065447407954,
            5.816988173105253,
            -0.37942890475046204
        ],
        [
            -7.679668924605851,
            -7.881839929419938,
            -0.26540231023816974
        ]
    ],
    "nodes": [
        1,
        3,
        3,
        3,
        3
    ],
    "scene": 2
}