{
    "centers": [
        [
            -9.074201932946394,
            4.755631939677629,
            -0.22553111103725004
        ],
        [
            8.867563796798475,
            9.464096521848052,
            -0.4571228981419905
        ],
        [
            -7.825064851590351,
            6.87958558784058,
            -0.2878094768738648
        ],
        [
            1.4228019461656913,
            -8.617180870145333,
            -0.4872091096022937
        ]
    ],
    "nodes": [
        1,
        1,
        3,
        3
    ],
    "scene": 2
}