{
    "centers": [
        [
            9.925963036046415,
            0.8625714255836208,
            -0.18110441008182931
        ],
        [
            5.549585831263222,
            1.8297025774983524,
            -0.3044752953377723
        ],
        [
            -3.254994522976176,
            7.9796869789174245,
            -0.26827216298711587
        ],
        [
            8.63514816709785,
            4.673002665352543,
            -0.4806572518595774
        ]
    ],
    "nodes": [
        1,
        1,
        3,
        3
    ],
    "scene": 2
}