{
    "centers": [
        [
            5.40423830214586,
            -3.526154531381229,
            -0.26736522535871415
        ],
        [
            -2.7152333536848783,
            -0.4631917037972286,
            -0.10336275244111337
        ],
        [
            3.2451062731542653,
            -5.952698711274669,
            -0.2508204180854854
        ],
        [
            -9.206990921238326,
            5.563491219771715,
            -0.365883856071057
        ]
    ],
    "nodes": [
        3,
        3,
        3,
        3
    ],
    "scene": 0
}