{
    "centers": [
        [
            -0.10733734646561466,
            -3.441329038408494,
            -0.11248332001948369
        ],
        [
            4.915878311318949,
            4.3510009427261505,
            -0.25120047911899623
        ],
        [
            6.035056139551301,
            -9.952815246255646,
            -0.3625382083014381
        ]
    ],
    "nodes": [
        1,
        3,
        3
    ],
    "scene": 2
}