{
    "centers": [
        [
            -5.756217184086907,
            8.649736255808133,
            -0.4957538463938159
        ],
        [
            -1.7052989811495678,
            -6.432648370351446,
            -0.10460576137135918
        ],
        [
            -8.965413918829558,
            -4.010414233479292,
            -0.4323999921134539
        ],
        [
            -7.386410920604741,
            6.437239109752177,
            -0.1305341712234781
        ]
    ],
    "nodes": [
        1,
        1,
        3,
        3
    ],
    "scene": 2
}