{
    "centers": [
        [
            1.300494111561859,
            5.070684721592851,
            -0.3453742104661609
        ],
        [
            8.434299262687517,
            -0.24246968218358944,
            -0.18460556123487132
        ],
        [
            -9.722508165198677,
            8.846785844242014,
            -0.12622884681029756
        ],
        [
            -7.7516344804072705,
            -6.529180058406833,
            -0.42155287686139425
        ],
        [
            0.4669685993839927,
            7.085279516427317,
            -0.1439277889950668
        ]
    ],
    "nodes": [
        1,
        1,
        3,
        3,
        3
    ],
    "scene": 2
}