{
    "centers": [
        [
            -8.376927900834266,
            -3.96524374495856,
            -0.1652022997823705
        ],
        [
            0.19676951300144196,
            0.38970917610379274,
            -0.3189529019887448
        ],
        [
            -7.440304392714965,
            3.5756359290404056,
            -0.12982369246802877
        ]
    ],
    "nodes": [
        1,
        3,
        3
    ],
    "scene": 2
}