{
    "centers": [
        [
            1.587011193277446,
            6.926812727286276,
            -0.13870251548429446
        ],
        [
            5.943310187007842,
            2.188638910361192,
            -0.433518034330655
        ],
        [
            8.016498397314944,
            -1.604827717190087,
            -0.364855359048432
        ],
        [
            -2.5923538100903354,
            -9.623171047960955,
            -0.3429150886289204
        ],
        [
            -6.9964438609667345,
            -5.270542989539154,
            -0.21915407248435453
        ]
    ],
    "nodes": [
        1,
        3,
        3,
        3,
        3
    ],
    "scene": 2
}