{
    "centers": [
        [
            -0.769962412251255,
            5.745513936232632,
            -0.1515633901445435
        ],
        [
            9.958843236958046,
            7.335292318712224,
            -0.21230173833370808
        ],
        [
            5.959114762729811,
            2.3734190104701813,
            -0.46861630025316586
        ]
    ],
    "nodes": [
        3,
        3,
        3
    ],
    "scene": 0
}