{
    "centers": [
        [
            -1.8377750784845777,
            5.0492793623323085,
            -0.2771603253020596
        ],
        [
            -7.458453335750579,
            -1.0575688492472946,
            -0.1466665536236087
        ],
        [
            7.007725117300101,
            -8.894334795868755,
            -0.3108386956472018
        ],
        [
            -3.4956410281450534,
            7.6633170569570765,
            -0.30330210535979946
        ]
    ],
    "nodes": [
        1,
        3,
        3,
        3
    ],
    "scene": 2
}