{
    "centers": [
        [
            -5.1649874707917975,
            1.4531230085110813,
            -0.4964293573001946
        ],
        [
            8.081148423499233,
            9.49798583965394,
            -0.33094039714043066
        ],
        [
            4.240396949165179,
            -7.157615419110432,
            -0.1818763688524182
        ],
        [
            1.3058569983793529,
            6.176519089505678,
            -0.1934528858920621
        ]
    ],
    "nodes": [
        1,
        3,
        3,
        3
    ],
    "scene": 2
}