{
    "centers": [
        [
            -3.157595995817233,
            -0.46564657798639075,
            -0.13192351812796332
        ],
        [
            -4.821723691494602,
            0.6495508397028722,
            -0.47776006623078277
        ],
        [
            1.98215305035853,
            3.5346281762053433,
            -0.30933136757583235
        ],
        [
            -7.6817585102976205,
            8.476086955267057,
            -0.42039903705450443
        ]
    ],
    "nodes": [
        1,
        1,
        3,
        3
    ],
    "scene": 2
}