{
    "centers": [
        [
            5.2510951622246615,
            6.941654078774523,
            -0.36151581517619735
        ],
        [
            -7.349902500712446,
            -9.007634629997002,
            -0.4310239761126473
        ],
        [
            8.801142974948753,
            9.800451754228082,
            -0.40498170155313945
        ],
        [
            2.525017064023398,
            2.20967543907504,
            -0.1759722529733122
        ],
        [
            -6.555882849762775,
            1.469026705443408,
            -0.4136348798464936
        ]
    ],
    "nodes": [
        1,
        3,
        3,
        3,
        3
    ],
    "scene": 2
}