{
    "centers": [
        [
            5.177099279239206,
            -1.0502278884374672,
            -0.1974441517252976
        ],
        [
            -9.050562615136158,
            -8.185851514101126,
            -0.22568333559766973
        ],
        [
            3.2093103371273557,
            -2.7170905926864624,
            -0.37391329362551307
        ]
    ],
    "nodes": [
        1,
        3,
        3
    ],
    "scene": 2
}