{
    "centers": [
        [
            3.18327760227489,
            1.9045440691448352,
            -0.24332133765283676
        ],
        [
            -7.511724095182004,
            -8.899720495566504,
            -0.49438971217558314
        ],
        [
            -9.271840753766014,
            -6.419212654840112,
            -0.2785897662178397
        ],
        [
            7.758665715955971,
            0.4570645866475669,
            -0.4447646138073549
        ]
    ],
    "nodes": [
        1,
        3,
        3,
        3
    ],
    "scene": 2
}