{
    "centers": [
        [
            -5.00402051202923,
            3.001860355291953,
            -0.44175627067471607
        ],
        [
            6.672018814506021,
            4.394839172559049,
            -0.3894636410885778
        ],
        [
            1.6343817465769455,
            5.09513401127478,
            -0.42445406992353457
        ],
        [
            -1.7079964140392683,
            -8.00617683155539,
            -0.3311371865493753
        ],
        [
            8.08791969032734,
            2.032197637583927,
            -0.3709936570873013
        ]
    ],
    "nodes": [
        1,
        3,
        3,
        3,
        3
    ],
    "scene": 2
}