{
    "centers": [
        [
            0.6292742605573647,
            0.4737653257038268,
            -0.26542101158394144
        ],
        [
            9.44444489642001,
            -4.567199592901082,
            -0.10847647055293375
        ],
        [
            5.108321603550678,
            5.853376116907125,
            -0.2889728320707072
        ],
        [
            7.8157386633238275,
            2.324186196248144,
            -0.1596407267810781
        ]
    ],
    "nodes": [
        1,
        1,
        3,
        3
    ],
    "scene": 2
}