{
    "centers": [
        [
            -6.018276873039778,
            1.730875572714691,
            -0.23491428036455753
        ],
        [
            4.6702975947063035,
            8.42774297937381,
            -0.1158737903870437
        ],
        [
            6.846369992351477,
            -2.8476480299030937,
            -0.30435644843571263
        ],
        [
            7.630933605687673,
            -9.023723982209814,
            -0.21609843716073102
        ],
        [
            -0.8284073690553164,
            -7.900679024701938,
            -0.36740709448280395
        ]
    ],
    "nodes": [
        1,
        3,
        3,
        3,
        3
    ],
    "scene": 2
}