{
    "centers": [
        [
            -2.084589636387271,
            0.1515926516709758,
            -0.3657849544435837
        ],
        [
            7.7389835931266795,
            7.3341540322862855,
            -0.15857152127907853
        ],
        [
            -8.241186743285589,
            3.9917262134064853,
            -0.13806067742236072
        ],
        [
            -3.57093516949869,
            -0.716307690823907,
            -0.3943054769205059
        ],
        [
            5.242327019255912,
            5.720781806429153,
            -0.38388483607475077
        ],
        [
            0.6360685740209977,
            -5.888760172011955,
            -0.16561357512176705
        ]
    ],
    "nodes": [
        1,
        1,
        3,
        3,
        3,
        3
    ],
    "scene": 2
}