{
    "centers": [
        [
            0.6181551690121818,
            -5.750689929957451,
            -0.23671671509274284
        ],
        [
            8.682172620300772,
            8.604114563316475,
            -0.31048970982735724
        ],
        [
            -3.6100746342993384,
            9.420503088045418,
            -0.2626092085811831
        ],
        [
            5.048431195094441,
            1.032472694593432,
            -0.4764574152468961
        ],
        [
            2.8337174721832312,
            4.779660890041146,
            -0.4412109384988264
        ],
        [
            -2.7982892714017993,
            -1.712398367917869,
            -0.22632196925183384
        ]
    ],
    "nodes": [
        1,
        1,
        3,
        3,
        3,
        3
    ],
    "scene": 2
}