{
    "centers": [
        [
            -4.661241942649255,
            3.8333971829862463,
            -0.32395799899779276
        ],
        [
            4.329376122935944,
            0.10717610544705813,
            -0.10445781168244661
        ],
        [
            -5.758593215692427,
            -4.181952396156696,
            -0.19944605682982997
        ],
        [
            8.363888244837597,
            8.394905103500005,
            -0.2425948559493048
        ],
        [
            1.7533548139900574,
            -9.015046474913076,
            -0.3889070288922739
        ]
    ],
    "nodes": [
        1,
        3,
        3,
        3,
        3
    ],
    "scene": 2
}