{
    "centers": [
        [
            -4.605428807625504,
            -6.457744434115671,
            -0.47862552186113577
        ],
        [
            -1.5038076103200932,
            1.9800654825681931,
            -0.16158399939679502
        ],
        [
            4.846170416976417,
            -4.1890877172825185,
            -0.14636719279283206
        ],
        [
            -9.463416489356673,
            -0.0890451347267085,
            -0.2981800738857425
        ],
        [
            -6.092046310855428,
            -4.988182979156779,
            -0.33063818278531065
        ]
    ],
    "nodes": [
        1,
        1,
        3,
        3,
        3
    ],
    "scene": 2
}