{
    "centers": [
        [
            5.640037735153028,
            -3.0869611696567922,
            -0.2342967389387547
        ],
        [
            -5.382058477372958,
            -1.9640036543023491,
            -0.3504471489498905
        ],
        [
            -2.58144259693821,
            -7.212266925092557,
            -0.2270152833874533
        ],
        [
            1.4457763280001927,
            9.357766069529006,
            -0.30358160045252913
        ]
    ],
    "nodes": [
        1,
        3,
        3,
        3
    ],
    "scene": 2
}