{
    "centers": [
        [
            -8.922437349479821,
            1.401209154995195,
            -0.1263891240521095
        ],
        [
            -6.162826008826614,
            -5.0321991991799875,
            -0.4606392343797346
        ],
        [
            9.98442346823418,
            -4.157709013837099,
            -0.4340391650143659
        ],
        [
            4.8894718238812995,
            -7.582169442698521,
            -0.3944595972470804
        ],
        [
            0.2689114470413898,
            -9.069694158378582,
            -0.22742586470842335
        ]
    ],
    "nodes": [
        1,
        1,
        3,
        3,
        3
    ],
    "scene": 2
}