{
    "centers": [
        [
            3.0160800104087766,
            -0.20587192610046046,
            -0.3238616283426914
        ],
        [
            -3.3492794326809445,
            -6.39548342492247,
            -0.3125476532299404
        ],
        [
            2.21416731822611,
            -4.448809513462395,
            -0.3656516130037636
        ],
        [
            8.379642583342203,
            1.0786983132430983,
            -0.304635944460925
        ],
        [
            6.888293824737222,
            6.004849322129164,
            -0.24767167702523962
        ],
        [
            5.579162003247646,
            4.779422281393348,
            -0.301087941323777
        ]
    ],
    "nodes": [
        1,
        1,
        3,
        3,
        3,
        3
    ],
    "scene": 2
}