{
    "centers": [
        [
            -1.4085059727540319,
            1.8921733236698994,
            -0.21258453163122637
        ],
        [
            3.8960927499027207,
            9.798160654372808,
            -0.22131793425806762
        ],
        [
            7.785153046654944,
            -3.7193496784866724,
            -0.1386388357458716
        ],
        [
            1.0009655581722736,
            3.713057235670796,
            -0.36799210157553686
        ]
    ],
    "nodes": [
        1,
        1,
        3,
        3
    ],
    "scene": 2
}