{
    "centers": [
        [
            8.383676653351898,
            6.894493475118818,
            -0.4558934163170977
        ],
        [
            -6.2041018666441055,
            -5.772851244897876,
            -0.47991607449037227
        ],
        [
            6.517301176198803,
            4.027786731862047,
            -0.21929690916367278
        ],
        [
            5.515674357652294,
            -2.1004626944570255,
            -0.22449189608800446
        ],
        [
            -3.9872130957645275,
            3.330144942194803,
            -0.357989148057962
        ],
        [
            -7.9302529615300905,
            7.688709977391063,
            -0.18655518667984555
        ]
    ],
    "nodes": [
        1,
        1,
        3,
        3,
        3,
        3
    ],
    "scene": 2
}