{
    "centers": [
        [
            -3.2584063991292966,
            -4.403780778418504,
            -0.19655496963623864
        ],
        [
            0.08487279327822606,
            6.949547920657469,
            -0.44986382022133753
        ],
        [
            -9.19891544632514,
            -0.9924741507189676,
            -0.2591053796512689
        ],
        [
            6.4725569441786135,
            4.299601286099225,
            -0.3230807843723563
        ],
        [
            8.850598366969173,
            -5.87367309813374,
            -0.3787002554866964
        ]
    ],
    "nodes": [
        1,
        3,
        3,
        3,
        3
    ],
    "scene": 2
}