{
    "centers": [
        [
            -4.513249957447545,
            -1.8376915306094617,
            -0.25913282063473997
        ],
        [
            -3.5147863183891666,
            3.064987271054342,
            -0.15292369919179394
        ],
        [
            9.000133086794769,
            8.476341743884191,
            -0.1930017702436364
        ]
    ],
    "nodes": [
        1,
        3,
        3
    ],
    "scene": 2
}