{
    "centers": [
        [
            9.45360433894172,
            7.493823365851327,
            -0.19357668585932475
        ],
        [
            1.444571818494202,
            -8.563396302789572,
            -0.48625504332364744
        ],
        [
            -4.566492349367346,
            -7.316761631596005,
            -0.42213273853882627
        ],
        [
            -5.452153481443977,
            -2.9613636700539008,
            -0.10046380922029097
        ],
        [
            7.15888344963933,
            6.005735155068322,
            -0.17216902780293686
        ],
        [
            -2.3571309253345074,
            4.286975378666327,
            -0.4870744759059108
        ]
    ],
    "nodes": [
        1,
        1,
        3,
        3,
        3,
        3
    ],
    "scene": 2
}