{
    "centers": [
        [
            4.121141629746107,
            -8.372021228456818,
            -0.43843373085458154
        ],
        [
            0.48085934732255,
            4.3889201215117986,
            -0.33695282303778284
        ],
        [
            -7.347379086200975,
            0.4770249808690856,
            -0.4112304103248598
        ],
        [
            -4.18797004479276,
            -1.2690655988580346,
            -0.2288890874210266
        ],
        [
            3.3103738177217696,
            7.533961581634163,
            -0.3884442136116789
        ]
    ],
    "nodes": [
        1,
        1,
        3,
        3,
        3
    ],
    "scene": 2
}