{
    "centers": [
        [
            1.2345058525006678,
            -8.211558460947595,
            -0.12567448636693979
        ],
        [
            9.886726286984235,
            3.3740225565637356,
            -0.25436173701437353
        ],
        [
            2.9847206782188813,
            -2.9798760126911734,
            -0.49533783535487436
        ],
        [
            -7.529217283001461,
            1.1020976319319402,
            -0.19556419109704737
        ],
        [
            -5.956258006954103,
            9.414104566318873,
            -0.25279102179149404
        ]
    ],
    "nodes": [
        1,
        3,
        3,
        3,
        3
    ],
    "scene": 2
}