{
    "centers": [
        [
            -9.311813269768749,
            -4.184493300760003,
            -0.2717569868903409
        ],
        [
            -4.712810267454799,
            -5.2198156865726535,
            -0.3894452225905461
        ],
        [
            5.580425230291979,
            0.3667115872894371,
            -0.2335981795705377
        ]
    ],
    "nodes": [
        1,
        3,
        3
    ],
    "scene": 2
}