{
    "centers": [
        [
            -5.7703391792323515,
            -2.163775113379365,
            -0.35220882922179897
        ],
        [
            0.7441058679532109,
            -9.394122298070368,
            -0.4714036698827878
        ],
        [
            5.162621721984351,
            -0.5718832599261567,
            -0.18633647850274038
        ],
        [
            -8.876670444648662,
            2.198718955074085,
            -0.18810305050450948
        ],
        [
            9.367659316669798,
            8.909792829740205,
            -0.14425377894450986
        ]
    ],
    "nodes": [
        1,
        3,
        3,
        3,
        3
    ],
    "scene": 2
}