{
    "centers": [
        [
            8.997503216269806,
            -8.660532423039795,
            -0.411112702964166
        ],
        [
            -0.5099634493387271,
            1.9415215747981502,
            -0.47660530409708085
        ],
        [
            3.389138427244088,
            -6.0249218495513235,
            -0.1510758879754288
        ],
        [
            6.6062759481398174,
            8.762494020073795,
            -0.2642151836562737
        ],
        [
            5.937850452822925,
            -4.080638820128771,
            -0.1406094565828826
        ],
        [
            -7.6124535084675475,
            -5.352358185386834,
            -0.3420678783333621
        ]
    ],
    "nodes": [
        1,
        1,
        3,
        3,
        3,
        3
    ],
    "scene": 2
}