{
    "centers": [
        [
            -3.400747742748889,
            1.8847734865951633,
            -0.46541480805001473
        ],
        [
            -5.874239867915789,
            -3.167631717048474,
            -0.4825460211216382
        ],
        [
            -7.655623894848526,
            5.533900359628172,
            -0.4224420318375365
        ],
        [
            3.239558899507447,
            7.885577095791348,
            -0.12351776992418673
        ],
        [
            -8.344885071649779,
            -1.0137416387400222,
            -0.2937496658441564
        ],
        [
            4.383092840071445,
            -2.1088714633943155,
            -0.28229104567643437
        ]
    ],
    "nodes": [
        1,
        1,
        3,
        3,
        3,
        3
    ],
    "scene": 2
}