{
    "centers": [
        [
            -0.9902635687986177,
            -9.64514426499953,
            -0.34515642309313777
        ],
        [
            -6.835659735388681,
            3.544780174802222,
            -0.40455579634763306
        ],
        [
            -0.2760380622201666,
            9.027231754170092,
            -0.1187603465460082
        ],
        [
            3.6834365211458024,
            -7.202706040133016,
            -0.11736798151633582
        ]
    ],
    "nodes": [
        1,
        1,
        3,
        3
    ],
    "scene": 2
}