{
    "centers": [
        [
            -0.14803649566027843,
            8.568573062310644,
            -0.2032717968782079
        ],
        [
            9.017117920146806,
            5.7660814238422216,
            -0.2810139149785198
        ],
        [
            5.366468912029909,
            -0.7531863140195032,
            -0.39584677112329675
        ]
    ],
    "nodes": [
        1,
        3,
        3
    ],
    "scene": 2
}