{
    "centers": [
        [
            -6.750147524345076,
            -1.4647654705812414,
            -0.34120586120382373
        ],
        [
            8.35318924992636,
            5.284029182556754,
            -0.46708943074098136
        ],
        [
            -4.097168023598607,
            7.769711661712854,
            -0.24920190370268192
        ]
    ],
    "nodes": [
        1,
        3,
        3
    ],
    "scene": 2
}