{
    "centers": [
        [
            2.0015754716068628,
            -0.12902710842766751,
            -0.4816269933844538
        ],
        [
            4.409058523019116,
            -7.601294453185961,
            -0.3244642451119766
        ],
        [
            3.23845785197439,
            5.011975971418224,
            -0.3533540138233101
        ],
        [
            -8.416756892976018,
            1.4711653989252618,
            -0.34390193059136764
        ]
    ],
    "nodes": [
        1,
        1,
        3,
        3
    ],
    "scene": 2
}