{
    "centers": [
        [
            -6.647009173059065,
            9.583535819024,
            -0.49092209477302334
        ],
        [
            3.5976076358946845,
            8.138402231710511,
            -0.22163468485269489
        ],
        [
            -5.202358023686071,
            -1.3863804374410353,
            -0.17129842492149022
        ],
        [
            9.710649236960556,
            -8.985558921374482,
            -0.2519839928537183
        ],
        [
            -2.135040607685128,
            -3.5012849915754334,
            -0.4062406060669631
        ]
    ],
    "nodes": [
        1,
        1,
        3,
        3,
        3
    ],
    "scene": 2
}