{
    "centers": [
        [
            3.211276390564109,
            1.8988392201074138,
            -0.19892814125005676
        ],
        [
            -0.45593906269476747,
            5.3065464592862135,
            -0.4393128967435237
        ],
        [
            -6.917133523717047,
            -6.737889970343445,
            -0.3666070155008523
        ],
        [
            4.41033733476549,
            -6.015783553223213,
            -0.4493864722547324
        ]
    ],
    "nodes": [
        1,
        3,
        3,
        3
    ],
    "scene": 2
}