{
    "centers": [
        [
            -1.4170477356618232,
            3.107592854972154,
            -0.40988067233278774
        ],
        [
            6.230290139519763,
            -0.7096979889125059,
            -0.3395781335772238
        ],
        [
            7.640830493125566,
            7.1240019993717425,
            -0.38062522765767387
        ]
    ],
    "nodes": [
        1,
        3,
        3
    ],
    "scene": 2
}