{
    "centers": [
        [
            -0.36888992173190616,
            -8.095483845427975,
            -0.3908856734825878
        ],
        [
            9.818367073359028,
            6.825932360476891,
            -0.1862671615143645
        ],
        [
            6.7203996266688755,
            9.413074106029125,
            -0.2562164516155614
        ],
        [
            -2.1685301339050085,
            3.0014563562415564,
            -0.15504123581506052
        ]
    ],
    "nodes": [
        1,
        1,
        3,
        3
    ],
    "scene": 2
}