{
    "centers": [
        [
            -5.904743520836839,
            -6.595063333365503,
            -0.4953545920764672
        ],
        [
            2.7479710940014783,
            5.103718099795005,
            -0.13831957538213202
        ],
        [
            8.929240524277844,
            -2.2863564593610324,
            -0.1271430364288716
        ],
        [
            -0.25576099657514284,
            7.054814805116198,
            -0.3931394907406026
        ]
    ],
    "nodes": [
        1,
        3,
        3,
        3
    ],
    "scene": 2
}