{
    "centers": [
        [
            -3.6998613124222635,
            9.185968344053755,
            -0.4492754859936582
        ],
        [
            7.384963653468148,
            5.923207755995941,
            -0.11703279050482207
        ],
        [
            1.1775197000632698,
            3.18331321752429,
            -0.11732460472356959
        ],
        [
            -6.177627394801357,
            -7.900901144827239,
            -0.4003517294146277
        ]
    ],
    "nodes": [
        1,
        3,
        3,
        3
    ],
    "scene": 2
}