{
    "centers": [
        [
            4.784236843102178,
            -6.4166369064115685,
            -0.1836564097848653
        ],
        [
            5.750049686650669,
            -9.708422824353269,
            -0.41970924632372075
        ],
        [
            2.563147020980722,
            -2.8209549774297766,
            -0.30149810874704003
        ],
        [
            8.300761317989334,
            9.970147005968677,
            -0.26500405245520525
        ]
    ],
    "nodes": [
        1,
        1,
        3,
        3
    ],
    "scene": 2
}