{
    "centers": [
        [
            7.97930075616183,
            -1.4713990525092626,
            -0.2953277207595606
        ],
        [
            4.551821878777076,
            1.9077167995950202,
            -0.48477296918129476
        ],
        [
            -9.573065434459716,
            -5.115219925177572,
            -0.49577808602150264
        ],
        [
            2.441929176240606,
            -8.243927906597328,
            -0.2621440701831377
        ]
    ],
    "nodes": [
        1,
        3,
        3,
        3
    ],
    "scene": 2
}