{
    "centers": [
        [
            -4.7508357797093055,
            -4.436392720419584,
            -0.24270351580149302
        ],
        [
            8.987390369503228,
            -2.2846623079870803,
            -0.44135853017705406
        ],
        [
            7.617520284466043,
            -8.205996176704666,
            -0.1515532280395131
        ],
        [
            -7.864146201519935,
            9.634132355149944,
            -0.32855715045905254
        ],
        [
            -1.394050114082992,
            7.2774479627059705,
            -0.11717037684139914
        ]
    ],
    "nodes": [
        1,
        3,
        3,
        3,
        3
    ],
    "scene": 2
}