{
    "centers": [
        [
            -8.527318493836022,
            5.505724430855993,
            -0.48630980482877667
        ],
        [
            -5.3253962344263766,
            3.6838746341889816,
            -0.25505328919463555
        ],
        [
            1.7122607870491393,
            -9.84074938105329,
            -0.4513234650496783
        ],
        [
            0.36398895819466937,
            -7.581843306266178,
            -0.37801165152951666
        ]
    ],
    "nodes": [
        1,
        1,
        3,
        3
    ],
    "scene": 2
}