{
    "centers": [
        [
            2.761916043193551,
            7.891359211447238,
            -0.2634902055849627
        ],
        [
            -6.725674717914682,
            5.347381922285862,
            -0.44513312361589175
        ],
        [
            -3.330802622338447,
            3.264072982873058,
            -0.30740540154550117
        ]
    ],
    "nodes": [
        1,
        3,
        3
    ],
    "scene": 2
}