{
    "centers": [
        [
            6.534656182945724,
            8.419933828058927,
            -0.4520919253337298
        ],
        [
            7.599058985267202,
            -0.5557560023716146,
            -0.4645579540796591
        ],
        [
            -5.993467216083865,
            9.61272541071537,
            -0.11211357868043248
        ]
    ],
    "nodes": [
        1,
        3,
        3
    ],
    "scene": 2
}