{
    "centers": [
        [
            1.5685030615708477,
            -0.9689660953674277,
            -0.27979000371190804
        ],
        [
            -0.17673396213725923,
            -7.309343119728638,
            -0.27640445330190266
        ],
        [
            -2.8530756893425036,
            -9.553660414839849,
            -0.474881234624495
        ],
        [
            4.081388288357523,
            6.17946312913125,
            -0.393141970159417
        ],
        [
            -9.018557246217686,
            7.21426046898641,
            -0.33400441009340165
        ]
    ],
    "nodes": [
        1,
        1,
        3,
        3,
        3
    ],
    "scene": 2
}