{
    "centers": [
        [
            -9.493657374794054,
            8.08793219192739,
            -0.163183697293525
        ],
        [
            1.0154443558719137,
            4.245691715100008,
            -0.49887369176076524
        ],
        [
            -2.8074033482453853,
            -0.7160202504794917,
            -0.20492899337640985
        ],
        [
            2.3996536311002963,
            5.101449278024573,
            -0.2247182697735799
        ],
        [
            -0.16503902070692966,
            -2.2801890986903572,
            -0.36059392863843764
        ]
    ],
    "nodes": [
        1,
        3,
        3,
        3,
        3
    ],
    "scene": 2
}