{
    "centers": [
        [
            -5.081825635588666,
            8.021806011135101,
            -0.2746626578207507
        ],
        [
            4.8438285878823155,
            -9.2741833641274,
            -0.42736479915556963
        ],
        [
            -0.12083439740638369,
            -2.4757077119708404,
            -0.3528302406405822
        ],
        [
            -1.4363401573108252,
            1.4532845644608106,
            -0.44890780951291204
        ]
    ],
    "nodes": [
        1,
        3,
        3,
        3
    ],
    "scene": 2
}