{
    "centers": [
        [
            -9.361232430114834,
            0.3578999159463798,
            -0.32029766405459414
        ],
        [
            -2.2814127361156373,
            2.309187437439185,
            -0.2265802508438544
        ],
        [
            -1.141746209773796,
            -4.29288419485903,
            -0.3278425458944924
        ],
        [
            0.3601874759374546,
            -1.4284745165665775,
            -0.41050081010091277
        ]
    ],
    "nodes": [
        1,
        1,
        3,
        3
    ],
    "scene": 2
}