{
    "centers": [
        [
            4.015065924735101,
            -5.747681549830414,
            -0.4645601659470103
        ],
        [
            -2.541073431420198,
            -8.781489007177525,
            -0.11587367389659514
        ],
        [
            7.7693003570799135,
            -0.11857633789734834,
            -0.20342255082129418
        ],
        [
            0.33949231901748256,
            4.109307644065986,
            -0.40241456091966915
        ],
        [
            -9.68152612361742,
            2.1341195261300427,
            -0.2988401491579469
        ],
        [
            -7.429103411462239,
            6.062880705668377,
            -0.10571488405994128
        ]
    ],
    "nodes": [
        1,
        1,
        3,
        3,
        3,
        3
    ],
    "scene": 2
}