{
    "centers": [
        [
            4.548265496436716,
            2.988984262080196,
            -0.46562449124132105
        ],
        [
            -9.120491721312616,
            -4.54208863859459,
            -0.40800185386663645
        ],
        [
            -4.655127437621019,
            -2.9620352188559114,
            -0.40096984720977275
        ],
        [
            -8.176667130951003,
            7.526242423097546,
            -0.2832744827047075
        ]
    ],
    "nodes": [
        1,
        3,
        3,
        3
    ],
    "scene": 2
}