{
    "centers": [
        [
            -4.248798815536974,
            1.0627176585585296,
            -0.43139716882087575
        ],
        [
            4.089346280454414,
            -4.928722105473273,
            -0.13978363336789185
        ],
        [
            1.0858698905450872,
            -3.2590181827669333,
            -0.22401577120878824
        ],
        [
            -1.5962143320752773,
            -5.9789923412188495,
            -0.25120059344562484
        ],
        [
            1.9497405439474846,
            9.361247371642222,
            -0.2337028320411612
        ]
    ],
    "nodes": [
        1,
        3,
        3,
        3,
        3
    ],
    "scene": 2
}