{
    "centers": [
        [
            -1.5890720021702407,
            -6.625651478683623,
            -0.4965263207900261
        ],
        [
            2.1620273526424647,
            9.873760649079987,
            -0.10193868326232841
        ],
        [
            -0.8059672775884419,
            -9.857044944193198,
            -0.4978706625467244
        ],
        [
            9.047917394690415,
            4.57124337383426,
            -0.3239200059117552
        ],
        [
            -8.533516157507094,
            2.0817742717615566,
            -0.35359151584861304
        ],
        [
            -9.55701947166542,
            -2.8107984874777063,
            -0.45421274227414066
        ]
    ],
    "nodes": [
        1,
        1,
        3,
        3,
        3,
        3
    ],
    "scene": 2
}