{
    "centers": [
        [
            -9.844429531898697,
            5.649557956305609,
            -0.38308721369756127
        ],
        [
            -0.5865540591300107,
            -1.725982353520994,
            -0.31305182531675313
        ],
        [
            -8.430371352118485,
            -8.244914691480549,
            -0.38255631936142376
        ],
        [
            1.9801767240292012,
            -6.010029693484638,
            -0.2928075254150335
        ],
        [
            -5.724479104843274,
            4.730215381984696,
            -0.1181533643054326
        ]
    ],
    "nodes": [
        3,
        3,
        3,
        3,
        3
    ],
    "scene": 0
}