{
    "centers": [
        [
            7.75699931183884,
            -5.527772539832812,
            -0.3847336317202316
        ],
        [
            -9.412065714191913,
            7.90228034348868,
            -0.38263905321162833
        ],
        [
            0.7537175514127785,
            3.4069316320449516,
            -0.49082803206275566
        ],
        [
            5.15108516626996,
            -8.917637226237161,
            -0.23397562267968347
        ],
        [
            -0.23300653487194367,
            5.610000425766291,
            -0.23462476670702714
        ],
        [
            9.345329158264548,
            8.97134925056423,
            -0.27977214448654747
        ]
    ],
    "nodes": [
        1,
        1,
        3,
        3,
        3,
        3
    ],
    "scene": 2
}