{
    "centers": [
        [
            0.07044187619944609,
            1.2238479184095574,
            -0.36264937518315266
        ],
        [
            8.71778782871808,
            3.9601719861388887,
            -0.18055603368335182
        ],
        [
            -1.6514962847810502,
            5.8794709931342055,
            -0.3307039507884747
        ],
        [
            9.99538585871727,
            8.369773093092,
            -0.11017982339310484
        ],
        [
            2.408336075910926,
            -2.2348342175458775,
            -0.10659384980929232
        ]
    ],
    "nodes": [
        1,
        1,
        3,
        3,
        3
    ],
    "scene": 2
}