{
    "centers": [
        [
            5.500746973566045,
            8.052233713027587,
            -0.3331134939756
        ],
        [
            -2.0222339388409694,
            -2.877518228060052,
            -0.43733908723985226
        ],
        [
            6.8648541157499885,
            8.824507002654048,
            -0.28347567451071765
        ],
        [
            7.628391194211957,
            -1.4976588535844186,
            -0.46698062538886226
        ],
        [
            -9.280837847755134,
            2.3968718217717147,
            -0.4972544880787374
        ]
    ],
    "nodes": [
        1,
        1,
        3,
        3,
        3
    ],
    "scene": 2
}