{
    "centers": [
        [
            5.12937893953092,
            -2.2912196774596065,
            -0.2202499465686461
        ],
        [
            -6.401777007145924,
            4.059930458868568,
            -0.16031390715845134
        ],
        [
            8.867802640523628,
            8.95388755281293,
            -0.2720397610540246
        ],
        [
            -4.401528605712586,
            -9.067693118336004,
            -0.35738294678363663
        ],
        [
            -8.677537793156048,
            -8.235568008008054,
            -0.2464982834286129
        ],
        [
            9.996166607539333,
            2.8619067636475197,
            -0.24386539662970524
        ]
    ],
    "nodes": [
        1,
        1,
        3,
        3,
        3,
        3
    ],
    "scene": 2
}