{
    "centers": [
        [
            -4.882588150839206,
            -9.216567017899234,
            -0.42381312848976094
        ],
        [
            -5.865806165062811,
            -8.28089701103854,
            -0.15150212871529672
        ],
        [
            8.43384484145059,
            -7.4445971756888385,
            -0.48099163120388844
        ],
        [
            -9.070127555347893,
            2.463195854968788,
            -0.14884429066615112
        ]
    ],
    "nodes": [
        1,
        1,
        3,
        3
    ],
    "scene": 2
}