{
    "centers": [
        [
            4.803126779075523,
            -5.391797539217318,
            -0.24593614582902334
        ],
        [
            8.761981910805055,
            -3.7758525244285,
            -0.12173176652383472
        ],
        [
            -1.375441033600504,
            -2.7921520977717673,
            -0.4185691255665548
        ],
        [
            -8.303739911796741,
            -7.368174178494982,
            -0.47242191497639296
        ]
    ],
    "nodes": [
        1,
        1,
        3,
        3
    ],
    "scene": 2
}