{
    "centers": [
        [
            4.8651294692355656,
            3.9891419523592546,
            -0.3047599770407343
        ],
        [
            8.752973035267669,
            -9.799350142389383,
            -0.33466366124072633
        ],
        [
            6.518862857119128,
            6.915053804215635,
            -0.13992280488917214
        ]
    ],
    "nodes": [
        1,
        3,
        3
    ],
    "scene": 2
}