{
    "centers": [
        [
            9.769493140326873,
            7.299620409610689,
            -0.10233543335582757
        ],
        [
            6.542975955310162,
            -5.448579578604349,
            -0.397844726295106
        ],
        [
            -2.903151329929699,
            3.65707420197619,
            -0.2703329262908527
        ],
        [
            5.357268246990667,
            -3.1761791181440184,
            -0.18793708716569402
        ]
    ],
    "nodes": [
        1,
        1,
        3,
        3
    ],
    "scene": 2
}