{
    "centers": [
        [
            -1.724954214393847,
            8.336706038077018,
            -0.12647201518381157
        ],
        [
            4.780573294495145,
            5.231297152879462,
            -0.2187665168483523
        ],
        [
            7.549649464991809,
            -3.2560977999784786,
            -0.16553387715496704
        ],
        [
            9.145493956914752,
            9.276256874798115,
            -0.15853341325022863
        ],
        [
            1.3648539620700824,
            -1.9597079621447993,
            -0.15279482668389605
        ],
        [
            -9.422684683223832,
            -5.940295458857012,
            -0.3766042589115693
        ]
    ],
    "nodes": [
        1,
        1,
        3,
        3,
        3,
        3
    ],
    "scene": 2
}