{
    "centers": [
        [
            2.679794128753233,
            2.205440723678061,
            -0.2729086226041846
        ],
        [
            6.2715631385042165,
            -6.308335160082345,
            -0.47059246002000354
        ],
        [
            4.903859345299235,
            -3.3350933046790203,
            -0.10344368774563073
        ],
        [
            3.5481878627006207,
            8.501357665559212,
            -0.13682348865415023
        ]
    ],
    "nodes": [
        1,
        1,
        3,
        3
    ],
    "scene": 2
}