{
    "centers": [
        [
            -4.42930366690266,
            -5.834019886229904,
            -0.23821809291779938
        ],
        [
            3.621602766653435,
            -7.032609203039808,
            -0.4270726813900568
        ],
        [
            -6.452389874392852,
            -2.3159934072886053,
            -0.43553428873972055
        ],
        [
            6.626072476666131,
            -4.420855215432631,
            -0.2333556074758541
        ]
    ],
    "nodes": [
        1,
        1,
        3,
        3
    ],
    "scene": 2
}