{
    "centers": [
        [
            -8.310263115842423,
            0.05719279845510172,
            -0.42561682226862385
        ],
        [
            -6.900074241939825,
            -3.8773153648295526,
            -0.48086982528120537
        ],
        [
            9.946469886814771,
            2.47179741676395,
            -0.37197596728407234
        ],
        [
            3.7975810631417772,
            -8.948779998682603,
            -0.2342519788926492
        ],
        [
            6.557271181401067,
            -5.5306260075054725,
            -0.43552763899328517
        ]
    ],
    "nodes": [
        1,
        1,
        3,
        3,
        3
    ],
    "scene": 2
}