{
    "centers": [
        [
            -6.0833035457752205,
            7.004088391306823,
            -0.3103540666085751
        ],
        [
            -8.893126398317165,
            -8.966736490914343,
            -0.39305457488030326
        ],
        [
            -8.149103622491069,
            9.750906549531571,
            -0.3345959151027242
        ],
        [
            -2.446235950829805,
            -6.894556592845936,
            -0.28811470809209994
        ]
    ],
    "nodes": [
        1,
        3,
        3,
        3
    ],
    "scene": 2
}