{
    "centers": [
        [
            8.095695749463925,
            -9.713532586142364,
            -0.4591404156687632
        ],
        [
            9.382516457939232,
            2.481475030193309,
            -0.13341903331136296
        ],
        [
            6.100970838657322,
            1.4984272761235786,
            -0.12407459028473189
        ],
        [
            -2.961109667393071,
            -1.2728154182069513,
            -0.26596087004440283
        ],
        [
            -9.443458510468872,
            6.629749606617171,
            -0.1682227518252437
        ],
        [
            -8.61629803570545,
            -0.038337274294303114,
            -0.46496058949466484
        ]
    ],
    "nodes": [
        1,
        3,
        3,
        3,
        3,
        3
    ],
    "scene": 3
}