{
    "centers": [
        [
            -3.3058926536751017,
            2.6207104145704747,
            -0.23188902966797448
        ],
        [
            2.773012449738058,
            -9.34201025933519,
            -0.17705252141215855
        ],
        [
            -9.580918481374606,
            1.8449264293755103,
            -0.14629990806019572
        ],
        [
            9.363432324969025,
            9.306631326868569,
            -0.30289163986756973
        ],
        [
            7.341860602754011,
            -1.2763008186958622,
            -0.2667163782144837
        ],
        [
            9.98192257911753,
            4.858678338753839,
            -0.48242161887693397
        ],
        [
            -1.507242737981798,
            -1.910163351109178,
            -0.3377523889061304
        ],
        [
            5.196036755928553,
            8.658713461296685,
            -0.14919724564486153
        ],
        [
            -2.3054554772373193,
            8.014504129315249,
            -0.24857819957896665
        ]
    ],
    "nodes": [
        1,
        3,
        3,
        3,
        3,
        3,
        3,
        3,
        3
    ],
    "scene": 3
}