{
    "centers": [
        [
            -9.023898403025301,
            -5.914513862272324,
            -0.3093660082504363
        ],
        [
            4.200803043184445,
            5.973974812708747,
            -0.4782187865472607
        ],
        [
            1.0492530224272016,
            -5.091791464102158,
            -0.3030805259579038
        ],
        [
            8.108459926163704,
            3.4002886260381366,
            -0.3068725072761007
        ],
        [
            -2.05533789181543,
            1.7381944339064699,
            -0.2541784600425513
        ],
        [
            -4.76499314743815,
            8.738838473056184,
            -0.47060849717580416
        ],
        [
            6.3967308830023555,
            -8.103131049583103,
            -0.3080774495732596
        ]
    ],
    "nodes": [
        1,
        3,
        3,
        3,
        3,
        3,
        3
    ],
    "scene": 3
}