{
    "centers": [
        [
            -0.6821322689292977,
            -0.970998589292094,
            -0.44357686953183395
        ],
        [
            -4.9605453011194385,
            -8.365598853234296,
            -0.193260306884119
        ],
        [
            -4.19844893446607,
            -5.828619281138849,
            -0.39530000628815015
        ],
        [
            3.0064077772163227,
            9.095379755756653,
            -0.4530877862588158
        ],
        [
            -9.465789140312626,
            4.924418851969586,
            -0.4990070446163052
        ],
        [
            7.795624143631667,
            -4.815011023767656,
            -0.35213492539014285
        ],
        [
            -2.931131628806698,
            -1.8342862133903548,
            -0.1378528730978421
        ],
        [
            -7.928397358749743,
            -8.999959730046942,
            -0.3305026383087162
        ]
    ],
    "nodes": [
        1,
        3,
        3,
        3,
        3,
        3,
        3,
        3
    ],
    "scene": 3
}