{
    "centers": [
        [
            -1.5277365887134309,
            -2.756966413691684,
            -0.10040644424587691
        ],
        [
            8.070717022197687,
            0.49659974604344903,
            -0.36536246614681434
        ],
        [
            -4.569045505317004,
            7.776786358821745,
            -0.3354091079895263
        ],
        [
            -8.960698309300803,
            -5.242042931840163,
            -0.2645665659621209
        ],
        [
            -0.2698304716716571,
            -9.855624290518936,
            -0.10756666759867523
        ],
        [
            4.043022396171308,
            2.83499923271628,
            -0.34316743231946933
        ],
        [
            -2.476289490428849,
            1.6215948267241647,
            -0.16875446057980592
        ],
        [
            6.416950497240446,
            9.52937029736001,
            -0.4621847297302227
        ],
        [
            2.4615005229178024,
            -3.9166547564121963,
            -0.40490298115998524
        ]
    ],
    "nodes": [
        1,
        3,
        3,
        3,
        3,
        3,
        3,
        3,
        3
    ],
    "scene": 3
}