{
    "centers": [
        [
            -4.093197554069999,
            1.915945029965462,
            -0.4917849194477203
        ],
        [
            -9.8201463731424,
            9.387813829576341,
            -0.40693430560822
        ],
        [
            -6.563095962452525,
            5.576844469127959,
            -0.18688891355136783
        ],
        [
            -5.026751804815683,
            7.343778247886906,
            -0.45989635043493415
        ],
        [
            0.1382667248626852,
            -6.703221495502074,
            -0.4253155768750972
        ]
    ],
    "nodes": [
        1,
        3,
        3,
        3,
        3
    ],
    "scene": 3
}