{
    "centers": [
        [
            -0.315148120007569,
            -1.648234052022259,
            -0.10774588722594325
        ],
        [
            6.4343314461400105,
            7.365487058920383,
            -0.1573812642170106
        ],
        [
            4.898256332002596,
            9.053636390466526,
            -0.13385903035323965
        ],
        [
            -1.5528655177391766,
            -0.7718320015090097,
            -0.24392971740395847
        ],
        [
            -4.925296470772387,
            -8.935842431110375,
            -0.48563321447028474
        ],
        [
            4.079646776972169,
            6.248983449900436,
            -0.34566845750802866
        ],
        [
            3.3923819119033443,
            9.983903553800854,
            -0.34386986614539694
        ],
        [
            7.7329371932071105,
            -7.89043919349798,
            -0.14613172569597266
        ],
        [
            -7.694259408332069,
            1.7416038489470598,
            -0.10276649615453004
        ],
        [
            2.457083647950359,
            5.035694327617982,
            -0.10671788633514134
        ]
    ],
    "nodes": [
        1,
        3,
        3,
        3,
        3,
        3,
        3,
        3,
        3,
        3
    ],
    "scene": 3
}