{
    "centers": [
        [
            -4.256605502215692,
            -8.103069779501727,
            -0.4738726655749898
        ],
        [
            -6.780415416089425,
            -8.917075891467627,
            -0.36547957279002274
        ],
        [
            4.900250096384491,
            6.936511950949729,
            -0.1612040871645235
        ],
        [
            5.514020150733698,
            8.455527805046867,
            -0.39170686800757476
        ],
        [
            2.7940942373471973,
            3.3071311048797174,
            -0.424756042498896
        ]
    ],
    "nodes": [
        1,
        3,
        3,
        3,
        3
    ],
    "scene": 3
}