{
    "centers": [
        [
            -3.805131014171856,
            7.279661734484783,
            -0.17932901767456355
        ],
        [
            7.87041509454583,
            -1.3997063199628368,
            -0.24711602923980674
        ],
        [
            9.874496292783228,
            -8.075584976020062,
            -0.2961830787548262
        ],
        [
            3.28441914136215,
            1.5061227063752547,
            -0.361347145378659
        ],
        [
            -6.356577351896577,
            -6.8316648030727585,
            -0.31920123198591827
        ],
        [
            -1.2401956255300348,
            4.778102070503378,
            -0.4212306052895852
        ],
        [
            4.856714859224059,
            5.578035586123601,
            -0.13799633421229285
        ]
    ],
    "nodes": [
        1,
        3,
        3,
        3,
        3,
        3,
        3
    ],
    "scene": 3
}