{
    "centers": [
        [
            -3.030197904890704,
            -4.918088722597879,
            -0.4137971409484952
        ],
        [
            -5.777588820917701,
            -7.692047444594139,
            -0.20806101933115728
        ],
        [
            -0.19747779919440767,
            -3.2101384226886864,
            -0.4122877553693041
        ],
        [
            5.830136391389054,
            6.702509725249659,
            -0.4031261518681398
        ],
        [
            -5.1151858973589555,
            2.835436430141913,
            -0.3858670035645868
        ]
    ],
    "nodes": [
        1,
        3,
        3,
        3,
        3
    ],
    "scene": 3
}