{
    "centers": [
        [
            -3.250054879804434,
            7.149364630553482,
            -0.1250771644170685
        ],
        [
            -0.41814459703901896,
            -6.888156201658921,
            -0.4179470307433369
        ],
        [
            4.481193167925461,
            -1.434473071538168,
            -0.3312480988326215
        ],
        [
            -2.031346780267695,
            -9.316222267015304,
            -0.4220363118344058
        ],
        [
            -6.75383114001259,
            -8.28639924625753,
            -0.15982675271952845
        ],
        [
            1.910899265177001,
            3.315065172497709,
            -0.1389216023650779
        ],
        [
            5.453658280913086,
            1.4707426224566156,
            -0.24179626980921348
        ]
    ],
    "nodes": [
        1,
        3,
        3,
        3,
        3,
        3,
        3
    ],
    "scene": 3
}