{
    "centers": [
        [
            -3.237401679497454,
            2.301447264515957,
            -0.45951628836429737
        ],
        [
            7.195850443964904,
            6.7565195459461656,
            -0.49052430284582044
        ],
        [
            0.2342996536152775,
            8.370302516122912,
            -0.2312373425789241
        ],
        [
            -9.419070103803076,
            -3.9922615856111543,
            -0.38024379766029026
        ],
        [
            -0.46291255134338805,
            3.0864973888371576,
            -0.1510483012463879
        ],
        [
            -5.911471215864097,
            0.5519654577579391,
            -0.35052418554133913
        ],
        [
            6.403359507286385,
            -0.31506326143946595,
            -0.27361696002740205
        ],
        [
            -7.61639495463317,
            -4.669539231009119,
            -0.4595797884643307
        ]
    ],
    "nodes": [
        1,
        3,
        3,
        3,
        3,
        3,
        3,
        3
    ],
    "scene": 3
}