{
    "centers": [
        [
            4.751139214464544,
            7.225665485525251,
            -0.3357384746243841
        ],
        [
            -2.6460552133245496,
            -0.9493636748555403,
            -0.28725674575441207
        ],
        [
            -1.1958613092446857,
            -9.798458223247646,
            -0.2534171431044689
        ],
        [
            0.4189914973327813,
            -6.393333190979337,
            -0.27953363977716483
        ],
        [
            -9.254773997862682,
            5.209405354098349,
            -0.44278785914312946
        ],
        [
            8.583338413725667,
            2.7982186441306407,
            -0.36676958140981547
        ],
        [
            -8.39986802849931,
            -4.434774269192152,
            -0.45839901194227084
        ]
    ],
    "nodes": [
        1,
        3,
        3,
        3,
        3,
        3,
        3
    ],
    "scene": 3
}