{
    "centers": [
        [
            0.02503233929974691,
            0.31238634205254634,
            -0.3367470349192989
        ],
        [
            1.9641551991616417,
            -8.231645712305703,
            -0.21171806748789634
        ],
        [
            -6.305146689583337,
            9.007475385755125,
            -0.2549356587991879
        ],
        [
            -9.326846821048317,
            4.966297157334257,
            -0.19650150890667634
        ],
        [
            4.067138043006938,
            -3.353557571379133,
            -0.21797081513936606
        ],
        [
            9.05622787966184,
            -2.243954455253647,
            -0.1337708097514737
        ]
    ],
    "nodes": [
        1,
        3,
        3,
        3,
        3,
        3
    ],
    "scene": 3
}