{
    "centers": [
        [
            3.446915438565931,
            -5.096270067871876,
            -0.1497732697568312
        ],
        [
            -7.869822793975878,
            -7.7032820259482415,
            -0.10666237963496866
        ],
        [
            6.592698684727971,
            -1.2635791417888065,
            -0.18462539988914983
        ],
        [
            -6.757472939287861,
            8.806920230286487,
            -0.23432306191312174
        ],
        [
            0.32799382272619226,
            -8.474916813158389,
            -0.45381381156470446
        ],
        [
            8.752013273829814,
            9.863899124664655,
            -0.38684705658622215
        ]
    ],
    "nodes": [
        1,
        3,
        3,
        3,
        3,
        3
    ],
    "scene": 3
}