{
    "centers": [
        [
            -1.0490310116084185,
            -9.123513810092126,
            -0.2585919605939494
        ],
        [
            -4.931096864313423,
            6.620395308127673,
            -0.15974287549916316
        ],
        [
            0.04541143225075217,
            3.6591233133278305,
            -0.11118961705141794
        ],
        [
            5.2826883981000385,
            4.293045237823387,
            -0.48519875830434545
        ],
        [
            -3.175285821596172,
            1.7997061646100665,
            -0.37386296050982726
        ],
        [
            7.898638498236622,
            -1.4484787126732446,
            -0.41224799596144107
        ],
        [
            4.465492023087132,
            9.239583131459362,
            -0.3011697815277685
        ],
        [
            -9.224433215189512,
            -4.0106693140852805,
            -0.308276710212125
        ],
        [
            2.5331518248024043,
            -5.859636692259905,
            -0.1077565824526408
        ]
    ],
    "nodes": [
        1,
        3,
        3,
        3,
        3,
        3,
        3,
        3,
        3
    ],
    "scene": 3
}