{
    "centers": [
        [
            5.16469992297603,
            -8.092603301106038,
            -0.23589764037252242
        ],
        [
            6.506787712189169,
            -5.461354287817164,
            -0.4261181510641351
        ],
        [
            -2.6490944867408794,
            -6.24770102233609,
            -0.13654487242942037
        ],
        [
            9.931262242735468,
            -1.732329392194261,
            -0.3227335817290239
        ],
        [
            0.6433797191809383,
            0.29601765296190763,
            -0.4521453780511106
        ],
        [
            -8.505180160304986,
            6.928888382892424,
            -0.39434050911731544
        ],
        [
            2.466330882624881,
            -9.793675358988974,
            -0.15007483653370124
        ],
        [
            -0.392503557011338,
            8.939404098881937,
            -0.4308781372379862
        ],
        [
            -6.467488638002868,
            7.789141472555134,
            -0.3772920583021961
        ]
    ],
    "nodes": [
        1,
        3,
        3,
        3,
        3,
        3,
        3,
        3,
        3
    ],
    "scene": 3
}