{
    "centers": [
        [
            0.34221607932796516,
            9.331724995298703,
            -0.1448867112339267
        ],
        [
            -1.0787573508437749,
            -1.6652359383921471,
            -0.33866985272698236
        ],
        [
            8.707227103889505,
            -4.79198837698533,
            -0.29690611467954103
        ],
        [
            -9.250094974071574,
            -3.8683373041048803,
            -0.3311807210353881
        ],
        [
            7.481003571795107,
            -2.6339334449298573,
            -0.4203889447460117
        ],
        [
            -6.23715022194596,
            5.6763491822808945,
            -0.4491573943972379
        ],
        [
            5.472305182372988,
            -0.3408836790429355,
            -0.20425536750360035
        ]
    ],
    "nodes": [
        1,
        3,
        3,
        3,
        3,
        3,
        3
    ],
    "scene": 3
}