{
    "centers": [
        [
            -7.495795853322072,
            -9.76209721391902,
            -0.3193905214912304
        ],
        [
            2.8563420244645386,
            4.08472976460982,
            -0.23742350319170186
        ],
        [
            7.598671285636577,
            -9.059652900442444,
            -0.4718835185643807
        ],
        [
            -0.879212751127147,
            7.2155151121273455,
            -0.29571194967760506
        ],
        [
            -6.769665830622184,
            8.578378475315802,
            -0.4614001549577888
        ],
        [
            5.713559184753649,
            -4.647159218952521,
            -0.24598367786968317
        ],
        [
            9.20667062746482,
            -0.9944305908093991,
            -0.45740431591011393
        ],
        [
            -8.433070489239793,
            -6.875113394906165,
            -0.10698873618092619
        ],
        [
            0.8453289217831674,
            2.9594918190055868,
            -0.412101937460312
        ]
    ],
    "nodes": [
        1,
        3,
        3,
        3,
        3,
        3,
        3,
        3,
        3
    ],
    "scene": 3
}