{
    "centers": [
        [
            -3.135032214541571,
            8.298278044407276,
            -0.39275780372231356
        ],
        [
            -0.1656676886971411,
            5.029504365537701,
            -0.11419349458806621
        ],
        [
            0.7191745640358853,
            3.7443527507791465,
            -0.21970761770195024
        ],
        [
            -1.6000204416463824,
            -0.672751832520813,
            -0.4273676825488468
        ],
        [
            7.488369460223204,
            -5.241568481222421,
            -0.3563964135224573
        ],
        [
            -8.584246854817772,
            9.50499106914052,
            -0.33451286433121624
        ],
        [
            2.097723997861694,
            -7.253059511117847,
            -0.23335236930126324
        ],
        [
            6.411218824730945,
            -8.376347432095148,
            -0.46028976141280004
        ]
    ],
    "nodes": [
        1,
        3,
        3,
        3,
        3,
        3,
        3,
        3
    ],
    "scene": 3
}