{
    "centers": [
        [
            7.747367743264178,
            4.073568302372861,
            -0.3700049723154677
        ],
        [
            -0.7525939924405289,
            2.576593353099824,
            -0.2792820874448759
        ],
        [
            -8.914508314165822,
            -3.546289261630136,
            -0.4209541284107109
        ],
        [
            -6.369824764732723,
            -5.501247606179347,
            -0.30787124211447203
        ],
        [
            -1.9919116961505665,
            -6.269337074964964,
            -0.3794593738784612
        ],
        [
            4.852349856067947,
            -2.845414680943108,
            -0.26697764974281724
        ],
        [
            -4.694200440153482,
            6.7841393177923806,
            -0.4195938013034194
        ],
        [
            -3.8757222615283826,
            3.352604895541436,
            -0.23402107684426526
        ]
    ],
    "nodes": [
        1,
        3,
        3,
        3,
        3,
        3,
        3,
        3
    ],
    "scene": 3
}