{
    "centers": [
        [
            3.8064838042203064,
            4.031562001454125,
            -0.13554028510253674
        ],
        [
            2.968013527046976,
            -6.601098906749002,
            -0.13173016037594865
        ],
        [
            -3.1028067738049314,
            9.448407131591058,
            -0.18935662287123295
        ],
        [
            -9.332763407691381,
            -1.5890280471635183,
            -0.10463414824415818
        ],
        [
            8.78512388708138,
            -2.721085056414367,
            -0.3270786863887844
        ],
        [
            -0.5611654873675569,
            -7.413258700293673,
            -0.4417607516869554
        ],
        [
            -9.934119159770622,
            -9.072524541475302,
            -0.35567917410723515
        ]
    ],
    "nodes": [
        1,
        3,
        3,
        3,
        3,
        3,
        3
    ],
    "scene": 3
}