{
    "centers": [
        [
            -9.601810873625674,
            7.833618266207246,
            -0.39848418587269235
        ],
        [
            -2.4322672024121417,
            0.12183329125795517,
            -0.10574443551136692
        ],
        [
            -6.69159635162276,
            3.1273949970129618,
            -0.36126357878603177
        ],
        [
            4.324891258903492,
            5.203184366308005,
            -0.3768503317858221
        ],
        [
            2.6549834757922515,
            7.1074538140546935,
            -0.4051031413951495
        ],
        [
            7.053362660604783,
            -4.601561680022779,
            -0.4101187571061578
        ]
    ],
    "nodes": [
        1,
        3,
        3,
        3,
        3,
        3
    ],
    "scene": 3
}