{
    "centers": [
        [
            4.6456184878144295,
            6.374970725652101,
            -0.19865717931162735
        ],
        [
            8.182110734141958,
            0.4487249617254072,
            -0.3578071602278216
        ],
        [
            -8.328950868742645,
            3.2863427397794283,
            -0.2810725728554856
        ],
        [
            0.43632019319151105,
            -5.329328710359775,
            -0.45415028675372937
        ],
        [
            -1.973071140830216,
            4.038284352672157,
            -0.12859934494901654
        ],
        [
            -4.430608106905474,
            -8.424184838477489,
            -0.2697730384183811
        ]
    ],
    "nodes": [
        1,
        3,
        3,
        3,
        3,
        3
    ],
    "scene": 3
}