{
    "centers": [
        [
            -3.66852933908544,
            -6.595196113491459,
            -0.48839708724522324
        ],
        [
            -8.493551022057504,
            7.378379697306908,
            -0.1475835514072018
        ],
        [
            -0.6527281242983989,
            2.145319001830387,
            -0.1018361237089675
        ],
        [
            -2.267656464283297,
            4.231761884261411,
            -0.47153614750919004
        ],
        [
            7.5865209998138035,
            3.1663189423573854,
            -0.3791796057094035
        ]
    ],
    "nodes": [
        1,
        3,
        3,
        3,
        3
    ],
    "scene": 3
}