{
    "centers": [
        [
            0.8877584607412299,
            4.5160089356894435,
            -0.10510984871371393
        ],
        [
            -6.253976657160116,
            6.675033584322435,
            -0.31535031747240405
        ],
        [
            -8.508884362673207,
            -9.698563122677651,
            -0.4408626166645811
        ],
        [
            4.331581834490363,
            -3.9629250343519695,
            -0.24801394292633355
        ],
        [
            8.351569690750551,
            3.321846408496615,
            -0.3012271859804154
        ],
        [
            2.369033369827795,
            -1.92587090869055,
            -0.4794973550721932
        ],
        [
            4.980296243522471,
            -7.693743282864385,
            -0.4904655918234356
        ],
        [
            -1.147563811883348,
            -8.854172294345616,
            -0.4064371364250535
        ]
    ],
    "nodes": [
        1,
        3,
        3,
        3,
        3,
        3,
        3,
        3
    ],
    "scene": 3
}