{
    "centers": [
        [
            -9.213723275015745,
            9.392924760405819,
            -0.3467473513206838
        ],
        [
            6.7202644278729835,
            -7.268700383754911,
            -0.48361602072164256
        ],
        [
            -4.416435902550393,
            -8.058671099279353,
            -0.3390516063784698
        ],
        [
            -8.236335532262999,
            6.813660772373051,
            -0.21128175305928698
        ],
        [
            5.537092106834248,
            -3.472031604921728,
            -0.10769971126300865
        ],
        [
            9.465954006379214,
            -4.343021184892111,
            -0.15545627602287826
        ],
        [
            -6.799247220596019,
            -5.325438758767933,
            -0.3690071319855563
        ],
        [
            8.463929728624318,
            -8.819483517034413,
            -0.44711971700703723
        ]
    ],
    "nodes": [
        1,
        3,
        3,
        3,
        3,
        3,
        3,
        3
    ],
    "scene": 3
}