{
    "centers": [
        [
            7.3614042332091785,
            4.2483320965751545,
            -0.43223812232296444
        ],
        [
            -0.38521392926287135,
            -6.703104522389629,
            -0.2633252564479054
        ],
        [
            -2.4914079282046426,
            -2.420414084208282,
            -0.4874209438018593
        ],
        [
            -1.6461982439195992,
            -3.7078821787726497,
            -0.24798300312080795
        ],
        [
            6.02791823516451,
            9.801604934034039,
            -0.1199126745527268
        ],
        [
            -3.8785947439979047,
            -1.1938589067106005,
            -0.10014548269398865
        ],
        [
            -7.466122952702019,
            4.9919244931846425,
            -0.15700396730946525
        ]
    ],
    "nodes": [
        1,
        3,
        3,
        3,
        3,
        3,
        3
    ],
    "scene": 3
}