{
    "centers": [
        [
            7.8304737333270396,
            -2.9029578260997635,
            -0.1489461108860391
        ],
        [
            -1.0349526831616433,
            -5.570134438393522,
            -0.36083085567143025
        ],
        [
            0.0449954889433517,
            6.7176874692589195,
            -0.25387123202276896
        ],
        [
            9.5503354299575,
            -0.3655351709765,
            -0.12148677671168778
        ],
        [
            -9.33365211214759,
            2.0826913516487657,
            -0.2014374234640114
        ]
    ],
    "nodes": [
        1,
        3,
        3,
        3,
        3
    ],
    "scene": 3
}