{
    "centers": [
        [
            -6.880087207511045,
            8.579852563527687,
            -0.488430749372813
        ],
        [
            -4.097153856657463,
            -8.897294775853588,
            -0.28754005668322463
        ],
        [
            9.243623948865878,
            3.337060893242164,
            -0.3113865732030401
        ],
        [
            -3.0902669394714373,
            -6.324669021995009,
            -0.43785343970947443
        ],
        [
            -0.17894250186362193,
            -7.461940095066801,
            -0.16927813457876284
        ],
        [
            -8.688188476334119,
            6.32715606724285,
            -0.35367815080992915
        ],
        [
            8.011380277828696,
            -3.531406319716881,
            -0.23987781426521076
        ],
        [
            7.282952635619871,
            -4.196400708442027,
            -0.1584101150093543
        ],
        [
            1.032063782463318,
            -1.2691281921895552,
            -0.1461665952163354
        ],
        [
            -2.0443485466689744,
            -9.992023052948149,
            -0.4110721652447245
        ]
    ],
    "nodes": [
        1,
        3,
        3,
        3,
        3,
        3,
        3,
        3,
        3,
        3
    ],
    "scene": 3
}