{
    "centers": [
        [
            -2.9166412969272892,
            -8.249407881477477,
            -0.46107648639348786
        ],
        [
            -0.9209325767462637,
            -9.262060045633469,
            -0.49150005627671706
        ],
        [
            4.975782776935361,
            7.903876456319505,
            -0.4309570689153026
        ],
        [
            -9.853159583099771,
            3.3468177872598126,
            -0.4595674129556392
        ],
        [
            6.341784421423174,
            0.15556555171676578,
            -0.46025516829030744
        ],
        [
            -0.17085300265727454,
            -2.381573707476745,
            -0.27999363011576384
        ]
    ],
    "nodes": [
        1,
        3,
        3,
        3,
        3,
        3
    ],
    "scene": 3
}