{
    "centers": [
        [
            1.901617865480505,
            -7.5549321987504525,
            -0.41131816381396763
        ],
        [
            6.734143129720785,
            -2.007758214894295,
            -0.49000377065366274
        ],
        [
            8.77501448618834,
            -9.984371997550847,
            -0.4140522668402954
        ],
        [
            7.89323272340345,
            -2.732255469034836,
            -0.12215561682616238
        ],
        [
            -4.252859638806312,
            1.4826047166221947,
            -0.2029223948711833
        ],
        [
            9.980005980054244,
            4.7535971885286905,
            -0.11646735372937322
        ],
        [
            -9.370517078167573,
            -5.486471233354322,
            -0.26526306689722884
        ],
        [
            4.156240473789856,
            -4.020295119042531,
            -0.21977630206340965
        ],
        [
            2.709628914595722,
            9.618341528458693,
            -0.4322469809377834
        ],
        [
            -0.2620188130272876,
            -0.4694021867967493,
            -0.312103132864824
        ]
    ],
    "nodes": [
        1,
        3,
        3,
        3,
        3,
        3,
        3,
        3,
        3,
        3
    ],
    "scene": 3
}