{
    "centers": [
        [
            5.225475089722886,
            -0.3097641860812228,
            -0.29353553802929366
        ],
        [
            0.8209743845165463,
            -2.5307598993136864,
            -0.2797959334219974
        ],
        [
            7.988823295531219,
            -4.568111813469047,
            -0.2608955945852943
        ],
        [
            -8.173786652659818,
            3.096043194676419,
            -0.3239876199921672
        ],
        [
            8.946260327290968,
            7.729235829209703,
            -0.1565441839122817
        ],
        [
            3.1042852658849043,
            -9.438516022376733,
            -0.27937221574157123
        ],
        [
            -7.075076682178016,
            1.7444153716626687,
            -0.4580455145409748
        ],
        [
            -3.934514128911564,
            9.496653676126627,
            -0.24367184193011077
        ],
        [
            -0.8576613708010239,
            -8.151749921537736,
            -0.465206517227698
        ],
        [
            -5.677940697870034,
            5.062779986844754,
            -0.3374493280156261
        ]
    ],
    "nodes": [
        1,
        3,
        3,
        3,
        3,
        3,
        3,
        3,
        3,
        3
    ],
    "scene": 3
}