{
    "centers": [
        [
            -3.4005299962972284,
            4.398926886281247,
            -0.44342430849316117
        ],
        [
            4.9361665299260835,
            -3.159542156142825,
            -0.16261104182989589
        ],
        [
            3.3385658721160567,
            0.7688174216364985,
            -0.10257364740002434
        ],
        [
            -8.866712564298824,
            8.786576086347594,
            -0.3383117951523469
        ],
        [
            -0.41878765997597256,
            -9.650946316742479,
            -0.12016064555126083
        ],
        [
            9.05819155828464,
            -2.4554236411479025,
            -0.2893203933981021
        ],
        [
            1.6906001242358464,
            6.305497882288819,
            -0.4787688090085521
        ],
        [
            7.430148892324418,
            -8.213686737034411,
            -0.11465306143293391
        ],
        [
            -6.376979554634159,
            1.514500852185396,
            -0.437112756915793
        ]
    ],
    "nodes": [
        1,
        3,
        3,
        3,
        3,
        3,
        3,
        3,
        3
    ],
    "scene": 3
}