{
    "centers": [
        [
            -2.3831466538091384,
            1.9084974679019808,
            -0.14158409053288945
        ],
        [
            -6.5792818001874265,
            -5.890410158580193,
            -0.26857548764606987
        ],
        [
            0.8187357221517555,
            9.79181578531653,
            -0.46967948535917686
        ],
        [
            8.92114313694681,
            0.817537694373538,
            -0.29335397641819905
        ],
        [
            -7.377043435793542,
            2.9518101368577394,
            -0.22344830772712354
        ],
        [
            1.8680720995564748,
            8.82700385725461,
            -0.40597114129192746
        ]
    ],
    "nodes": [
        1,
        3,
        3,
        3,
        3,
        3
    ],
    "scene": 3
}