{
    "centers": [
        [
            9.451308384421388,
            -0.7158248006680061,
            -0.1692369831272289
        ],
        [
            -6.521356901856256,
            3.8790892862077158,
            -0.2769765732748207
        ],
        [
            5.189229898423754,
            -1.7189488066268925,
            -0.24009004511133752
        ]
    ],
    "nodes": [
        3,
        3,
        3
    ],
    "scene": 0
}