{
    "centers": [
        [
            -9.50709427590807,
            -7.528550492381916,
            -0.37257101983642205
        ],
        [
            -5.6361796747096715,
            6.01624940453118,
            -0.15948650578422352
        ],
        [
            -7.9600052058459365,
            -5.102923535801835,
            -0.27827795693215684
        ],
        [
            -2.3301811252884637,
            5.409622920681901,
            -0.11250272721709315
        ],
        [
            9.586282902646353,
            2.8727695276382157,
            -0.12990012945810475
        ],
        [
            2.2621378635658846,
            3.5576854455166043,
            -0.4286772857364586
        ]
    ],
    "nodes": [
        1,
        3,
        3,
        3,
        3,
        3
    ],
    "scene": 3
}