{
    "centers": [
        [
            8.048767582116291,
            7.179070713200893,
            -0.35041329267561244
        ],
        [
            -9.965985980498226,
            -6.638435410905236,
            -0.19101626371463687
        ],
        [
            -1.487221887319146,
            -8.677188007207178,
            -0.10218290508756445
        ],
        [
            -6.216193686013676,
            3.875259296564842,
            -0.20266634094336555
        ],
        [
            0.4635917989806444,
            -2.6780368488975164,
            -0.3295364457560641
        ],
        [
            3.904938047195346,
            2.175308851972673,
            -0.11720323347317363
        ],
        [
            7.138376500662844,
            -1.1201165029274218,
            -0.2836125304990542
        ],
        [
            9.967762213392504,
            -5.056169295978783,
            -0.11468482847589995
        ]
    ],
    "nodes": [
        1,
        3,
        3,
        3,
        3,
        3,
        3,
        3
    ],
    "scene": 3
}