{
    "centers": [
        [
            8.469701621955569,
            -7.6687091891016435,
            -0.34816368800114184
        ],
        [
            0.5059960334074063,
            -9.143785219383055,
            -0.28712137592888926
        ],
        [
            -7.054110884546518,
            9.024880326457982,
            -0.356396023432312
        ],
        [
            2.29801323881874,
            -3.821816226521692,
            -0.16675687043519472
        ],
        [
            -9.03499350134134,
            -8.46010463984057,
            -0.11579587012992376
        ],
        [
            -2.451076018130916,
            -4.466461296243603,
            -0.47945038646939636
        ],
        [
            3.037281921435488,
            7.944630674711618,
            -0.2102938029716826
        ],
        [
            -8.266479670024582,
            0.35742625651150384,
            -0.28497770023916924
        ],
        [
            -3.619039963189083,
            4.071065785277581,
            -0.11639900563079164
        ]
    ],
    "nodes": [
        1,
        3,
        3,
        3,
        3,
        3,
        3,
        3,
        3
    ],
    "scene": 3
}