{
    "centers": [
        [
            -3.6012866813456768,
            8.84070567671844,
            -0.29119307134746564
        ],
        [
            -6.782909244975928,
            -2.4697339982933597,
            -0.2858129973221716
        ],
        [
            5.084467077621893,
            7.599954937503217,
            -0.4590756629131232
        ],
        [
            6.893997403966331,
            2.989344497235562,
            -0.3118418428824618
        ],
        [
            -9.21551835796073,
            -8.829161925651052,
            -0.24718504231918154
        ],
        [
            2.7700827527189205,
            -4.907257827451003,
            -0.2751032504050312
        ],
        [
            0.5571787723400252,
            0.6310963299285071,
            -0.46589605691735875
        ],
        [
            -0.6599014940491426,
            1.613621131833952,
            -0.14759910203910204
        ]
    ],
    "nodes": [
        1,
        3,
        3,
        3,
        3,
        3,
        3,
        3
    ],
    "scene": 3
}