{
    "centers": [
        [
            -4.358482321731925,
            8.52965850300474,
            -0.10021415517331067
        ],
        [
            -1.002006936293471,
            -0.7205672935935539,
            -0.24170186688205914
        ],
        [
            3.3597032696838003,
            0.5661551090333852,
            -0.19222690736584758
        ],
        [
            6.675274949779361,
            3.1093306626760757,
            -0.21103246948593085
        ],
        [
            8.229300657824336,
            -4.204633764113408,
            -0.4669644449771303
        ]
    ],
    "nodes": [
        1,
        3,
        3,
        3,
        3
    ],
    "scene": 3
}