{
    "centers": [
        [
            2.4257197646008155,
            -5.600843642412691,
            -0.46840372960754867
        ],
        [
            3.256925107413373,
            6.582316907672215,
            -0.379751382692017
        ],
        [
            -5.1890220068305055,
            5.240127350061909,
            -0.3295046347673458
        ],
        [
            -1.8874359151182336,
            9.387603669835702,
            -0.1760331828442766
        ],
        [
            5.160765543835444,
            1.9563345712886573,
            -0.17399358122919856
        ]
    ],
    "nodes": [
        1,
        3,
        3,
        3,
        3
    ],
    "scene": 3
}