{
    "centers": [
        [
            -5.236663983175037,
            -3.029960650158305,
            -0.12271087196907593
        ],
        [
            -9.466768842827861,
            -6.338662696469141,
            -0.2778494485942352
        ],
        [
            7.5667050188223115,
            5.719934990516123,
            -0.13469362196703144
        ],
        [
            -0.9783513876138183,
            0.0789340666858056,
            -0.3134247359162058
        ],
        [
            -2.351194381365042,
            4.579713505847158,
            -0.4093573884428742
        ]
    ],
    "nodes": [
        1,
        3,
        3,
        3,
        3
    ],
    "scene": 3
}