{
    "centers": [
        [
            6.773594194414393,
            7.200763447330555,
            -0.42475276377523846
        ],
        [
            -2.209830173812364,
            4.716609493700458,
            -0.49918340609992906
        ],
        [
            -5.2473753746661895,
            6.461502910491138,
            -0.11081464207039521
        ],
        [
            4.823416895632446,
            2.6101056326222576,
            -0.4278298367588732
        ],
        [
            -0.09755180843515454,
            -5.383917469715449,
            -0.18520992965666988
        ],
        [
            8.473639711229929,
            -3.265989434399219,
            -0.21083294365238592
        ],
        [
            3.937709261950289,
            1.2885704110928096,
            -0.19826336975621645
        ],
        [
            2.315414311430665,
            -2.373737750804519,
            -0.4265943804781128
        ],
        [
            -8.560737178200801,
            -4.144416081646273,
            -0.31797994230439974
        ]
    ],
    "nodes": [
        1,
        3,
        3,
        3,
        3,
        3,
        3,
        3,
        3
    ],
    "scene": 3
}