{
    "centers": [
        [
            2.5744095736920602,
            -1.4438755610556413,
            -0.42552240481864473
        ],
        [
            4.567031564980921,
            -5.091967406146365,
            -0.2201047489360245
        ],
        [
            9.625707251705933,
            1.1152672129998642,
            -0.2385224933243852
        ],
        [
            -8.304020469403577,
            -4.224473053551121,
            -0.12124076710633602
        ],
        [
            1.8448458029380355,
            5.879406354112547,
            -0.4654549692162556
        ],
        [
            -3.821644960793929,
            4.390304892510944,
            -0.3005845279326741
        ],
        [
            -6.32269070227639,
            6.6005182655952765,
            -0.4593102328534726
        ]
    ],
    "nodes": [
        1,
        3,
        3,
        3,
        3,
        3,
        3
    ],
    "scene": 3
}