{
    "centers": [
        [
            -2.0406136510542616,
            0.9752987287300225,
            -0.22437868998168792
        ],
        [
            -0.3244309221955195,
            -5.267989093316945,
            -0.4917458820927759
        ],
        [
            -8.137286142167802,
            5.7909215831285294,
            -0.4340321781123756
        ],
        [
            -3.7400532895964282,
            -7.739644804931787,
            -0.3850070227944128
        ],
        [
            -3.111274276522378,
            4.571026743025939,
            -0.4074047004591952
        ]
    ],
    "nodes": [
        1,
        3,
        3,
        3,
        3
    ],
    "scene": 3
}