{
    "centers": [
        [
            7.591656485453683,
            -3.754740820580116,
            -0.12024277738663292
        ],
        [
            0.025811874677676983,
            -4.747400499181342,
            -0.22512476738472548
        ],
        [
            -2.1061278170901687,
            5.881248953049694,
            -0.2559169149996906
        ],
        [
            4.033015534394231,
            -6.693447622495128,
            -0.4425720732802309
        ],
        [
            -1.2760103709490433,
            7.376508701680908,
            -0.13210642576591147
        ],
        [
            9.223286720234206,
            -8.286916385245762,
            -0.4829120480202697
        ],
        [
            -9.397278671507179,
            5.14966624746361,
            -0.18008726293614136
        ]
    ],
    "nodes": [
        1,
        3,
        3,
        3,
        3,
        3,
        3
    ],
    "scene": 3
}