{
    "centers": [
        [
            1.8921276707877652,
            -1.6568449084337633,
            -0.23096102857910955
        ],
        [
            -8.900707922996684,
            7.650911982749392,
            -0.3279351669390709
        ],
        [
            3.6665232781231154,
            -0.8357896549816619,
            -0.21484386099679326
        ],
        [
            -9.723626070112621,
            0.7414925892218633,
            -0.10219465142606832
        ],
        [
            4.714900166972889,
            -6.088497790868934,
            -0.36017205879017244
        ],
        [
            -7.42274527913946,
            9.221304016946547,
            -0.2699784974128898
        ],
        [
            0.40547485122347915,
            2.967864547488306,
            -0.30425771827139236
        ]
    ],
    "nodes": [
        1,
        3,
        3,
        3,
        3,
        3,
        3
    ],
    "scene": 3
}