{
    "centers": [
        [
            6.693007542999968,
            9.416717305065895,
            -0.27032818777274586
        ],
        [
            0.6006125716873729,
            -1.3894777948800474,
            -0.13846320224301678
        ],
        [
            -5.182996770942621,
            -8.867384417380089,
            -0.2602467012349794
        ],
        [
            -4.0300142919211845,
            3.4458991991004133,
            -0.21547891371490674
        ],
        [
            3.0820996175828093,
            7.624090448893682,
            -0.13762161385148763
        ],
        [
            1.325829992812233,
            -4.235441752558047,
            -0.12810929303918384
        ],
        [
            8.481371145312853,
            -0.05050847815560999,
            -0.1375327588489753
        ]
    ],
    "nodes": [
        1,
        3,
        3,
        3,
        3,
        3,
        3
    ],
    "scene": 3
}