{
    "centers": [
        [
            2.2158958766999053,
            -1.799853741047837,
            -0.14458653380153746
        ],
        [
            8.892284602261295,
            9.59373849310969,
            -0.38258867879244113
        ],
        [
            -6.36184327743482,
            -0.7625673671543645,
            -0.21118580751584576
        ],
        [
            7.464819547734333,
            0.9744782994785908,
            -0.2019021866101981
        ],
        [
            -9.704347825513986,
            -7.295517655995216,
            -0.2464471065012036
        ],
        [
            -8.787497825066133,
            8.751872240148366,
            -0.47937789980638473
        ],
        [
            1.1467086251211729,
            7.056337116802958,
            -0.315493951422493
        ]
    ],
    "nodes": [
        1,
        3,
        3,
        3,
        3,
        3,
        3
    ],
    "scene": 3
}