{
    "centers": [
        [
            9.022066263770764,
            1.3237545529008816,
            -0.20010653677477785
        ],
        [
            4.999207587079242,
            -3.1340808583003703,
            -0.26589563854684584
        ],
        [
            2.3868201779043616,
            -1.532324582812052,
            -0.20110025847741136
        ],
        [
            0.12562603421769936,
            -3.788497297994155,
            -0.4386732380293447
        ],
        [
            -7.244108659511353,
            5.543418743693945,
            -0.206220621214373
        ],
        [
            7.617217408290408,
            -0.8797806412223039,
            -0.36804851135036
        ],
        [
            -1.5670379865437951,
            -7.880464293852634,
            -0.21242451618375086
        ],
        [
            -3.3401444177804684,
            0.03353425686145606,
            -0.22889660586635113
        ],
        [
            -8.422761072638442,
            2.3025168207014257,
            -0.1873937433079369
        ],
        [
            4.363022124011248,
            2.921767389507032,
            -0.21202194749515535
        ]
    ],
    "nodes": [
        1,
        3,
        3,
        3,
        3,
        3,
        3,
        3,
        3,
        3
    ],
    "scene": 3
}