{
    "centers": [
        [
            -6.510453780138706,
            5.376871663302493,
            -0.4229762221161932
        ],
        [
            -2.694957551612436,
            -9.955988237609478,
            -0.4392078468212323
        ],
        [
            6.001016686210573,
            3.850817777900115,
            -0.39349351569816976
        ],
        [
            9.914800806065138,
            -2.57252660006261,
            -0.35347327940145096
        ],
        [
            -1.0631305066429224,
            -7.655776129553395,
            -0.2671675804995279
        ],
        [
            -5.225173459960573,
            6.984955863841698,
            -0.3868411602422227
        ],
        [
            -1.771678360315665,
            -4.441593657547567,
            -0.41854021836825805
        ]
    ],
    "nodes": [
        1,
        3,
        3,
        3,
        3,
        3,
        3
    ],
    "scene": 3
}