{
    "centers": [
        [
            8.258501402168243,
            8.389794663926597,
            -0.4268796901316804
        ],
        [
            3.0918309471437606,
            0.49123756333295177,
            -0.2914723247265227
        ],
        [
            0.15112815443836958,
            4.526381792269422,
            -0.14561626392336957
        ],
        [
            3.835443857959728,
            5.540472216230302,
            -0.22873576432076492
        ],
        [
            -8.107241866064008,
            -2.765271017693454,
            -0.44990861459099063
        ],
        [
            7.173903881415885,
            -1.0254748674884944,
            -0.21339287329878848
        ],
        [
            -4.147023117047837,
            -7.535303441827543,
            -0.35294436472626234
        ]
    ],
    "nodes": [
        1,
        3,
        3,
        3,
        3,
        3,
        3
    ],
    "scene": 3
}