{
    "centers": [
        [
            -5.607445444933832,
            8.850419288290698,
            -0.27739792473350516
        ],
        [
            -0.49231811629206845,
            2.5720297577294104,
            -0.17188126218272215
        ],
        [
            -9.086243801718034,
            6.10008891085597,
            -0.1129276906092383
        ],
        [
            9.055466831423406,
            -7.165200746980675,
            -0.4425014981655073
        ],
        [
            6.218773337519686,
            5.417188522869168,
            -0.2900538716174731
        ],
        [
            -1.1261918516551042,
            0.04081342037260427,
            -0.2029540837219842
        ],
        [
            6.8341630521961925,
            3.3645753816048813,
            -0.4296683812772874
        ],
        [
            -6.4325887000070825,
            -5.168912055436479,
            -0.3282486823962989
        ],
        [
            7.826199041197107,
            0.7137843994138233,
            -0.19253129126785423
        ]
    ],
    "nodes": [
        1,
        3,
        3,
        3,
        3,
        3,
        3,
        3,
        3
    ],
    "scene": 3
}