{
    "centers": [
        [
            -4.2744111198155625,
            6.60376247564853,
            -0.14290086335837737
        ],
        [
            2.497902457550376,
            -0.12411679721391344,
            -0.17253865550804792
        ],
        [
            -6.334874662810845,
            -3.364503888335779,
            -0.14009493200850587
        ],
        [
            6.038572965267793,
            5.468135594910791,
            -0.3823463026743356
        ],
        [
            -3.496410207164205,
            -6.74775666196473,
            -0.37343898737725545
        ]
    ],
    "nodes": [
        1,
        3,
        3,
        3,
        3
    ],
    "scene": 3
}