{
    "centers": [
        [
            3.8759713694713067,
            9.77403429798597,
            -0.42052071966530197
        ],
        [
            4.952512170830534,
            0.873716533272642,
            -0.31877975594814967
        ],
        [
            8.916714023099118,
            5.0002300914029,
            -0.40876924753199184
        ],
        [
            -7.2570788226860845,
            -2.9731226526241024,
            -0.2200135392586462
        ],
        [
            1.3344394733735765,
            -3.7213016716564624,
            -0.4482567786630213
        ]
    ],
    "nodes": [
        1,
        3,
        3,
        3,
        3
    ],
    "scene": 3
}