{
    "centers": [
        [
            7.069424474832665,
            -2.8748688527598425,
            -0.44577669716797036
        ],
        [
            -0.8884795622670243,
            0.4211151976439531,
            -0.191223501067538
        ],
        [
            -2.921228949151682,
            5.366260415996729,
            -0.29770307272368324
        ],
        [
            9.60732999623188,
            -7.014099801072538,
            -0.17311349116425823
        ],
        [
            -7.353736342742996,
            -9.981989581064814,
            -0.22397884380678534
        ]
    ],
    "nodes": [
        1,
        3,
        3,
        3,
        3
    ],
    "scene": 3
}