{
    "centers": [
        [
            -5.192319855993515,
            -9.6888334059597,
            -0.24837656576857042
        ],
        [
            1.2871299146627706,
            7.152731215415699,
            -0.26663789500502005
        ],
        [
            9.996999279919006,
            5.194639481338124,
            -0.44974395179399934
        ],
        [
            6.818983423879082,
            -8.431387862013477,
            -0.43220091458864457
        ],
        [
            4.216312298477579,
            -3.536765251960956,
            -0.25582860479107394
        ],
        [
            -9.154932917157574,
            9.969961322609958,
            -0.4416885948762849
        ],
        [
            6.020067819668874,
            -5.101404030862787,
            -0.42678813662606907
        ],
        [
            2.9314642954022574,
            -2.4001229294663666,
            -0.4714650793398366
        ]
    ],
    "nodes": [
        1,
        3,
        3,
        3,
        3,
        3,
        3,
        3
    ],
    "scene": 3
}