{
    "centers": [
        [
            9.935709236421076,
            -9.200732442594985,
            -0.37561362839885926
        ],
        [
            -7.978059183238195,
            6.185642657399772,
            -0.19361192123866455
        ],
        [
            -5.5044848714134975,
            2.820413841524374,
            -0.33827441042909134
        ],
        [
            -2.5217034592198324,
            8.373139969194106,
            -0.19782458175902784
        ],
        [
            -3.399064719638945,
            -3.0251642185367444,
            -0.13627346797408613
        ],
        [
            3.1324369056164425,
            -0.9127799325204666,
            -0.376598152497322
        ],
        [
            -1.4537951613940674,
            9.380960123269155,
            -0.29019685267647644
        ],
        [
            2.353595468627594,
            1.7627153607469914,
            -0.33195330397855444
        ]
    ],
    "nodes": [
        1,
        3,
        3,
        3,
        3,
        3,
        3,
        3
    ],
    "scene": 3
}