{
    "centers": [
        [
            4.403517675334827,
            9.12988807296832,
            -0.21498513159325167
        ],
        [
            -9.315825405000764,
            6.158700427768469,
            -0.22783049479597905
        ],
        [
            7.063574433021881,
            3.4166085271167557,
            -0.17324604313587916
        ],
        [
            -1.586418520088559,
            -0.12667029844326372,
            -0.38589159414151275
        ],
        [
            2.047507681217164,
            6.777374898176991,
            -0.25581864805013077
        ],
        [
            -0.32151277558538993,
            4.744553415693016,
            -0.1377849325330054
        ]
    ],
    "nodes": [
        1,
        3,
        3,
        3,
        3,
        3
    ],
    "scene": 3
}