{
    "centers": [
        [
            -4.73902386247234,
            5.372570967434347,
            -0.2726231517491444
        ],
        [
            8.352228772999656,
            -8.250539985309246,
            -0.1601882473020504
        ],
        [
            4.50977539028219,
            -2.4400865440290094,
            -0.47715271728170033
        ],
        [
            -5.877224051792835,
            -0.8436120086959225,
            -0.37601919759764835
        ],
        [
            1.4463669577910778,
            4.611791857224441,
            -0.15292414637693041
        ],
        [
            0.6764943914586041,
            9.332267351210447,
            -0.34148883892666015
        ],
        [
            -8.10847232868368,
            -4.618486013306788,
            -0.19479723428318652
        ],
        [
            -8.825009702928579,
            2.1749356581518384,
            -0.2792779018710878
        ]
    ],
    "nodes": [
        1,
        3,
        3,
        3,
        3,
        3,
        3,
        3
    ],
    "scene": 3
}