{
    "centers": [
        [
            -7.046981912269095,
            3.2325725493365436,
            -0.4482008429522449
        ],
        [
            -9.809235093272816,
            -0.6522253061600676,
            -0.3829388821382901
        ],
        [
            1.5611075293242411,
            -1.9145402149037754,
            -0.1304639179435319
        ],
        [
            -0.8776740317832026,
            -3.3559675255223915,
            -0.2511452107581641
        ],
        [
            -4.026309854401495,
            -6.972376965371831,
            -0.22158111817714593
        ],
        [
            0.44287241072366434,
            9.446527096264074,
            -0.2892526719411491
        ]
    ],
    "nodes": [
        1,
        3,
        3,
        3,
        3,
        3
    ],
    "scene": 3
}