{
    "centers": [
        [
            5.450622113627382,
            2.050895410995988,
            -0.22736604026019253
        ],
        [
            8.767567323377783,
            -9.723696912617822,
            -0.46592218438105726
        ],
        [
            4.010192667051989,
            -6.275309857900151,
            -0.4619774265629339
        ],
        [
            1.8283250398484974,
            8.322805800696532,
            -0.28536999447595646
        ],
        [
            -9.722869195880673,
            -2.4166244081677473,
            -0.31253617337258127
        ],
        [
            6.77812425802232,
            -9.028167821754355,
            -0.10981266625593139
        ],
        [
            7.715111771935476,
            5.757310811969383,
            -0.2962454259017827
        ],
        [
            -7.711548056682056,
            -4.450517374947638,
            -0.46626886405384876
        ],
        [
            -6.806875881094447,
            -1.1894708955153828,
            -0.3774543596124203
        ]
    ],
    "nodes": [
        1,
        3,
        3,
        3,
        3,
        3,
        3,
        3,
        3
    ],
    "scene": 3
}