{
    "centers": [
        [
            -3.8879879097426207,
            -0.09188129426858538,
            -0.30960107199987363
        ],
        [
            2.3058410996026026,
            9.22388462212697,
            -0.45826485957989554
        ],
        [
            -9.115600135694715,
            3.9594988446045214,
            -0.12176271564494967
        ],
        [
            -8.25253049763097,
            -5.199490419239908,
            -0.43287591859496766
        ],
        [
            -5.425911525461449,
            6.271342577562947,
            -0.300455414326884
        ],
        [
            1.026558822293195,
            -8.71409376927636,
            -0.2817787959235586
        ]
    ],
    "nodes": [
        1,
        3,
        3,
        3,
        3,
        3
    ],
    "scene": 3
}