{
    "centers": [
        [
            6.83660548683363,
            1.9181306344413187,
            -0.16505454193167418
        ],
        [
            -1.4214062456083418,
            -8.44884976637184,
            -0.3284154564533265
        ],
        [
            -3.7984253689968277,
            0.5400500520591045,
            -0.4183776445023799
        ],
        [
            3.312340597542015,
            -3.1038997828462067,
            -0.3374256540347015
        ],
        [
            -9.931455548259176,
            -1.101296492611878,
            -0.1134016885825807
        ],
        [
            -5.661669059917822,
            -2.376559520760811,
            -0.15577881883719685
        ],
        [
            -2.537106388759085,
            5.903689020721055,
            -0.21566826561375885
        ],
        [
            4.584481025718123,
            3.7183911918430734,
            -0.21985249863095196
        ],
        [
            -6.942803877530521,
            4.981119228511407,
            -0.11825426879258966
        ],
        [
            7.9760779197645135,
            -7.053833151922966,
            -0.21034108974546362
        ]
    ],
    "nodes": [
        1,
        3,
        3,
        3,
        3,
        3,
        3,
        3,
        3,
        3
    ],
    "scene": 3
}