{
    "centers": [
        [
            -7.207045715801888,
            7.576820897931476,
            -0.29880389632733706
        ],
        [
            9.460390724534737,
            6.579409479222228,
            -0.4305610194531968
        ],
        [
            5.449000575976138,
            -2.5753118836958278,
            -0.3438153156311481
        ],
        [
            -0.7065025373569096,
            -0.6120219338127413,
            -0.22558195256023938
        ],
        [
            -6.039574978231355,
            -9.403033165906534,
            -0.48909913789854254
        ],
        [
            1.8380248725330794,
            3.2878407161899936,
            -0.3777293787148551
        ],
        [
            -1.46367076558575,
            -7.936437437356787,
            -0.4978721755140211
        ],
        [
            -8.37212797876311,
            -8.54450063091399,
            -0.3587175467797805
        ]
    ],
    "nodes": [
        1,
        3,
        3,
        3,
        3,
        3,
        3,
        3
    ],
    "scene": 3
}