{
    "centers": [
        [
            2.7109238928462887,
            8.139195877657087,
            -0.17419881781194246
        ],
        [
            -0.15582712249143071,
            -9.45598672596354,
            -0.1805849440980774
        ],
        [
            5.23694489254704,
            -2.5463450948258215,
            -0.354385245691785
        ],
        [
            1.5169681182897392,
            1.0247927019998642,
            -0.49798323198656835
        ],
        [
            -6.876707140779336,
            2.201441530760917,
            -0.1357896993694372
        ],
        [
            -5.582198395185662,
            -5.565040003025416,
            -0.44489423623610347
        ],
        [
            -1.545581949517949,
            -3.372847065248803,
            -0.16038043920009892
        ],
        [
            -3.0321440488868845,
            6.376948229584894,
            -0.44081805566166665
        ]
    ],
    "nodes": [
        1,
        3,
        3,
        3,
        3,
        3,
        3,
        3
    ],
    "scene": 3
}