{
    "centers": [
        [
            -0.8289819658774604,
            -1.0815898737921614,
            -0.4408540480886004
        ],
        [
            -1.9132556313624356,
            -8.915836536446495,
            -0.2739429550804501
        ],
        [
            -4.600909634046291,
            -6.681606938433209,
            -0.32741526676253996
        ],
        [
            -7.680564587455148,
            -3.921935773633967,
            -0.10356154563119285
        ],
        [
            -3.3865618880012534,
            4.850526827537022,
            -0.4572974202146451
        ],
        [
            8.94611458284708,
            0.19043515134382893,
            -0.2632556137512073
        ],
        [
            1.7094167032276513,
            6.706831602819232,
            -0.1348406584543284
        ],
        [
            4.057637024705931,
            1.0970915029356156,
            -0.43154785467712287
        ],
        [
            -2.6984238288534312,
            -5.215381464820323,
            -0.47907708191452614
        ],
        [
            2.4975374637937424,
            9.463831728179663,
            -0.35292267857617315
        ]
    ],
    "nodes": [
        1,
        3,
        3,
        3,
        3,
        3,
        3,
        3,
        3,
        3
    ],
    "scene": 3
}