{
    "centers": [
        [
            4.569368955180524,
            -9.989098014260534,
            -0.28455227417127976
        ],
        [
            7.419059949038193,
            -3.761292554316615,
            -0.3844501888704824
        ],
        [
            2.45865913425469,
            6.444627932742719,
            -0.36925547781702156
        ],
        [
            -4.419875939420068,
            -7.629529004134998,
            -0.42217277744681575
        ],
        [
            5.6633311246370095,
            0.18698710041443256,
            -0.18068089948971156
        ],
        [
            -1.0370729789377044,
            5.830123046107726,
            -0.29836031569856936
        ],
        [
            9.422784158424687,
            8.044247820863657,
            -0.37654628891562547
        ]
    ],
    "nodes": [
        1,
        3,
        3,
        3,
        3,
        3,
        3
    ],
    "scene": 3
}