{
    "centers": [
        [
            1.9720387391080472,
            -9.349919755979087,
            -0.3872632788629311
        ],
        [
            6.230229937057132,
            -7.076140887501861,
            -0.2886836312288789
        ],
        [
            -9.552091084981093,
            4.9175842501785,
            -0.17363264838695247
        ],
        [
            -8.676137693562122,
            5.925102779758555,
            -0.4219943585470748
        ],
        [
            -2.144173301783785,
            -1.4215143631386358,
            -0.26743504516363403
        ]
    ],
    "nodes": [
        1,
        3,
        3,
        3,
        3
    ],
    "scene": 3
}