{
    "centers": [
        [
            -9.263028478610291,
            -2.81358160939077,
            -0.22694252660158187
        ],
        [
            4.096867106154477,
            -8.822552984293905,
            -0.45295719337351326
        ],
        [
            -8.435936020199435,
            -5.925130120736084,
            -0.19193343042861738
        ],
        [
            4.959381787165004,
            8.328687487774712,
            -0.37858552309524185
        ],
        [
            -2.9447097057497906,
            -4.74275325470348,
            -0.23580995313796405
        ]
    ],
    "nodes": [
        1,
        3,
        3,
        3,
        3
    ],
    "scene": 3
}