{
    "centers": [
        [
            -4.051563841316295,
            -6.018206305076341,
            -0.29417454146263966
        ],
        [
            1.478370490762849,
            1.5656248187511146,
            -0.2952427298138094
        ],
        [
            -2.834229043663054,
            9.056563396926173,
            -0.4697775214651289
        ],
        [
            5.817818466214648,
            -8.46238141861107,
            -0.20610162881967348
        ],
        [
            8.78828231904539,
            4.551881244437299,
            -0.263228239894359
        ],
        [
            -1.7824078915336656,
            -5.210186537957611,
            -0.2845359482746298
        ],
        [
            3.377035528557146,
            -0.426248485187271,
            -0.3000558711628688
        ]
    ],
    "nodes": [
        1,
        3,
        3,
        3,
        3,
        3,
        3
    ],
    "scene": 3
}