{
    "centers": [
        [
            -7.540053128811303,
            5.105198318206835,
            -0.2763980780171982
        ],
        [
            8.473494263880628,
            3.0131346755074944,
            -0.25911646964600465
        ],
        [
            7.456383032849587,
            -1.6626046862464676,
            -0.3632993390307865
        ],
        [
            -5.387952978554713,
            -9.316379390585725,
            -0.11974705417085119
        ],
        [
            5.405122494027541,
            -4.655063572473683,
            -0.26838222291819036
        ]
    ],
    "nodes": [
        3,
        3,
        3,
        3,
        3
    ],
    "scene": 0
}