{
    "centers": [
        [
            -8.254749854832797,
            9.56261118858875,
            -0.4483486580551309
        ],
        [
            -4.163430378019683,
            -4.805377933235626,
            -0.3117438155309272
        ],
        [
            3.436373343221547,
            1.9630058279720473,
            -0.11132036704985326
        ],
        [
            2.4173689435501426,
            -6.981672070720542,
            -0.11910013209780074
        ],
        [
            5.864896674729675,
            5.09898482838128,
            -0.2349280354995934
        ]
    ],
    "nodes": [
        3,
        3,
        3,
        3,
        3
    ],
    "scene": 0
}