{
    "centers": [
        [
            -6.431197149484489,
            7.770558746597214,
            -0.15827308578426402
        ],
        [
            7.723984176129612,
            1.3204484903142095,
            -0.44286086075308617
        ],
        [
            -8.388816274568743,
            -3.7144881151050146,
            -0.4296803071848211
        ],
        [
            -2.2412410276001253,
            4.446521308855935,
            -0.499411522169251
        ]
    ],
    "nodes": [
        2,
        2,
        3,
        3
    ],
    "scene": 5
}