{
    "centers": [
        [
            -9.819584869090178,
            -4.721728391085129,
            -0.125984947790583
        ],
        [
            2.2250630227096924,
            -9.339257813448416,
            -0.22085179236384078
        ],
        [
            -0.5834766546883223,
            2.8884029135810003,
            -0.10829045164601658
        ]
    ],
    "nodes": [
        1,
        2,
        2
    ],
    "scene": 5
}