{
    "centers": [
        [
            6.909000936066278,
            -2.764820156938514,
            -0.1433881033277774
        ],
        [
            8.918856487254445,
            -9.087761660019924,
            -0.39583460055109637
        ],
        [
            -9.215437218152857,
            7.591479500557451,
            -0.12443000968552576
        ],
        [
            -3.6172164830543334,
            4.762233988900794,
            -0.30468789829871046
        ],
        [
            5.401039287399028,
            -3.5519094946786245,
            -0.3850157696591085
        ],
        [
            -2.2034837130807112,
            0.4450835378993965,
            -0.1680629503826243
        ],
        [
            7.712544231652423,
            -4.733023177992064,
            -0.4044174433143169
        ],
        [
            0.4220917447885082,
            -7.5036370290165095,
            -0.12881993469509623
        ]
    ],
    "nodes": [
        1,
        2,
        2,
        2,
        3,
        3,
        3,
        3
    ],
    "scene": 5
}