{
    "centers": [
        [
            -3.797053830273436,
            2.7956537115421156,
            -0.4048118816626071
        ],
        [
            -9.36924859479766,
            0.9534415321192498,
            -0.44170063426736067
        ],
        [
            -7.877962922426416,
            -6.588931324676814,
            -0.24607265985720245
        ]
    ],
    "nodes": [
        2,
        3,
        3
    ],
    "scene": 5
}