{
    "centers": [
        [
            0.2945202665509523,
            -8.890336605588459,
            -0.4119622848515748
        ],
        [
            -0.6117060317752134,
            2.7753575601414155,
            -0.13705102513232664
        ],
        [
            -3.233656280167896,
            -1.7800224833616483,
            -0.32740769088610133
        ],
        [
            1.2244374478970936,
            -4.351916742476794,
            -0.34920657626242024
        ],
        [
            -6.617436987442538,
            5.385162214216786,
            -0.36805603325271863
        ],
        [
            8.774390793295993,
            9.614061245704658,
            -0.47737672981354123
        ]
    ],
    "nodes": [
        1,
        2,
        3,
        3,
        3,
        3
    ],
    "scene": 5
}