{
    "centers": [
        [
            -9.175587265706724,
            -6.421782359333578,
            -0.43604082683638273
        ],
        [
            5.6618834178081485,
            6.192783959524771,
            -0.16682274127409796
        ],
        [
            4.076350894442131,
            -8.333824081354493,
            -0.12937732389893086
        ],
        [
            -4.910634240361209,
            9.388318066884377,
            -0.21080394156543736
        ],
        [
            1.291534906368792,
            -9.241111004515831,
            -0.1935822906630218
        ]
    ],
    "nodes": [
        2,
        3,
        3,
        4,
        4
    ],
    "scene": 6
}