{
    "centers": [
        [
            -4.409724976445027,
            -7.485349176458305,
            -0.20877344027107902
        ],
        [
            -5.955060800105434,
            -2.0629816809517347,
            -0.1395825499178276
        ],
        [
            -3.279444159170928,
            8.844372691783036,
            -0.31490234231895536
        ],
        [
            1.988745374566614,
            0.020331296993605363,
            -0.47291966798628265
        ],
        [
            4.178853617193752,
            -5.5088264488516,
            -0.49970675901994516
        ]
    ],
    "nodes": [
        2,
        3,
        3,
        3,
        4
    ],
    "scene": 6
}