{
    "centers": [
        [
            3.744250117901961,
            -6.4510251387704365,
            -0.16985728321790827
        ],
        [
            8.826121677971514,
            4.605397960269812,
            -0.11552362464398674
        ],
        [
            9.565744228833964,
            2.672081075990631,
            -0.4030692469141676
        ]
    ],
    "nodes": [
        3,
        3,
        4
    ],
    "scene": 6
}