{
    "centers": [
        [
            -5.584493668485242,
            -2.3748833208027627,
            -0.19173490406669713
        ],
        [
            -1.0566564124922238,
            -7.06787704335831,
            -0.30056592468097415
        ],
        [
            -0.17044259318686983,
            4.353455852399401,
            -0.21959671878782994
        ],
        [
            5.37774585642984,
            -3.4568793758074934,
            -0.44518562481508117
        ]
    ],
    "nodes": [
        3,
        3,
        4,
        4
    ],
    "scene": 6
}