{
    "centers": [
        [
            8.752372198314585,
            1.148426785985098,
            -0.47245834901728406
        ],
        [
            -8.938617437419996,
            2.8512523220472925,
            -0.37348399459820003
        ],
        [
            -7.905022940133515,
            -3.7389936630114367,
            -0.30764458441429754
        ]
    ],
    "nodes": [
        3,
        3,
        4
    ],
    "scene": 6
}