{
    "centers": [
        [
            -1.5150607136296284,
            -9.094429455189807,
            -0.3417724006190154
        ],
        [
            8.287124048827724,
            -4.427187325514071,
            -0.1394442581545054
        ],
        [
            7.092700577079395,
            -7.770558681829963,
            -0.3953031186310735
        ],
        [
            9.60019130298268,
            -5.630230644336369,
            -0.23031472391787955
        ],
        [
            -9.68520156917446,
            0.9341558204065379,
            -0.3721864202850662
        ],
        [
            -6.062974320895367,
            8.393427050834571,
            -0.3836555629436396
        ]
    ],
    "nodes": [
        3,
        3,
        3,
        3,
        4,
        4
    ],
    "scene": 6
}