{
    "centers": [
        [
            7.574993782284281,
            5.815017268340256,
            -0.1758363618351469
        ],
        [
            9.818629144943124,
            8.135717245128433,
            -0.17810262958651135
        ],
        [
            -3.0146799251090917,
            4.231849996316129,
            -0.2665519168782033
        ],
        [
            -0.33893233504413445,
            -4.466240667903936,
            -0.3046837751350348
        ],
        [
            6.897156760083391,
            9.798036673592737,
            -0.34875306229912884
        ]
    ],
    "nodes": [
        3,
        3,
        3,
        3,
        3
    ],
    "scene": 0
}