{
    "centers": [
        [
            -4.5615025324126695,
            4.837050405567858,
            -0.22093570604842194
        ],
        [
            4.512466725027133,
            9.69515909102783,
            -0.47718221083709983
        ],
        [
            -9.004466146404564,
            -0.6079265149238253,
            -0.48470283021186533
        ],
        [
            -5.825139247967286,
            1.5228166050975886,
            -0.4509339749245632
        ]
    ],
    "nodes": [
        3,
        3,
        3,
        4
    ],
    "scene": 6
}