{
    "centers": [
        [
            0.6639544231425702,
            4.8093962400031405,
            -0.11199213861366575
        ],
        [
            9.15154479038247,
            3.8163396740095674,
            -0.35183802780555284
        ],
        [
            -9.939925926970947,
            1.8201583083550403,
            -0.25718847706531295
        ],
        [
            -7.00545778381803,
            -1.2672571132274122,
            -0.38296053720474765
        ],
        [
            -5.697870976462562,
            9.902864100407978,
            -0.44748061433066116
        ]
    ],
    "nodes": [
        3,
        3,
        3,
        3,
        4
    ],
    "scene": 6
}