{
    "centers": [
        [
            -8.449860533507035,
            4.6981094564348105,
            -0.16733935966673258
        ],
        [
            -1.4298359267467724,
            9.696173893500479,
            -0.2165251121246417
        ],
        [
            -5.322650375261892,
            2.176874912190037,
            -0.4997785921093326
        ],
        [
            3.9256553737896027,
            3.9952977314378266,
            -0.46123182733264445
        ],
        [
            7.6288837097947955,
            -5.178031871168695,
            -0.46535617501678234
        ]
    ],
    "nodes": [
        3,
        3,
        3,
        4,
        4
    ],
    "scene": 6
}