{
    "centers": [
        [
            7.818408676594657,
            -4.095561711011144,
            -0.4776232077431738
        ],
        [
            8.64994039615226,
            -1.5092072124129974,
            -0.2745384769994154
        ],
        [
            4.889526066100675,
            2.651252947019307,
            -0.2833487592267094
        ]
    ],
    "nodes": [
        3,
        3,
        4
    ],
    "scene": 6
}