{
    "centers": [
        [
            6.881193123947973,
            2.9287094805117153,
            -0.240071948348269
        ],
        [
            5.012520472507514,
            4.285238633798711,
            -0.29311905238227043
        ],
        [
            -1.6352846990693433,
            -0.3414400160133688,
            -0.252937876738209
        ],
        [
            9.63474434578422,
            -4.212213453202038,
            -0.4522885054503425
        ]
    ],
    "nodes": [
        3,
        3,
        3,
        4
    ],
    "scene": 6
}