{
    "centers": [
        [
            -9.897990371973709,
            -6.364489490020297,
            -0.33628079401074035
        ],
        [
            -0.1168550371003434,
            6.0553002395983775,
            -0.26646568344754495
        ],
        [
            -2.5641107475200586,
            -2.340053251999641,
            -0.4394495782124047
        ],
        [
            -7.511443206646078,
            -0.7875853887793944,
            -0.38007162985932025
        ],
        [
            2.4311578448911764,
            3.3046601857011755,
            -0.4591319387245506
        ],
        [
            -1.7852535541927335,
            4.856133540469296,
            -0.4026708083643441
        ],
        [
            0.5562612734556929,
            1.7264632563506233,
            -0.3831905726762327
        ]
    ],
    "nodes": [
        2,
        3,
        3,
        3,
        3,
        4,
        4
    ],
    "scene": 6
}