{
    "centers": [
        [
            -3.4887413768862423,
            -7.589066485412452,
            -0.38353879324717693
        ],
        [
            -5.205053188295137,
            0.14068855222857835,
            -0.3178649683512903
        ],
        [
            -0.6242646821480218,
            -2.0382369138567924,
            -0.21197560607191135
        ],
        [
            0.14361031947991876,
            7.23820713001728,
            -0.1295172588838323
        ],
        [
            7.351165039181243,
            5.075987028855993,
            -0.19277741032418283
        ],
        [
            1.9409087754446404,
            -1.1637850622605068,
            -0.47758201467170497
        ],
        [
            6.222461308339614,
            -5.984199164193393,
            -0.26884137359147997
        ]
    ],
    "nodes": [
        2,
        3,
        3,
        3,
        3,
        4,
        4
    ],
    "scene": 6
}