{
    "centers": [
        [
            -5.117466963612356,
            -5.260356966413076,
            -0.2794274685075126
        ],
        [
            -1.3238665521539303,
            -7.123913813492488,
            -0.44225102351941126
        ],
        [
            0.20646255025447147,
            8.188801729499652,
            -0.1569436569123761
        ]
    ],
    "nodes": [
        3,
        3,
        4
    ],
    "scene": 6
}