{
    "centers": [
        [
            -9.299844896367144,
            6.04987489639241,
            -0.49699643516780795
        ],
        [
            2.368818488761553,
            -3.903137959194421,
            -0.16518414419645816
        ],
        [
            7.12627548854217,
            -3.013209761354805,
            -0.10775126913919869
        ],
        [
            9.739676446284836,
            4.259088082967699,
            -0.2555222123761176
        ]
    ],
    "nodes": [
        3,
        3,
        4,
        4
    ],
    "scene": 6
}