{
    "centers": [
        [
            1.5967554585305184,
            8.74051855861013,
            -0.14090243098267557
        ],
        [
            -2.9836181869507916,
            1.6252825775659225,
            -0.3879863858879207
        ],
        [
            -0.18519835544324792,
            -3.7062365160373574,
            -0.4827632181604526
        ],
        [
            0.9125632963387265,
            -2.409001882324988,
            -0.22298392033671965
        ]
    ],
    "nodes": [
        3,
        3,
        3,
        4
    ],
    "scene": 6
}