{
    "centers": [
        [
            0.8548530062452802,
            0.7315348528782106,
            -0.21193744560476252
        ],
        [
            3.0230332479091064,
            -6.781658198488747,
            -0.4247780659131487
        ],
        [
            6.701689322926686,
            -2.771248210319195,
            -0.12234047195643721
        ],
        [
            8.619605053916345,
            -8.08645383528511,
            -0.47830756264880736
        ],
        [
            9.955990721456427,
            -5.235399577725848,
            -0.49993395429862286
        ]
    ],
    "nodes": [
        3,
        3,
        3,
        4,
        4
    ],
    "scene": 6
}