{
    "centers": [
        [
            1.1998657249913887,
            -5.65151744289097,
            -0.17715667084687792
        ],
        [
            -6.859817264426804,
            -2.8513663630242325,
            -0.122629925601902
        ],
        [
            -3.3444883444025724,
            3.389585068228575,
            -0.4488856783627456
        ],
        [
            3.858278363400256,
            -8.71313411678898,
            -0.4725775070513022
        ]
    ],
    "nodes": [
        2,
        3,
        3,
        4
    ],
    "scene": 6
}