{
    "centers": [
        [
            -0.36689651753450114,
            3.2488535165125825,
            -0.2134398042637481
        ],
        [
            -4.055338090908678,
            9.534292410457585,
            -0.44902638151301905
        ],
        [
            -9.318043784101057,
            -3.397048983709694,
            -0.16410639326257065
        ],
        [
            9.31980924909972,
            -5.568779403752666,
            -0.3496346773196084
        ],
        [
            -1.7412016868455495,
            -0.5870525235070971,
            -0.11800817609757325
        ]
    ],
    "nodes": [
        2,
        3,
        3,
        4,
        4
    ],
    "scene": 6
}