{
    "centers": [
        [
            5.899555944518051,
            8.81431352209588,
            -0.159378416021823
        ],
        [
            0.02514113384668093,
            0.03854315649777185,
            -0.23664181327764694
        ],
        [
            -3.501389113181423,
            -4.696478510743183,
            -0.47082472168735623
        ],
        [
            7.922732972085534,
            -1.6577942826817331,
            -0.4640792805649511
        ]
    ],
    "nodes": [
        2,
        3,
        3,
        4
    ],
    "scene": 6
}