{
    "centers": [
        [
            5.137088959729612,
            7.043244349168177,
            -0.2995916427995779
        ],
        [
            -1.341416468138501,
            -1.9417656271297652,
            -0.369003714646869
        ],
        [
            -7.641936367524047,
            -5.058249499550387,
            -0.4991389567096873
        ],
        [
            -0.3110357942060773,
            -9.112050161165275,
            -0.3253425916919753
        ],
        [
            0.6185052056017408,
            -8.41484596604112,
            -0.48157050953697705
        ]
    ],
    "nodes": [
        3,
        3,
        3,
        4,
        4
    ],
    "scene": 6
}