{
    "centers": [
        [
            9.152013078193335,
            -1.4714894031014207,
            -0.4039091665819757
        ],
        [
            -6.0880341875941335,
            7.383588392460439,
            -0.3102204770631074
        ],
        [
            1.4017991434411936,
            0.8518876896513223,
            -0.3821581238010718
        ],
        [
            -4.090589466493773,
            -9.189427663392529,
            -0.2696677220665914
        ],
        [
            -2.0443764535999565,
            3.444488573637871,
            -0.21850763081797486
        ]
    ],
    "nodes": [
        2,
        3,
        3,
        3,
        4
    ],
    "scene": 6
}