{
    "centers": [
        [
            1.716308383892473,
            7.294345542316311,
            -0.11636090806281685
        ],
        [
            -9.703228723166273,
            -0.6607614033071041,
            -0.42697497267441015
        ],
        [
            4.6629803317100365,
            9.819164886422463,
            -0.4926426491608855
        ]
    ],
    "nodes": [
        3,
        3,
        4
    ],
    "scene": 6
}