{
    "centers": [
        [
            3.9343689513223357,
            9.843175525685272,
            -0.3410038756366186
        ],
        [
            -5.655243206186398,
            0.0004865908449573908,
            -0.2702690311149816
        ],
        [
            -3.9742048745586374,
            -6.6954841596874415,
            -0.4533342541675098
        ],
        [
            -7.6136980514929515,
            7.1945646457973496,
            -0.11838273328319637
        ]
    ],
    "nodes": [
        2,
        3,
        3,
        4
    ],
    "scene": 6
}