{
    "centers": [
        [
            -7.115521159336719,
            -5.102165859464856,
            -0.20037550458482117
        ],
        [
            1.1968554896281027,
            5.706746417999716,
            -0.294408198363977
        ],
        [
            0.11133514643740305,
            0.6839563952722756,
            -0.29643428840770514
        ],
        [
            -5.33880827987802,
            -8.202604796544176,
            -0.3970203843818426
        ],
        [
            -9.704702686660196,
            2.2398035496972852,
            -0.3487889195153919
        ]
    ],
    "nodes": [
        2,
        3,
        3,
        4,
        4
    ],
    "scene": 6
}