{
    "centers": [
        [
            9.447588446067218,
            -5.802363381320985,
            -0.3412515083998102
        ],
        [
            -5.521845541719612,
            9.692766394674312,
            -0.42593849034524905
        ],
        [
            8.571990755587834,
            -2.8467387149532346,
            -0.2275088419553768
        ]
    ],
    "nodes": [
        3,
        3,
        3
    ],
    "scene": 0
}