{
    "centers": [
        [
            -1.5349830517237013,
            6.5201501098636,
            -0.1494069436283203
        ],
        [
            2.4864762302874333,
            7.869379224175081,
            -0.4581856764296977
        ],
        [
            8.724972768225253,
            0.6778858210590695,
            -0.26458774542831176
        ],
        [
            -4.666463534169805,
            -9.665090006082975,
            -0.12059856901576188
        ]
    ],
    "nodes": [
        1,
        1,
        1,
        1
    ],
    "scene": 7
}