{
    "centers": [
        [
            -7.80850740174623,
            -7.505147838197295,
            -0.1965925378418557
        ],
        [
            -8.913839125437168,
            1.7202972055770545,
            -0.11720700896988206
        ],
        [
            -6.358960350653313,
            5.399667773506437,
            -0.2877123524243639
        ]
    ],
    "nodes": [
        1,
        1,
        3
    ],
    "scene": 7
}