{
    "centers": [
        [
            -1.8585707519102694,
            4.379202246292799,
            -0.4688999568574891
        ],
        [
            -9.954727855545702,
            -5.649077565657958,
            -0.1390477034233264
        ],
        [
            7.098003707390056,
            -9.454127159862471,
            -0.18554169640010992
        ],
        [
            -6.658716734054664,
            8.555942203473652,
            -0.3885227632308387
        ]
    ],
    "nodes": [
        1,
        1,
        1,
        1
    ],
    "scene": 7
}