{
    "centers": [
        [
            -3.6800023239502515,
            -7.691332617580658,
            -0.23039320737451946
        ],
        [
            -0.29538895749754346,
            -6.685525116233151,
            -0.17931253654395485
        ],
        [
            -7.146865338421642,
            4.626403071235876,
            -0.10611271356897012
        ],
        [
            9.923319008323524,
            1.043332032912872,
            -0.16866995304112398
        ]
    ],
    "nodes": [
        1,
        1,
        1,
        1
    ],
    "scene": 7
}