{
    "centers": [
        [
            -1.823510187552417,
            5.924351743912277,
            -0.3130209541089124
        ],
        [
            8.670643611953054,
            -6.5773129654657865,
            -0.4806223679425749
        ],
        [
            1.5532864407543236,
            -9.540388140394283,
            -0.422364889299896
        ],
        [
            4.3834738702250515,
            -7.50570781809329,
            -0.3533131477129463
        ],
        [
            -9.64430295198035,
            4.655025521206461,
            -0.1723328098792934
        ]
    ],
    "nodes": [
        1,
        1,
        1,
        1,
        3
    ],
    "scene": 7
}