{
    "centers": [
        [
            -0.7119314874375409,
            -1.6984804939590976,
            -0.1674974283666708
        ],
        [
            4.9120970762859155,
            5.7663609934455025,
            -0.39973361535565693
        ],
        [
            2.801820389469187,
            -8.21056043602,
            -0.42570324824805106
        ]
    ],
    "nodes": [
        2,
        2,
        3
    ],
    "scene": 8
}