{
    "centers": [
        [
            -5.790816673424719,
            -2.7571852501445404,
            -0.4972441516052448
        ],
        [
            -3.581940646615294,
            2.1766232424570298,
            -0.1280395971761753
        ],
        [
            -7.8341559247301396,
            -4.684911991180671,
            -0.12321295216799882
        ]
    ],
    "nodes": [
        2,
        2,
        3
    ],
    "scene": 8
}