{
    "centers": [
        [
            -3.5372419034656843,
            2.4505979294022637,
            -0.46207531130068175
        ],
        [
            0.6480949501740181,
            -2.13691821487277,
            -0.3025251880105854
        ],
        [
            2.485722349217099,
            8.471137738694171,
            -0.19713295204948128
        ],
        [
            5.30561215479093,
            -6.209095176675166,
            -0.4142089900036775
        ]
    ],
    "nodes": [
        2,
        2,
        2,
        3
    ],
    "scene": 8
}