{
    "centers": [
        [
            0.17112350024811995,
            -8.35118442727719,
            -0.44979679696497693
        ],
        [
            -3.232098851544545,
            -2.295308938723295,
            -0.11931588589921732
        ],
        [
            -6.725606997734923,
            -6.355586206677691,
            -0.16645106306550983
        ],
        [
            -0.48428356065985056,
            -9.851985909218852,
            -0.3770433191110815
        ]
    ],
    "nodes": [
        2,
        2,
        2,
        2
    ],
    "scene": 8
}