{
    "centers": [
        [
            -9.949916314172638,
            5.099529427445601,
            -0.39969174964678367
        ],
        [
            -2.408853553230239,
            -2.3951709706767144,
            -0.26860379946549984
        ]
    ],
    "nodes": [
        2,
        2
    ],
    "scene": 8
}