{
    "centers": [
        [
            8.895506243963542,
            0.9239795890671729,
            -0.2776533005537768
        ],
        [
            -1.4979371503487275,
            9.64728462340642,
            -0.26181120668740365
        ],
        [
            -7.300978045141324,
            -5.911471073485616,
            -0.47503716440934696
        ]
    ],
    "nodes": [
        2,
        2,
        2
    ],
    "scene": 8
}