{
    "centers": [
        [
            7.471999761273281,
            4.148525436717323,
            -0.2539497508154095
        ],
        [
            1.0409808096169115,
            0.6509337078780479,
            -0.10280539544281547
        ],
        [
            -7.622579385111823,
            7.642970882064628,
            -0.19835907605340802
        ]
    ],
    "nodes": [
        2,
        2,
        3
    ],
    "scene": 8
}