{
    "centers": [
        [
            9.910746713560357,
            -2.981893105894329,
            -0.3849158866343299
        ],
        [
            -6.843831231869151,
            -6.617990264741199,
            -0.2208535314328129
        ],
        [
            -0.23256185027961962,
            1.8362091601940946,
            -0.4608477635803461
        ],
        [
            2.682151412849201,
            -4.1407043202359395,
            -0.4056733254166408
        ]
    ],
    "nodes": [
        2,
        2,
        2,
        3
    ],
    "scene": 8
}