{
    "centers": [
        [
            3.5530093753539944,
            -7.826011531910355,
            -0.31800611104908477
        ],
        [
            1.7942464306223016,
            9.730990726933541,
            -0.33489183028806846
        ],
        [
            6.34046203343884,
            3.2020428593165295,
            -0.209973967988351
        ],
        [
            -7.894907439520136,
            6.733667285016487,
            -0.24492188074097498
        ],
        [
            -3.8158453684930027,
            -2.2632679968364595,
            -0.14664520310432894
        ],
        [
            7.219327331249918,
            1.9882720076373452,
            -0.30331191344460273
        ]
    ],
    "nodes": [
        2,
        2,
        2,
        2,
        2,
        3
    ],
    "scene": 8
}