{
    "centers": [
        [
            -5.191977001227041,
            3.128414573149792,
            -0.27353870369990857
        ],
        [
            -9.95904354712647,
            -7.5338635455637615,
            -0.44245968027554927
        ],
        [
            5.302279354365302,
            -0.01372260301065964,
            -0.4090019366097952
        ],
        [
            1.6179634250580115,
            8.114897382685886,
            -0.4551806366571065
        ],
        [
            -1.5130725189651724,
            -3.675257554952176,
            -0.47810291090342005
        ]
    ],
    "nodes": [
        2,
        2,
        2,
        2,
        3
    ],
    "scene": 8
}