{
    "centers": [
        [
            9.580599457564023,
            -4.028005902752094,
            -0.45001419613344484
        ],
        [
            7.8598701997636695,
            -7.268419282581178,
            -0.11386069891000394
        ],
        [
            0.39376416914163315,
            -2.3997744182860377,
            -0.34206748915723495
        ],
        [
            -2.7737068570475127,
            9.847187421415018,
            -0.11650400135965122
        ]
    ],
    "nodes": [
        2,
        2,
        2,
        2
    ],
    "scene": 8
}