{
    "centers": [
        [
            -7.452991708221257,
            3.6798979803028065,
            -0.45389015487577744
        ],
        [
            -4.467194124869575,
            8.914885783604774,
            -0.4019424292525099
        ],
        [
            7.180969219709638,
            7.44989489616361,
            -0.3549893552359684
        ],
        [
            -5.905571849587781,
            4.577538846998168,
            -0.27621478778260355
        ],
        [
            -9.833375767838383,
            -0.06509692232889819,
            -0.4439046863048409
        ]
    ],
    "nodes": [
        3,
        4,
        4,
        4,
        4
    ],
    "scene": 9
}