{
    "centers": [
        [
            -8.5260751943947,
            7.922167531927297,
            -0.20203049046784882
        ],
        [
            -6.2252989790644175,
            -2.4941883569119883,
            -0.4134921285555779
        ],
        [
            7.6188170442312,
            -9.53543945014621,
            -0.10844450358723484
        ],
        [
            3.7658267095812548,
            -5.273943790739894,
            -0.2826623753598959
        ],
        [
            -9.83549828560066,
            -7.186583410297458,
            -0.4513686980921957
        ]
    ],
    "nodes": [
        4,
        4,
        4,
        4,
        4
    ],
    "scene": 9
}