{
    "centers": [
        [
            -6.002658330902866,
            -4.752293353753256,
            -0.34668737471963373
        ],
        [
            -0.681948170343798,
            -2.137010794608365,
            -0.2544556769548879
        ],
        [
            -9.598606238757021,
            4.556249497788244,
            -0.18753653485140098
        ]
    ],
    "nodes": [
        4,
        4,
        4
    ],
    "scene": 9
}