{
    "centers": [
        [
            7.024745971569807,
            -9.539393203911047,
            -0.2684411138782107
        ],
        [
            4.949811413372345,
            -7.2541233238647855,
            -0.2684131209467633
        ],
        [
            2.5476371488911997,
            -5.836762780782944,
            -0.1686266608414222
        ],
        [
            -0.7380377800797238,
            6.889310306435917,
            -0.1720698046886584
        ]
    ],
    "nodes": [
        3,
        4,
        4,
        4
    ],
    "scene": 9
}