{
    "centers": [
        [
            2.5228805678586532,
            7.538645586986888,
            -0.18981870024521807
        ],
        [
            6.421333581476404,
            -5.56645142734181,
            -0.48487430364480605
        ],
        [
            -4.463766033624175,
            -1.0352018534090668,
            -0.2458028748281363
        ],
        [
            -8.208226141236539,
            -8.61387005774401,
            -0.3196294053448506
        ],
        [
            3.548648132611456,
            1.1289443767659364,
            -0.29070130807724937
        ],
        [
            9.243020408878351,
            -6.616138453064573,
            -0.3107451538368292
        ]
    ],
    "nodes": [
        4,
        4,
        4,
        4,
        4,
        4
    ],
    "scene": 9
}