{
    "centers": [
        [
            -8.28144944242439,
            3.1745747786352467,
            -0.32531104235424535
        ],
        [
            -2.390332534367454,
            -1.6611678167640793,
            -0.22519761503875851
        ],
        [
            4.384280344788296,
            7.802276297983937,
            -0.21244825062789202
        ],
        [
            0.3141698409246878,
            -9.644017126089064,
            -0.20337276675053623
        ]
    ],
    "nodes": [
        4,
        4,
        4,
        4
    ],
    "scene": 9
}