{
    "centers": [
        [
            -4.059008048472135,
            -2.4778646410827587,
            -0.19971816425278044
        ],
        [
            1.0981018961371607,
            3.793397617345576,
            -0.26739147074314007
        ],
        [
            4.186316940777129,
            0.8726901460484662,
            -0.20104846208149657
        ],
        [
            2.932666322767023,
            8.41625047092596,
            -0.18188795656162166
        ]
    ],
    "nodes": [
        3,
        4,
        4,
        4
    ],
    "scene": 9
}