{
    "centers": [
        [
            5.364967842947308,
            -9.722396065184595,
            -0.4920695075633791
        ],
        [
            -6.696953511226777,
            9.925573008979281,
            -0.15621207684848742
        ],
        [
            4.462025496739308,
            -1.6958529362689916,
            -0.2832053879541851
        ],
        [
            2.1179328837151132,
            6.848893020119547,
            -0.35199779345021076
        ],
        [
            -9.57944817437782,
            -7.821466868433791,
            -0.2944893053175794
        ]
    ],
    "nodes": [
        3,
        4,
        4,
        4,
        4
    ],
    "scene": 9
}