{
    "centers": [
        [
            -4.385667190464069,
            1.3212881632848354,
            -0.4363132689383099
        ],
        [
            9.794218208711229,
            0.6090691049276984,
            -0.18570666133719205
        ],
        [
            4.961400774128919,
            8.992464620528523,
            -0.43620677444022105
        ],
        [
            2.7032256557655305,
            -9.051787096409985,
            -0.40576235104458724
        ],
        [
            -8.607918105107332,
            -0.566733963876656,
            -0.18081974668509398
        ],
        [
            7.952612844394203,
            7.942399475028317,
            -0.48233509935425606
        ],
        [
            0.40678094093229156,
            -7.151657378242988,
            -0.17969243335610846
        ]
    ],
    "nodes": [
        3,
        4,
        4,
        4,
        4,
        4,
        4
    ],
    "scene": 9
}