{
    "centers": [
        [
            -1.2065240498098753,
            -4.975388442074884,
            -0.19446224361276299
        ],
        [
            -5.0116650662042765,
            -1.2244968599778439,
            -0.36057068679037707
        ],
        [
            1.58134318205666,
            6.748490123884547,
            -0.3171382796241817
        ],
        [
            9.014031458484283,
            5.8815640577555754,
            -0.48669958211791114
        ]
    ],
    "nodes": [
        4,
        4,
        4,
        4
    ],
    "scene": 9
}