{
    "centers": [
        [
            4.118407259351002,
            5.378220388747838,
            -0.3708498876653339
        ],
        [
            -8.198667133814979,
            -0.3918919405730197,
            -0.3276775072975072
        ],
        [
            7.83468409103585,
            8.161803342847708,
            -0.31827697922784415
        ]
    ],
    "nodes": [
        4,
        4,
        4
    ],
    "scene": 9
}