{
    "centers": [
        [
            -7.331949395102447,
            6.607039093868906,
            -0.17704403832627985
        ],
        [
            -4.720991299627723,
            7.4658824834196125,
            -0.22100908432181793
        ],
        [
            -1.3472060973639195,
            3.0328867824751846,
            -0.3034406614846268
        ],
        [
            -5.382078463561233,
            -0.8233970016200445,
            -0.2433396102931163
        ],
        [
            5.8834948144348065,
            -5.02604958424119,
            -0.24284801167447523
        ],
        [
            9.373300315853879,
            -2.960977236445581,
            -0.1188746622781689
        ]
    ],
    "nodes": [
        3,
        4,
        4,
        4,
        4,
        4
    ],
    "scene": 9
}