{
    "centers": [
        [
            -6.154504413909761,
            9.225694482809597,
            -0.33390042000101494
        ],
        [
            -5.533402029717225,
            -0.2538402599486034,
            -0.4429576623917884
        ],
        [
            -0.16094738240287398,
            -2.776026524781832,
            -0.38355238647333456
        ],
        [
            5.780231509310209,
            3.4424582613176664,
            -0.22616549414782994
        ],
        [
            -4.247104734098006,
            -4.934157547138717,
            -0.3945502768086132
        ],
        [
            7.936429117773024,
            5.574205950260174,
            -0.2728112198678886
        ],
        [
            8.839311393821298,
            -6.104542651499807,
            -0.22245736980878467
        ]
    ],
    "nodes": [
        3,
        4,
        4,
        4,
        4,
        4,
        4
    ],
    "scene": 9
}