{
    "centers": [
        [
            8.945247733189198,
            -6.441753561459254,
            -0.44907500505024667
        ],
        [
            -5.748534679827221,
            7.241698037953483,
            -0.3562194594474041
        ],
        [
            6.4724355491191545,
            1.443450929904003,
            -0.35952992572667497
        ],
        [
            2.943991510536886,
            -8.053730373190115,
            -0.3546332023713912
        ],
        [
            -0.8151428367359159,
            8.301726209449601,
            -0.43874186546212596
        ]
    ],
    "nodes": [
        3,
        4,
        4,
        4,
        4
    ],
    "scene": 9
}