{
    "centers": [
        [
            2.3784692018350047,
            8.993432888082253,
            -0.4861459135975936
        ],
        [
            7.218080767938627,
            -2.502427533365907,
            -0.4367891461577885
        ],
        [
            8.577619895549248,
            0.1888532678369632,
            -0.4271292835250543
        ],
        [
            -5.178152803151339,
            -0.5672476248941845,
            -0.4892621379580627
        ],
        [
            -8.463219504798726,
            1.2003624593100568,
            -0.18229232236570103
        ]
    ],
    "nodes": [
        4,
        4,
        4,
        4,
        4
    ],
    "scene": 9
}