{
    "centers": [
        [
            8.301270005070169,
            0.06584138311586685,
            -0.4861581038252299
        ],
        [
            4.072262999039186,
            -4.635508725278439,
            -0.16578328312370688
        ],
        [
            -0.6108337508300199,
            4.847290288805464,
            -0.3857748135599892
        ],
        [
            7.274904465836439,
            -0.7352742677532653,
            -0.3032487993417736
        ]
    ],
    "nodes": [
        3,
        4,
        4,
        4
    ],
    "scene": 9
}