{
    "centers": [
        [
            -3.471443169507012,
            8.181112336867582,
            -0.4032878766574671
        ],
        [
            0.43800554158507055,
            -8.286736488463958,
            -0.14839061332903453
        ],
        [
            -1.320628277000914,
            1.671997353046324,
            -0.31023599717273903
        ],
        [
            -9.793990801342481,
            -4.957865641452976,
            -0.42011949644769947
        ],
        [
            -8.81337593480611,
            2.471254303411918,
            -0.20947047363980814
        ],
        [
            5.769965650226476,
            -0.4979424150431626,
            -0.34512445514057
        ],
        [
            9.717188265504177,
            -2.892269615569523,
            -0.36729822411785595
        ]
    ],
    "nodes": [
        3,
        4,
        4,
        4,
        4,
        4,
        4
    ],
    "scene": 9
}