{
    "centers": [
        [
            3.9909290209493093,
            -1.7756891876068828,
            -0.4794466843124593
        ],
        [
            -5.215616748791447,
            7.963358460083111,
            -0.29333076664966173
        ],
        [
            1.5939207995280924,
            -4.416631054358495,
            -0.14785237667309326
        ],
        [
            -6.84551849373864,
            2.83344329499414,
            -0.10144087725478435
        ]
    ],
    "nodes": [
        3,
        4,
        4,
        4
    ],
    "scene": 9
}