{
    "centers": [
        [
            -7.543285858889632,
            -5.928853625941666,
            -0.26716837145348493
        ],
        [
            9.773718742150738,
            1.3551563031969103,
            -0.19449323026758802
        ],
        [
            3.3990013838321786,
            -8.386667895460654,
            -0.28647436777600166
        ],
        [
            -6.151122936363265,
            -6.695855918600819,
            -0.4572514908461684
        ]
    ],
    "nodes": [
        3,
        4,
        4,
        4
    ],
    "scene": 9
}