{
    "centers": [
        [
            -2.8819755546771475,
            2.0222452490926237,
            -0.372657940606415
        ],
        [
            8.258081882562614,
            4.265926178646787,
            -0.11784731043547003
        ],
        [
            -6.444499000885862,
            7.210223996077602,
            -0.4571526992637698
        ],
        [
            7.049374284456967,
            -8.66353709021064,
            -0.1688682508344601
        ],
        [
            -9.675382373869203,
            2.6575276064247113,
            -0.1382106968874286
        ],
        [
            -0.2471901025743879,
            -3.6135922206694975,
            -0.10434284898271629
        ]
    ],
    "nodes": [
        3,
        4,
        4,
        4,
        4,
        4
    ],
    "scene": 9
}