{
    "centers": [
        [
            5.989499669804115,
            9.71831822525451,
            -0.24045655002561844
        ],
        [
            -8.489331327599087,
            -3.0344282519296284,
            -0.34602491332571195
        ],
        [
            -0.7754172497465177,
            -9.998965255014756,
            -0.3254614430932405
        ],
        [
            8.116665307043597,
            5.660464459457824,
            -0.30461430541937184
        ],
        [
            -6.5148369068198235,
            -0.305467536755355,
            -0.4452670093431751
        ]
    ],
    "nodes": [
        4,
        4,
        4,
        4,
        4
    ],
    "scene": 9
}