{
    "centers": [
        [
            -4.8477998137608935,
            -6.4461407091553635,
            -0.3440214408528772
        ],
        [
            -2.20830415236851,
            -1.4811061393640017,
            -0.18555492767424453
        ],
        [
            6.364153897108945,
            9.099459133444423,
            -0.3138360502474439
        ],
        [
            -9.718651617673789,
            -3.6806732199722543,
            -0.3737527542905753
        ]
    ],
    "nodes": [
        4,
        4,
        4,
        4
    ],
    "scene": 9
}