{
    "centers": [
        [
            -4.66614740234305,
            -9.358135608177738,
            -0.22091418939962187
        ],
        [
            9.758157391089913,
            7.723091049174688,
            -0.46483260287244665
        ],
        [
            -9.671748847496362,
            -3.2138097113970376,
            -0.14719887370310658
        ],
        [
            6.930475217463641,
            -1.7344362744934632,
            -0.35951878938110204
        ],
        [
            -1.4220015826168328,
            -2.602000434037974,
            -0.3306404561267937
        ]
    ],
    "nodes": [
        3,
        4,
        4,
        4,
        4
    ],
    "scene": 9
}