{
    "centers": [
        [
            -6.557272524057394,
            5.666310060660262,
            -0.34594240233312923
        ],
        [
            3.4420303563019097,
            6.593607904654071,
            -0.12474110840533648
        ],
        [
            1.7303266077042512,
            4.3596845179889385,
            -0.38322486683202084
        ],
        [
            -7.187306704771814,
            -0.7031671527105665,
            -0.3716585082858179
        ]
    ],
    "nodes": [
        4,
        4,
        4,
        4
    ],
    "scene": 9
}