{
    "centers": [
        [
            7.94663608139188,
            -1.891986078064729,
            -0.4870951525824664
        ],
        [
            -1.8332370729640814,
            -5.916144398804615,
            -0.2847201995975758
        ],
        [
            -7.611972396629795,
            -0.970181852460561,
            -0.18597470860450277
        ],
        [
            -4.736557897693254,
            6.7802176373968805,
            -0.2085967220126032
        ],
        [
            9.729646782624396,
            0.8621110505204026,
            -0.12182088824099574
        ]
    ],
    "nodes": [
        4,
        4,
        4,
        4,
        4
    ],
    "scene": 9
}