{
    "centers": [
        [
            3.774872695170261,
            2.311865386049252,
            -0.24501697524647498
        ],
        [
            -0.8660444685449775,
            6.284121045036887,
            -0.3056792934254047
        ],
        [
            -7.819215824307014,
            1.2422319783632254,
            -0.30774167767075844
        ],
        [
            0.32345371827937797,
            4.423937965892261,
            -0.34272685169016903
        ],
        [
            7.219422022595836,
            -6.498136285027398,
            -0.3096118912010647
        ],
        [
            4.720923049123606,
            -8.438137227268566,
            -0.32525757399158217
        ],
        [
            -6.914082082059238,
            -4.615858922526003,
            -0.23067040826263313
        ]
    ],
    "nodes": [
        3,
        4,
        4,
        4,
        4,
        4,
        4
    ],
    "scene": 9
}