{
    "centers": [
        [
            1.4095277999514817,
            1.8426132856991746,
            -0.14118885359416083
        ],
        [
            0.49551786832810585,
            0.30217820121884564,
            -0.22034691413644586
        ],
        [
            -2.875569387197146,
            6.717277022153606,
            -0.1535749386844134
        ],
        [
            -7.398554347936814,
            9.518633149402216,
            -0.3648813531176349
        ],
        [
            -0.5261964541506874,
            -5.1604313708659895,
            -0.2516158829295122
        ]
    ],
    "nodes": [
        3,
        4,
        4,
        4,
        4
    ],
    "scene": 9
}