{
    "centers": [
        [
            3.1847375076861777,
            -2.0638488934721906,
            -0.1750359656035998
        ],
        [
            -0.05031093729702896,
            5.685782521319428,
            -0.1492358076914776
        ],
        [
            -9.802008046251967,
            0.8908949196848432,
            -0.25982229079228153
        ],
        [
            -8.933964958656752,
            -0.3493291623934791,
            -0.49545291965594307
        ],
        [
            5.536878223829554,
            7.55246695499147,
            -0.3779847763592617
        ]
    ],
    "nodes": [
        3,
        4,
        4,
        4,
        4
    ],
    "scene": 9
}