{
    "centers": [
        [
            1.4224081672687596,
            6.486352143055193,
            -0.29251741495722317
        ],
        [
            0.44411230893960507,
            9.626544747714338,
            -0.2973659926583452
        ],
        [
            -2.99727590502302,
            -3.2285944766155072,
            -0.22528293466439658
        ],
        [
            -9.054765675889078,
            -6.568695347026521,
            -0.45743503266933455
        ],
        [
            -1.7168402444961988,
            -5.570790820344314,
            -0.40595977275533773
        ],
        [
            -0.47420944661786635,
            -4.610314190577389,
            -0.28402631017079666
        ]
    ],
    "nodes": [
        4,
        4,
        4,
        4,
        4,
        4
    ],
    "scene": 9
}