{
    "centers": [
        [
            1.5576733234222964,
            1.5013111624347708,
            -0.29289039037999454
        ],
        [
            -7.155994703035191,
            4.985116409567068,
            -0.4408601901017455
        ],
        [
            -0.7035807524870954,
            -1.9018924250575768,
            -0.4053283477930584
        ],
        [
            -5.186014828485819,
            -9.654872573990687,
            -0.4178626455693652
        ]
    ],
    "nodes": [
        4,
        4,
        4,
        4
    ],
    "scene": 9
}