{
    "centers": [
        [
            6.223038931138959,
            5.625366886862182,
            -0.45951648020150404
        ],
        [
            -8.33607756253336,
            4.266353570018106,
            -0.32131727174251234
        ],
        [
            -0.6815189799967651,
            -9.366045967723206,
            -0.23436623789936767
        ],
        [
            -6.789698726279254,
            1.4564948171992569,
            -0.1464600966610915
        ]
    ],
    "nodes": [
        4,
        4,
        4,
        4
    ],
    "scene": 9
}