{
    "centers": [
        [
            2.8822735847528698,
            4.422299569389274,
            -0.17299042352910038
        ],
        [
            -8.14867765482305,
            6.8208221434192,
            -0.34198254133946826
        ],
        [
            -8.917474057913662,
            -7.551668239315488,
            -0.4955135250903811
        ],
        [
            7.57470944636302,
            -8.639699046841931,
            -0.41504145174410456
        ],
        [
            4.3506199437882405,
            -6.556351003990639,
            -0.25303029908064567
        ]
    ],
    "nodes": [
        4,
        4,
        4,
        4,
        4
    ],
    "scene": 9
}