{
    "centers": [
        [
            2.9977284317023667,
            3.2261096421490425,
            -0.2925032742117175
        ],
        [
            -9.012913150790405,
            -7.567893868764626,
            -0.13000552286861805
        ],
        [
            -3.899277143126012,
            9.408455066329545,
            -0.3306080678839169
        ],
        [
            8.465396172189855,
            -8.206482448259187,
            -0.26176343320197
        ],
        [
            4.391485115452092,
            -8.924383554190038,
            -0.16801031984328635
        ]
    ],
    "nodes": [
        4,
        4,
        4,
        4,
        4
    ],
    "scene": 9
}