{
    "centers": [
        [
            8.341983608661224,
            -2.8190338321605957,
            -0.3787902916361921
        ],
        [
            1.121471998920903,
            -7.048477336349956,
            -0.38132046003924913
        ],
        [
            4.587169564510285,
            0.42730526098393184,
            -0.4426617214313563
        ],
        [
            5.286475044733114,
            -3.8984068999599923,
            -0.4715641569119559
        ],
        [
            -7.83291858710993,
            8.337006831392273,
            -0.42972605979226697
        ]
    ],
    "nodes": [
        4,
        4,
        4,
        4,
        4
    ],
    "scene": 9
}