{
    "centers": [
        [
            4.9733920426657505,
            5.694115580738941,
            -0.2516467044728358
        ],
        [
            -1.5071673563011334,
            -8.994092326646966,
            -0.2675101866399655
        ],
        [
            -4.362061004008475,
            0.2820153844313733,
            -0.24362857929351384
        ]
    ],
    "nodes": [
        4,
        4,
        4
    ],
    "scene": 9
}