{
    "centers": [
        [
            0.6164928615649892,
            -4.359902583111808,
            -0.40909397801989406
        ],
        [
            -9.047084513069503,
            5.378265655839698,
            -0.23660727672046178
        ],
        [
            -5.851634368748771,
            8.362072124269954,
            -0.16472072207994554
        ],
        [
            8.594911774949633,
            2.1654543626076883,
            -0.1884963072590614
        ],
        [
            2.3364649551986556,
            -6.820623595391167,
            -0.10728308001481507
        ],
        [
            1.66922705291897,
            0.9540456840037841,
            -0.29431305636115646
        ]
    ],
    "nodes": [
        4,
        4,
        4,
        4,
        4,
        4
    ],
    "scene": 9
}