{
    "centers": [
        [
            -6.78206690611582,
            8.464630192071173,
            -0.30746735591387464
        ],
        [
            -1.699556957689536,
            7.234518509850233,
            -0.2072326113128214
        ],
        [
            -4.578656847717761,
            9.735774864169471,
            -0.3558031714579417
        ]
    ],
    "nodes": [
        4,
        4,
        4
    ],
    "scene": 9
}