{
    "centers": [
        [
            -4.621205410474019,
            -1.5501217691915095,
            -0.2774592511569357
        ],
        [
            4.861077669048221,
            1.1911178844720496,
            -0.32518096324078044
        ],
        [
            -2.332446075749923,
            6.228252764298418,
            -0.38199973337138704
        ],
        [
            -9.762496618918384,
            -3.1176584504065037,
            -0.4142605480532801
        ],
        [
            1.1972126358592732,
            9.057165281275573,
            -0.19999243972701886
        ],
        [
            5.886927982189739,
            -6.236194991484072,
            -0.3142544261480765
        ]
    ],
    "nodes": [
        3,
        4,
        4,
        4,
        4,
        4
    ],
    "scene": 9
}