{
    "centers": [
        [
            6.129889947259219,
            -9.902043613117623,
            -0.3915357428861824
        ],
        [
            -0.037867839873372944,
            -4.9177261898939095,
            -0.11889577211542862
        ],
        [
            9.732600262730475,
            -2.8794157730393266,
            -0.14892461382381694
        ],
        [
            -5.461321707719879,
            4.837572609749168,
            -0.22902232146540208
        ]
    ],
    "nodes": [
        4,
        4,
        4,
        4
    ],
    "scene": 9
}