{
    "centers": [
        [
            -2.204881827162863,
            -9.44016226116926,
            -0.3215448988934292
        ],
        [
            0.46014554356857573,
            2.115093226959111,
            -0.3043260271334207
        ],
        [
            5.398571992571474,
            6.398565428096774,
            -0.1779551858484773
        ],
        [
            -9.540206673028715,
            0.14004249531498658,
            -0.2237925841898672
        ],
        [
            3.581859000150473,
            -4.0794377016825045,
            -0.2538899213455229
        ],
        [
            7.88794580611145,
            2.8943597306023925,
            -0.10136204874050642
        ],
        [
            6.401741752444444,
            -2.7978430497577778,
            -0.3228231355740438
        ],
        [
            -8.9319887259335,
            8.353566045391052,
            -0.4658115726439689
        ]
    ],
    "nodes": [
        3,
        3,
        3,
        3,
        3,
        3,
        3,
        3
    ],
    "scene": 1
}