{
    "centers": [
        [
            9.227101888521297,
            6.485626116122539,
            -0.36912321994251607
        ],
        [
            -3.8952791186320557,
            2.87707696708938,
            -0.2667901725222028
        ],
        [
            -6.403232541770711,
            4.942942349085422,
            -0.4783848335612765
        ],
        [
            9.991451409076134,
            -8.042640747047038,
            -0.4069409466572167
        ],
        [
            -8.504566376835797,
            -0.8449877294378858,
            -0.14286140663288416
        ]
    ],
    "nodes": [
        3,
        3,
        3,
        3,
        3
    ],
    "scene": 1
}