{
    "centers": [
        [
            6.561381940035403,
            -0.4603167519910283,
            -0.13620221752642547
        ],
        [
            -6.080635240970034,
            -1.5033428922828662,
            -0.32376058339814595
        ],
        [
            0.9161615863559263,
            2.7295697457218147,
            -0.14272918491678588
        ],
        [
            -3.2843470412227838,
            -6.232922876119325,
            -0.3594187075299301
        ],
        [
            -5.410286480997826,
            -3.3747037290782593,
            -0.2505961794691075
        ],
        [
            4.46278777729721,
            5.396008503146607,
            -0.44472156600523577
        ],
        [
            -1.3452455171111275,
            -2.372488770846104,
            -0.3938814190940862
        ],
        [
            3.092824645502887,
            0.4433557871534042,
            -0.3782078358877945
        ],
        [
            9.034027750274603,
            -8.94302542064661,
            -0.395230505701341
        ]
    ],
    "nodes": [
        3,
        3,
        3,
        3,
        3,
        3,
        3,
        3,
        3
    ],
    "scene": 1
}