{
    "centers": [
        [
            -0.31284428383178664,
            4.028700404291776,
            -0.2995706754056042
        ],
        [
            2.394527706982384,
            -8.803264791252145,
            -0.2245435967204859
        ],
        [
            7.982106519771307,
            5.864904700140297,
            -0.4748708625644959
        ],
        [
            3.9459239256649745,
            -6.038935930598015,
            -0.2319707580932509
        ],
        [
            -3.160789755988609,
            -1.1078973920989217,
            -0.22490822318840215
        ]
    ],
    "nodes": [
        3,
        3,
        3,
        3,
        3
    ],
    "scene": 1
}