{
    "centers": [
        [
            -6.336497443357327,
            1.862823638470207,
            -0.47864728317845834
        ],
        [
            -2.105339435696603,
            -3.726324098603431,
            -0.20206079457284593
        ],
        [
            2.721775462042702,
            -9.524701589174295,
            -0.1525842767241326
        ],
        [
            5.427843057169552,
            9.662113481306228,
            -0.1253870501366735
        ],
        [
            0.6972741411746064,
            5.831040837955403,
            -0.1792744247235289
        ],
        [
            -3.8389832838185605,
            -7.262653314582153,
            -0.2698702761023638
        ],
        [
            7.105622783003554,
            4.651781920620174,
            -0.15456945819904022
        ],
        [
            -8.424407565489393,
            7.145368865293264,
            -0.3126308763301282
        ]
    ],
    "nodes": [
        3,
        3,
        3,
        3,
        3,
        3,
        3,
        3
    ],
    "scene": 1
}