{
    "centers": [
        [
            -4.951537825578701,
            -7.9492478196431655,
            -0.14757686570720013
        ],
        [
            -9.459967907240003,
            2.0090934838802923,
            -0.4950552648234007
        ],
        [
            8.981194622964729,
            -9.396169429872756,
            -0.34207595694158577
        ],
        [
            -5.898997426064081,
            -0.7521348955376279,
            -0.3037178024214351
        ],
        [
            0.44947058191016254,
            7.835706760211988,
            -0.2840363699063878
        ],
        [
            -2.124310154867781,
            0.7684188419799671,
            -0.4850859215158479
        ],
        [
            4.010195487205957,
            -6.772152513650466,
            -0.2182679628898872
        ],
        [
            -8.418420402441786,
            5.377303003975737,
            -0.22871246975765752
        ]
    ],
    "nodes": [
        3,
        3,
        3,
        3,
        3,
        3,
        3,
        3
    ],
    "scene": 1
}