{
    "centers": [
        [
            -1.802439812934388,
            2.3564379823758763,
            -0.21589026059541105
        ],
        [
            6.549536970313316,
            0.9575303336327234,
            -0.36405257892764337
        ],
        [
            -4.460335108981866,
            9.88105063587875,
            -0.3161579030843542
        ],
        [
            4.267031632790809,
            -4.3548193884829445,
            -0.3532160504475096
        ],
        [
            -7.172784152126819,
            5.499487883607941,
            -0.24403166431027873
        ],
        [
            -9.431925554576452,
            8.173231098509675,
            -0.3080744343569305
        ],
        [
            -2.8885629554959475,
            -3.718783458091586,
            -0.12490400504963284
        ]
    ],
    "nodes": [
        3,
        3,
        3,
        3,
        3,
        3,
        3
    ],
    "scene": 1
}