{
    "centers": [
        [
            -6.539903534925726,
            -0.9580756828662551,
            -0.46132622548146396
        ],
        [
            1.815244439035684,
            7.450047100899653,
            -0.31422914857648954
        ],
        [
            -3.818962541267865,
            3.79513427009468,
            -0.42368064453686194
        ],
        [
            3.680853557216304,
            2.3602718174707817,
            -0.44296680626593155
        ],
        [
            -1.1996929084051384,
            6.395051984713,
            -0.23479800201634576
        ]
    ],
    "nodes": [
        1,
        1,
        3,
        3,
        3
    ],
    "scene": 2
}