{
    "centers": [
        [
            8.014332436627758,
            2.2560602243815957,
            -0.3213010026202059
        ],
        [
            -0.5995918142579626,
            7.82158682031212,
            -0.4149651745946204
        ],
        [
            4.211903179437165,
            -7.681944537797298,
            -0.4862411764997901
        ],
        [
            -1.2807461238227642,
            -5.439036061269455,
            -0.2420687203368378
        ],
        [
            -6.596322717102017,
            3.5636725618780147,
            -0.41830292980298844
        ]
    ],
    "nodes": [
        1,
        3,
        3,
        3,
        3
    ],
    "scene": 2
}