{
    "centers": [
        [
            -6.615214226313637,
            0.06748039470157252,
            -0.44946350970109317
        ],
        [
            -1.1898675885531205,
            -1.1444876580628875,
            -0.1286998249788741
        ],
        [
            -3.5331579353261873,
            -3.685044217714486,
            -0.3117146945778937
        ],
        [
            -7.9976716237087135,
            -8.680981820791033,
            -0.26597903748709184
        ]
    ],
    "nodes": [
        1,
        1,
        3,
        3
    ],
    "scene": 2
}