{
    "centers": [
        [
            -2.8652691541955644,
            -6.776324223189971,
            -0.2365623366812611
        ],
        [
            -7.406168228517873,
            -9.984438776362044,
            -0.4703410284105645
        ],
        [
            -4.7593832727827445,
            2.588324052609064,
            -0.3026035641689896
        ],
        [
            6.194509898391175,
            5.064274902714786,
            -0.22742890474288957
        ]
    ],
    "nodes": [
        1,
        1,
        3,
        3
    ],
    "scene": 2
}