{
    "centers": [
        [
            4.299602828490389,
            -0.7105713653755323,
            -0.1870832862045383
        ],
        [
            1.2622576861165271,
            -1.9710381248785591,
            -0.27288302727142444
        ],
        [
            -8.942466598897292,
            6.732739686580448,
            -0.21850924002000977
        ],
        [
            2.341841566501767,
            -6.271234170482418,
            -0.20949410120972783
        ],
        [
            -4.408857839565332,
            -8.645683730211452,
            -0.4061974430842708
        ],
        [
            -5.700536449847579,
            -5.307263706864145,
            -0.15286082730530992
        ]
    ],
    "nodes": [
        1,
        1,
        3,
        3,
        3,
        3
    ],
    "scene": 2
}