{
    "centers": [
        [
            -2.7100813381487887,
            4.445113985058667,
            -0.17459006520417963
        ],
        [
            2.599751222328683,
            -2.391239430348559,
            -0.4875414205876458
        ],
        [
            0.43085399424922777,
            -6.725106380083801,
            -0.4238212481760415
        ],
        [
            -5.657435811842273,
            1.0453425850493243,
            -0.3574452273498697
        ]
    ],
    "nodes": [
        1,
        3,
        3,
        3
    ],
    "scene": 2
}