{
    "centers": [
        [
            1.21504465072573,
            -0.9877310034260294,
            -0.3090950773268183
        ],
        [
            -4.127694943243303,
            4.943249342435735,
            -0.22244206386770804
        ],
        [
            -7.930405713094844,
            -5.192060903055388,
            -0.15089375266490973
        ],
        [
            -9.553288227619127,
            9.918175925660066,
            -0.25622301152508803
        ]
    ],
    "nodes": [
        1,
        3,
        3,
        3
    ],
    "scene": 2
}