{
    "centers": [
        [
            5.962778307229431,
            -0.04934150440790752,
            -0.4170430787637372
        ],
        [
            -0.2974609331421245,
            9.025927728982232,
            -0.40410474497295806
        ],
        [
            2.562653826181533,
            -8.129053863112654,
            -0.17908391968090026
        ]
    ],
    "nodes": [
        1,
        3,
        3
    ],
    "scene": 2
}