{
    "centers": [
        [
            4.063624830321359,
            -9.276604753249309,
            -0.3652093199902013
        ],
        [
            -3.506272184857435,
            6.513736503169675,
            -0.35626956611775784
        ],
        [
            -5.02022871099618,
            3.8374204433973507,
            -0.276690193293449
        ],
        [
            0.47930861014038584,
            -6.492167756451668,
            -0.29103241413875147
        ],
        [
            8.930332715377233,
            -1.941413734468549,
            -0.13268974628172175
        ]
    ],
    "nodes": [
        1,
        1,
        3,
        3,
        3
    ],
    "scene": 2
}