{
    "centers": [
        [
            -6.090200354142665,
            8.44511596753447,
            -0.22952186755372195
        ],
        [
            -7.4792392068735225,
            2.7930735095930217,
            -0.4305281833536022
        ],
        [
            2.5282690737194518,
            -9.713853064420892,
            -0.34675452684868413
        ],
        [
            -2.6064203364330085,
            -7.9607210692813934,
            -0.41601519719145036
        ],
        [
            9.379958487846562,
            0.5739095406697281,
            -0.3070116351073171
        ]
    ],
    "nodes": [
        1,
        1,
        3,
        3,
        3
    ],
    "scene": 2
}