{
    "centers": [
        [
            -8.580476931158449,
            4.027399224966823,
            -0.29959965649651066
        ],
        [
            6.756688131721926,
            -2.778624129119807,
            -0.4187554324360749
        ],
        [
            0.20403686072891958,
            -0.8902445330681825,
            -0.19501504017233984
        ],
        [
            1.6036225987968535,
            -1.542713054491898,
            -0.17615654401230618
        ],
        [
            -5.8275657794127955,
            -8.31670705936116,
            -0.18175534008528577
        ],
        [
            -2.190923000845828,
            -5.1268564063312,
            -0.22812645726154074
        ]
    ],
    "nodes": [
        1,
        1,
        3,
        3,
        3,
        3
    ],
    "scene": 2
}