{
    "centers": [
        [
            -2.3940369422557817,
            2.689698579185567,
            -0.2978995958454107
        ],
        [
            -6.7842224350286084,
            -9.59521923086209,
            -0.4959904228455282
        ],
        [
            -5.138143474988562,
            -8.50767421378388,
            -0.3743932040134432
        ],
        [
            5.440327334640449,
            -3.7566670290457775,
            -0.21001323948049727
        ],
        [
            -1.1097194621615678,
            8.447955716192833,
            -0.2745450752089138
        ]
    ],
    "nodes": [
        1,
        1,
        3,
        3,
        3
    ],
    "scene": 2
}