{
    "centers": [
        [
            8.857887324452786,
            -7.93612529310622,
            -0.3714964805052185
        ],
        [
            0.10332012960719794,
            3.486419341641078,
            -0.18462593510729586
        ],
        [
            4.495753058635943,
            8.710035552691092,
            -0.21935094058069232
        ],
        [
            -7.364150354364023,
            -4.1047207338728935,
            -0.2464064131545614
        ],
        [
            -2.443548718644104,
            -3.3469061036048746,
            -0.341463904638197
        ]
    ],
    "nodes": [
        1,
        1,
        3,
        3,
        3
    ],
    "scene": 2
}