{
    "centers": [
        [
            -2.6545143696827562,
            7.461570243822091,
            -0.35833978941919065
        ],
        [
            -9.629250949113402,
            -7.405719410087235,
            -0.31941089959109714
        ],
        [
            4.094904009097775,
            5.889594258132593,
            -0.23640601996523342
        ],
        [
            -3.719542738050463,
            -4.71118956986092,
            -0.4549251308732239
        ]
    ],
    "nodes": [
        1,
        3,
        3,
        3
    ],
    "scene": 2
}