{
    "centers": [
        [
            7.522907913927391,
            7.965831534038259,
            -0.25483267106475854
        ],
        [
            9.694189402207776,
            1.8524826946355955,
            -0.14154808451253081
        ],
        [
            1.5392418595132202,
            9.719087467881234,
            -0.43822245338041277
        ],
        [
            3.8809372034668232,
            -2.6979275928266455,
            -0.41288301304554953
        ]
    ],
    "nodes": [
        1,
        3,
        3,
        3
    ],
    "scene": 2
}