{
    "centers": [
        [
            -3.4428706267922387,
            -8.168023088889655,
            -0.2579795020042973
        ],
        [
            4.7033027129182905,
            -7.03172965396883,
            -0.1269243387238599
        ],
        [
            8.452361755913898,
            -3.3177500833103624,
            -0.35691954021408756
        ],
        [
            -5.848182069218377,
            -1.6041739227631844,
            -0.4253224002379751
        ]
    ],
    "nodes": [
        1,
        1,
        3,
        3
    ],
    "scene": 2
}