{
    "centers": [
        [
            7.22005409748618,
            -8.1224654722336,
            -0.1449945309638928
        ],
        [
            -6.98209494501153,
            8.7229299268798,
            -0.3304653250830909
        ],
        [
            -2.0456084586640078,
            4.378146621786801,
            -0.1796791882781983
        ]
    ],
    "nodes": [
        1,
        3,
        3
    ],
    "scene": 2
}