{
    "centers": [
        [
            -3.610990685933486,
            -7.040548214395006,
            -0.17576671582933573
        ],
        [
            3.427950734307357,
            2.35758972086348,
            -0.37446866156484326
        ],
        [
            6.2918222809690185,
            -3.5429126506791286,
            -0.45029701233758096
        ],
        [
            9.918330110842913,
            -8.274652778112053,
            -0.33414246649466517
        ],
        [
            -9.952045086579115,
            6.6646180679918,
            -0.49291683522853985
        ]
    ],
    "nodes": [
        1,
        1,
        3,
        3,
        3
    ],
    "scene": 2
}