{
    "centers": [
        [
            4.773278391964254,
            8.83253646542078,
            -0.11942922049928478
        ],
        [
            6.804144878269106,
            0.9385082506576747,
            -0.16982294253773794
        ],
        [
            -6.163303556638063,
            2.808902807398413,
            -0.2604731151687991
        ],
        [
            8.315675317843152,
            9.750809636127823,
            -0.35285566707927785
        ]
    ],
    "nodes": [
        1,
        3,
        3,
        3
    ],
    "scene": 2
}