{
    "centers": [
        [
            5.633193775486804,
            8.787417295757184,
            -0.47360800753412285
        ],
        [
            -3.3274494126872316,
            -5.359245398676855,
            -0.24300762570223938
        ],
        [
            -4.014131041057012,
            -3.9789944155614982,
            -0.11293052708615653
        ],
        [
            7.794775924359744,
            -0.567249797374874,
            -0.18415061830084922
        ],
        [
            -2.426004361736334,
            -2.598816644448087,
            -0.3911379251995085
        ]
    ],
    "nodes": [
        1,
        3,
        3,
        3,
        3
    ],
    "scene": 2
}