{
    "centers": [
        [
            -7.413058907326149,
            -2.9880903374020367,
            -0.22954355225029194
        ],
        [
            9.745985504399624,
            -9.395024458123276,
            -0.42033171008067655
        ],
        [
            0.9005342055738179,
            -4.9611042273795425,
            -0.38398946044438953
        ],
        [
            -3.6033341379386012,
            6.915059593000141,
            -0.2794508521664034
        ]
    ],
    "nodes": [
        1,
        1,
        3,
        3
    ],
    "scene": 2
}