{
    "centers": [
        [
            2.274803676276914,
            -5.67216244290621,
            -0.1057191379827146
        ],
        [
            -1.2921943520407968,
            4.19229074425431,
            -0.3706243915177917
        ],
        [
            -2.4588995706351984,
            8.195749842969882,
            -0.4979621012546163
        ],
        [
            6.4763424808608825,
            0.8765902519777455,
            -0.10458844813588697
        ]
    ],
    "nodes": [
        1,
        3,
        3,
        3
    ],
    "scene": 2
}