{
    "centers": [
        [
            5.252363121087891,
            -9.540898864254517,
            -0.46483842443505635
        ],
        [
            2.247940130904574,
            -2.9305675827655246,
            -0.19195081220098364
        ],
        [
            6.723590208329423,
            1.4958064987147583,
            -0.16499924902638363
        ],
        [
            -1.9772968360726502,
            5.738468996326349,
            -0.34067078458699773
        ],
        [
            -6.386102910224494,
            2.371942384882752,
            -0.1340951789660405
        ],
        [
            -2.8012438084446707,
            0.059419069820826564,
            -0.14672622841793892
        ]
    ],
    "nodes": [
        1,
        1,
        3,
        3,
        3,
        3
    ],
    "scene": 2
}