{
    "centers": [
        [
            4.143826428658141,
            4.47020376039864,
            -0.4624835085311564
        ],
        [
            1.8216797347293365,
            7.335606439088419,
            -0.19245922213610056
        ],
        [
            5.874150111401526,
            -1.1440554291812877,
            -0.12371256104859396
        ],
        [
            9.618080053341775,
            -0.390687312202747,
            -0.13895347811740982
        ]
    ],
    "nodes": [
        1,
        3,
        3,
        3
    ],
    "scene": 2
}