{
    "centers": [
        [
            8.18306793167893,
            -6.4172707102638205,
            -0.3732452163766184
        ],
        [
            -9.769343256657248,
            9.526354669832685,
            -0.4659455299683906
        ],
        [
            6.890224359455189,
            -0.5224825932402481,
            -0.32877244581755183
        ],
        [
            1.562705859884833,
            3.3449420784895327,
            -0.4471768460299281
        ],
        [
            0.940914617046742,
            5.21143216147391,
            -0.18899603096670597
        ]
    ],
    "nodes": [
        1,
        3,
        3,
        3,
        3
    ],
    "scene": 2
}