{
    "centers": [
        [
            8.184168409967512,
            2.4093077948393233,
            -0.3401521710470563
        ],
        [
            -4.200384632381633,
            6.780473730925316,
            -0.2889250404876158
        ],
        [
            -6.487457045533153,
            -2.732333532831614,
            -0.19836145204740457
        ],
        [
            -9.963890353488424,
            -8.91325827219754,
            -0.48738235056903617
        ],
        [
            -5.103231076121233,
            3.256095721175944,
            -0.25195462973173555
        ]
    ],
    "nodes": [
        1,
        1,
        3,
        3,
        3
    ],
    "scene": 2
}