{
    "centers": [
        [
            -5.654914258577897,
            -8.20599248501059,
            -0.14443846515567887
        ],
        [
            2.7488995414094965,
            -3.653015815321144,
            -0.4804262303732142
        ],
        [
            9.703978851439839,
            -6.900600144018158,
            -0.378388941852444
        ],
        [
            3.911195768097242,
            -4.87128615319858,
            -0.3222311817059853
        ],
        [
            5.528673495857424,
            3.15680181776864,
            -0.2824055471442894
        ]
    ],
    "nodes": [
        1,
        3,
        3,
        3,
        3
    ],
    "scene": 2
}