{
    "centers": [
        [
            -0.31137016864786027,
            2.628580251915654,
            -0.1251512705995263
        ],
        [
            -3.6536272612390164,
            1.2021067821699756,
            -0.4880221023084962
        ],
        [
            3.313092231859006,
            -3.7850807643679403,
            -0.15541853164016323
        ]
    ],
    "nodes": [
        1,
        3,
        3
    ],
    "scene": 2
}