{
    "centers": [
        [
            8.460718910296634,
            -9.824966767899797,
            -0.28033094630440497
        ],
        [
            2.653463686917494,
            -1.9622934676840682,
            -0.10626177680821508
        ],
        [
            -2.6756475774908406,
            4.679233174629333,
            -0.34873778194135546
        ],
        [
            6.1007197991383535,
            1.7721087701447011,
            -0.39774116379138624
        ],
        [
            -7.716482811311495,
            3.9186981557867853,
            -0.4289216629099398
        ],
        [
            9.794607384677938,
            8.26935264194137,
            -0.12531518323179408
        ],
        [
            -4.230501868749029,
            -0.542542456484675,
            -0.4634186955153475
        ]
    ],
    "nodes": [
        1,
        3,
        3,
        3,
        3,
        3,
        3
    ],
    "scene": 3
}