{
    "centers": [
        [
            9.74990594617909,
            4.292324611208178,
            -0.27911754713354386
        ],
        [
            0.4171151860862228,
            9.25766458967193,
            -0.4742353734264585
        ],
        [
            4.419640887745157,
            -2.2537631125228668,
            -0.15360518376108112
        ],
        [
            -5.131791627515154,
            5.635957524525663,
            -0.1818510309333528
        ],
        [
            -2.3218465988144192,
            2.604986990050431,
            -0.22693845474778607
        ],
        [
            5.0851056386462155,
            -3.3098460738949402,
            -0.17394126216480416
        ],
        [
            -0.24256803911167424,
            0.8485881644841538,
            -0.11420540541412816
        ]
    ],
    "nodes": [
        1,
        3,
        3,
        3,
        3,
        3,
        3
    ],
    "scene": 3
}