{
    "centers": [
        [
            1.9271934753336772,
            2.239272230081612,
            -0.47343293692175814
        ],
        [
            -7.965644744790168,
            7.827674991633316,
            -0.4139249285102477
        ],
        [
            -3.196036346391864,
            -7.956123785424946,
            -0.18390391207839213
        ],
        [
            -4.703075521327182,
            -9.605048350701601,
            -0.18695026907682366
        ],
        [
            0.6074652580218203,
            -1.8479911123359898,
            -0.3038864006626034
        ],
        [
            -6.648462738787668,
            -6.876846149943598,
            -0.19302706522765178
        ],
        [
            4.010439519994296,
            0.9318143412231557,
            -0.30163812503678555
        ],
        [
            3.083740307882703,
            -5.685982614714775,
            -0.4587821877174398
        ],
        [
            8.521579367833517,
            4.785927268849271,
            -0.37293532963777254
        ],
        [
            5.779087401312303,
            -1.1406351521432434,
            -0.2383620105786451
        ]
    ],
    "nodes": [
        1,
        3,
        3,
        3,
        3,
        3,
        3,
        3,
        3,
        3
    ],
    "scene": 3
}