{
    "centers": [
        [
            7.414292235094166,
            -1.0922363997901297,
            -0.4894258891342318
        ],
        [
            -1.29390127870942,
            -5.690579857035784,
            -0.128942978401282
        ],
        [
            2.0794889571948474,
            -8.001840493254512,
            -0.13955054238136116
        ],
        [
            -4.607879677528186,
            6.5229742055762365,
            -0.13348598536951511
        ],
        [
            -2.0691752879969583,
            -4.844273687729306,
            -0.14158667603624542
        ]
    ],
    "nodes": [
        1,
        3,
        3,
        3,
        3
    ],
    "scene": 3
}