{
    "centers": [
        [
            -0.13848569685409728,
            -7.367932507085337,
            -0.2404892293560495
        ],
        [
            -8.168651624296556,
            7.975405736905113,
            -0.22223628954885766
        ],
        [
            0.8050574509415682,
            -1.3112954567675406,
            -0.1398753820252434
        ],
        [
            6.94265664053118,
            -8.944399246659756,
            -0.1715961161444321
        ],
        [
            9.108921905950304,
            5.526004311799895,
            -0.18115248993064825
        ],
        [
            -3.3742769898089975,
            6.5148935116393005,
            -0.14756577813639998
        ],
        [
            5.869009478565561,
            0.7098006368635961,
            -0.3252893584881955
        ],
        [
            -9.71565817398232,
            2.4361912850725,
            -0.4264740415589196
        ],
        [
            -6.1948475898633415,
            8.710174348746136,
            -0.3471401538218974
        ],
        [
            -2.162949222943686,
            1.311494455116307,
            -0.10808082348266834
        ]
    ],
    "nodes": [
        1,
        3,
        3,
        3,
        3,
        3,
        3,
        3,
        3,
        3
    ],
    "scene": 3
}