{
    "centers": [
        [
            1.0318193419047468,
            0.519994195421793,
            -0.13341434068584923
        ],
        [
            -9.35039278325593,
            -7.846895009551469,
            -0.28137622389675354
        ],
        [
            4.33068512529335,
            8.065856999704899,
            -0.4417608039444037
        ],
        [
            8.712501021240499,
            2.097953505302508,
            -0.18946860427042211
        ],
        [
            -2.4899946150227237,
            -4.3152749567984205,
            -0.3382693974936728
        ],
        [
            -7.288272393359245,
            -5.875267104208371,
            -0.2657692991528735
        ]
    ],
    "nodes": [
        1,
        3,
        3,
        3,
        3,
        3
    ],
    "scene": 3
}