{
    "centers": [
        [
            -9.396778248176874,
            5.566338266564806,
            -0.11922806551977055
        ],
        [
            -0.3658674856790274,
            3.2702405296975297,
            -0.28347114733089696
        ],
        [
            7.178999539542087,
            -2.1778588140661164,
            -0.3301158161561423
        ],
        [
            -8.166218276582043,
            0.9560726013122167,
            -0.21029544534665973
        ],
        [
            3.5617907183961073,
            -6.674168219105303,
            -0.2428608342280993
        ],
        [
            -1.890628731332333,
            4.013883777469566,
            -0.3764532296503651
        ],
        [
            -5.318517703747805,
            -3.4413444485763556,
            -0.4295504900806696
        ],
        [
            -3.5307926034650823,
            -0.45299071007826974,
            -0.27909803585802295
        ]
    ],
    "nodes": [
        1,
        3,
        3,
        3,
        3,
        3,
        3,
        3
    ],
    "scene": 3
}