{
    "centers": [
        [
            -7.409351999632441,
            -8.110276617741139,
            -0.25433996038207163
        ],
        [
            -5.850952258709167,
            5.551265644441589,
            -0.3267427714064119
        ],
        [
            1.4192513851817878,
            1.9902272795058291,
            -0.15043347236552818
        ],
        [
            -3.725407238227323,
            3.4111042576690593,
            -0.28677809876883165
        ],
        [
            0.7024034097887828,
            -6.298881394170273,
            -0.47403552832589074
        ],
        [
            5.501517834861566,
            9.557663459594345,
            -0.32297711335189705
        ],
        [
            -8.201021141574891,
            -3.949429402355598,
            -0.2592976434734955
        ],
        [
            7.031866910883998,
            1.27605826520778,
            -0.14879522138058876
        ],
        [
            2.1176315099194056,
            -9.420781586902308,
            -0.2818608986244339
        ]
    ],
    "nodes": [
        1,
        3,
        3,
        3,
        3,
        3,
        3,
        3,
        3
    ],
    "scene": 3
}