{
    "centers": [
        [
            -0.008691260664333456,
            0.7428640099810053,
            -0.23755340538734027
        ],
        [
            3.8574592786426525,
            -5.967624940886392,
            -0.4350589124349394
        ],
        [
            7.607897889116625,
            -3.0088228450787957,
            -0.22697860815842452
        ],
        [
            8.736308798786474,
            6.431976549406954,
            -0.12540705132690672
        ],
        [
            -2.95282353440371,
            4.47306787793279,
            -0.42150785579582073
        ],
        [
            3.106824881379149,
            7.672479894955892,
            -0.14532759535615947
        ],
        [
            -5.2596638204557555,
            -9.890921326191703,
            -0.19041726944714887
        ],
        [
            2.261811808529721,
            -6.7937261452100906,
            -0.40107396868233375
        ],
        [
            4.663221758289339,
            3.5690917606586154,
            -0.32605248557201916
        ],
        [
            9.873934496809987,
            1.5154861034655358,
            -0.3622727603598117
        ]
    ],
    "nodes": [
        1,
        3,
        3,
        3,
        3,
        3,
        3,
        3,
        3,
        3
    ],
    "scene": 3
}