{
    "centers": [
        [
            5.293636226603873,
            -2.2077415899562514,
            -0.3989999223873951
        ],
        [
            3.844988133453551,
            -6.4879517361754395,
            -0.19153050661805182
        ],
        [
            -4.549713877477981,
            6.962008188582697,
            -0.15945446083309767
        ],
        [
            -6.99695253691239,
            -0.5790181628771585,
            -0.212497193501976
        ],
        [
            -2.4043308842166233,
            8.602354926015707,
            -0.10358341713839303
        ],
        [
            8.006234550539276,
            3.160078377783613,
            -0.15936660108455997
        ],
        [
            7.260261011347655,
            4.029140471116339,
            -0.3440500623361278
        ],
        [
            -5.1561143624902,
            -1.2617089703308864,
            -0.3833689340633181
        ],
        [
            0.2611814172228417,
            9.31170235511302,
            -0.26753582084769517
        ],
        [
            -8.785803398529819,
            9.996646809325924,
            -0.16971671823329287
        ]
    ],
    "nodes": [
        1,
        3,
        3,
        3,
        3,
        3,
        3,
        3,
        3,
        3
    ],
    "scene": 3
}