{
    "centers": [
        [
            -6.850287715546695,
            8.880184010274764,
            -0.4265488748699268
        ],
        [
            -0.912974232517076,
            -4.50350997146693,
            -0.4892780528609701
        ],
        [
            -4.065265194413021,
            5.099522223727234,
            -0.3506934317387228
        ],
        [
            1.163720691224004,
            0.3772977710795189,
            -0.2990739841693313
        ],
        [
            -2.189720702474876,
            -0.4945546417609954,
            -0.39490948772305595
        ],
        [
            -9.880390626479903,
            7.617546375338716,
            -0.17304745158543322
        ],
        [
            8.848535279662894,
            -3.7423600125291827,
            -0.32399584447613816
        ]
    ],
    "nodes": [
        1,
        3,
        3,
        3,
        3,
        3,
        3
    ],
    "scene": 3
}