{
    "centers": [
        [
            3.826641944902086,
            4.913942603503152,
            -0.16132808350871253
        ],
        [
            9.280956997633488,
            -6.258424676571952,
            -0.4055008821079322
        ],
        [
            5.5199323672978124,
            7.670844293118002,
            -0.3507307281524001
        ],
        [
            6.521830121455043,
            -9.466080522939462,
            -0.23333997101855247
        ],
        [
            -7.195912045473907,
            9.337480391327084,
            -0.23446708223645446
        ],
        [
            8.104308177712454,
            -2.5267406368394436,
            -0.23570036235871128
        ]
    ],
    "nodes": [
        1,
        3,
        3,
        3,
        3,
        3
    ],
    "scene": 3
}