{
    "centers": [
        [
            3.2723887566602077,
            6.294364672157503,
            -0.37029940571030984
        ],
        [
            -3.4085232458760935,
            -7.041733463367579,
            -0.14549019266862595
        ],
        [
            -1.4251284554484567,
            2.3237513234949922,
            -0.12408934142037492
        ],
        [
            6.588406182628216,
            -7.94134999909293,
            -0.3453215263328274
        ],
        [
            8.16889605396118,
            -2.6325888669134283,
            -0.49235881644472157
        ],
        [
            9.649787564703818,
            7.66706063639058,
            -0.2328450924881611
        ],
        [
            5.436971384593219,
            8.575796805383739,
            -0.19635981835997574
        ],
        [
            -2.109610699442717,
            -1.1243647907951022,
            -0.39423611096751815
        ],
        [
            2.2130427342376358,
            -8.66160053716884,
            -0.10677358195332842
        ],
        [
            4.620792203130474,
            -5.822177457222352,
            -0.4761044892343739
        ]
    ],
    "nodes": [
        1,
        3,
        3,
        3,
        3,
        3,
        3,
        3,
        3,
        3
    ],
    "scene": 3
}