{
    "centers": [
        [
            -2.106880932848192,
            5.624010499090101,
            -0.3599298617151251
        ],
        [
            8.93505330432211,
            8.341664557951066,
            -0.4595507435625971
        ],
        [
            3.3100714468828194,
            -8.404690331457061,
            -0.45564698260012804
        ],
        [
            0.40656618614820417,
            -4.127292603224506,
            -0.1846980214466556
        ],
        [
            2.6457115734164667,
            7.075320120215785,
            -0.49343975457771294
        ],
        [
            7.722997148012361,
            2.5201602488917114,
            -0.16696739547736522
        ],
        [
            5.7276041325293665,
            1.549267416084433,
            -0.385701594892539
        ],
        [
            4.408640183591007,
            -0.9183368606085924,
            -0.31502181286958664
        ]
    ],
    "nodes": [
        1,
        3,
        3,
        3,
        3,
        3,
        3,
        3
    ],
    "scene": 3
}