{
    "centers": [
        [
            5.515478746476495,
            -4.3859140362329825,
            -0.24490418247368845
        ],
        [
            -5.906216878580766,
            -1.8884864965149148,
            -0.4299774246884901
        ],
        [
            -1.09437394123848,
            -2.655559862350472,
            -0.47829402202325266
        ],
        [
            -7.135559382643231,
            2.7744091221456593,
            -0.21930157547310908
        ],
        [
            3.621460223617772,
            4.318814733958545,
            -0.17105229737535482
        ],
        [
            -7.739181495961869,
            -5.517243600493506,
            -0.3280005605451658
        ],
        [
            4.734388151707989,
            5.552174956828345,
            -0.4639864645529705
        ],
        [
            2.560467045514226,
            7.51871832360554,
            -0.2683317801255156
        ]
    ],
    "nodes": [
        1,
        3,
        3,
        3,
        3,
        3,
        3,
        3
    ],
    "scene": 3
}