{
    "centers": [
        [
            -1.2325728484087506,
            9.739062007956441,
            -0.1925486737159507
        ],
        [
            5.415882725105099,
            -4.151679475934573,
            -0.3136933487916155
        ],
        [
            6.240530762711092,
            -1.858260473330219,
            -0.12121700667453195
        ],
        [
            9.307652863385165,
            3.80779373938436,
            -0.24802190832400878
        ],
        [
            7.47147794926417,
            6.263779911249568,
            -0.2501142076775523
        ]
    ],
    "nodes": [
        1,
        3,
        3,
        3,
        3
    ],
    "scene": 3
}