{
    "centers": [
        [
            6.5812174975514885,
            -8.676047108755371,
            -0.214033433439005
        ],
        [
            -8.412813876400595,
            2.879091907494649,
            -0.44076044312690565
        ],
        [
            4.015170762462166,
            -9.516874169464234,
            -0.11541740386735683
        ],
        [
            -2.600090241284647,
            -7.344886416330974,
            -0.3654183135177197
        ],
        [
            -0.7603630738249674,
            9.531675021492912,
            -0.4063031676548518
        ],
        [
            5.193540059936927,
            -0.059900308492050414,
            -0.3658758580540122
        ],
        [
            -5.4581957375907075,
            -5.554580589109994,
            -0.44119723674315325
        ],
        [
            0.5405906199579995,
            3.8245427581497324,
            -0.4850709663111171
        ],
        [
            -3.5046010533958967,
            -3.850913682887862,
            -0.4922390468535286
        ],
        [
            2.814765784586834,
            6.020939052333556,
            -0.4176880963720096
        ]
    ],
    "nodes": [
        1,
        3,
        3,
        3,
        3,
        3,
        3,
        3,
        3,
        3
    ],
    "scene": 3
}