{
    "centers": [
        [
            -2.817942698917806,
            3.510036681241358,
            -0.4495614721506507
        ],
        [
            8.434809788181873,
            -0.2883851590073032,
            -0.2802663094870643
        ],
        [
            -1.7981598943486858,
            7.943685256194836,
            -0.17808096866574413
        ],
        [
            3.900597288845182,
            2.292224962166557,
            -0.45925529467151704
        ],
        [
            9.40486861064985,
            -8.607595433523777,
            -0.23834098867517012
        ]
    ],
    "nodes": [
        1,
        3,
        3,
        3,
        3
    ],
    "scene": 3
}