{
    "centers": [
        [
            -7.341028494229976,
            -7.23006582443011,
            -0.24883973750929989
        ],
        [
            -5.592556266185563,
            -8.775838714918516,
            -0.34386919789991455
        ],
        [
            2.3796809690474525,
            -5.386446417696389,
            -0.4808785460598325
        ],
        [
            -6.723298761507175,
            0.8111472230400061,
            -0.29785837937057924
        ]
    ],
    "nodes": [
        3,
        3,
        3,
        3
    ],
    "scene": 0
}