{
    "centers": [
        [
            8.700726289770536,
            9.590482622574054,
            -0.4480961246997501
        ],
        [
            -3.0373367727885885,
            4.5637619380314085,
            -0.18273862787486
        ],
        [
            6.111903845309115,
            2.5018130709068025,
            -0.4817432402512648
        ],
        [
            7.525258248562409,
            1.769977713039637,
            -0.17827206562173759
        ],
        [
            -8.040358701928383,
            5.477128819535144,
            -0.23030864605907791
        ]
    ],
    "nodes": [
        1,
        3,
        3,
        3,
        3
    ],
    "scene": 3
}