{
    "centers": [
        [
            3.063745924977365,
            3.276357522189844,
            -0.2661376231901093
        ],
        [
            6.126142479918521,
            -7.262997986307624,
            -0.3649734099531744
        ],
        [
            -8.7377051444888,
            -4.231755298512281,
            -0.1605153764721638
        ],
        [
            2.197807653416957,
            -2.403886541794673,
            -0.3676409103094591
        ],
        [
            -6.3981111981598655,
            0.16223559095308104,
            -0.10026061060237174
        ],
        [
            -1.2345683867749795,
            -9.140597327434502,
            -0.1792651751662006
        ],
        [
            1.4814088602473223,
            -3.1384450323457003,
            -0.15003349099985858
        ],
        [
            -2.245650963160486,
            -4.938700721941114,
            -0.3489892517123493
        ],
        [
            -7.810623089724809,
            -6.29970240786939,
            -0.21530892215103165
        ],
        [
            4.804865811082246,
            5.994720834369641,
            -0.30095199027710895
        ]
    ],
    "nodes": [
        1,
        3,
        3,
        3,
        3,
        3,
        3,
        3,
        3,
        3
    ],
    "scene": 3
}