{
    "centers": [
        [
            1.9453198921817645,
            -0.7341967065191835,
            -0.1443638115143363
        ],
        [
            -3.908596492467966,
            -8.453203976954873,
            -0.23183872550987933
        ],
        [
            5.78958677343036,
            6.9679771450988355,
            -0.11385623754769497
        ],
        [
            9.820026951365126,
            -2.808789948410122,
            -0.20732193521390913
        ],
        [
            -7.768891365441803,
            1.5469167000023791,
            -0.43861574965986505
        ]
    ],
    "nodes": [
        1,
        3,
        3,
        3,
        3
    ],
    "scene": 3
}