{
    "centers": [
        [
            -1.6374074946272117,
            4.743191033356663,
            -0.23091918355892332
        ],
        [
            2.3859079980307207,
            -2.282766965236216,
            -0.4529424964589494
        ],
        [
            9.364216506512669,
            9.27835369026722,
            -0.221091072194196
        ],
        [
            -8.58043781188865,
            0.13219619624915957,
            -0.16223946359032282
        ]
    ],
    "nodes": [
        3,
        3,
        3,
        3
    ],
    "scene": 0
}