{
    "centers": [
        [
            8.89902782842509,
            -4.986437696666477,
            -0.33872084659745927
        ],
        [
            1.7765275800464977,
            -4.209665228462103,
            -0.16244061366590729
        ],
        [
            -7.117358364409929,
            -7.285103829445994,
            -0.4055597931305
        ],
        [
            -8.462121952194323,
            0.5464301464704846,
            -0.17071220943753346
        ],
        [
            2.6049652358079083,
            -2.4773139455868343,
            -0.14199173107741947
        ],
        [
            4.35269691311467,
            -1.5483935526576804,
            -0.36110485112604407
        ],
        [
            1.0207880200917963,
            -0.3025600418494534,
            -0.3925242875492069
        ],
        [
            -0.8999691494263189,
            6.174926479676888,
            -0.32959473717532106
        ],
        [
            7.733501248979387,
            -9.932200480352833,
            -0.22886766332135539
        ],
        [
            -2.9425563348133554,
            3.084035334531068,
            -0.1972045881406314
        ]
    ],
    "nodes": [
        1,
        3,
        3,
        3,
        3,
        3,
        3,
        3,
        3,
        3
    ],
    "scene": 3
}