{
    "centers": [
        [
            -8.43715617757454,
            -9.299725724785388,
            -0.29077989655401204
        ],
        [
            -2.453639246178076,
            4.268849838233304,
            -0.3142576116423884
        ],
        [
            -9.570395393415396,
            6.296086978802649,
            -0.17442429845600393
        ],
        [
            6.5569151295761365,
            9.49257618092874,
            -0.1707613241180792
        ],
        [
            -5.952092390439072,
            8.885870691960022,
            -0.16010138901185322
        ]
    ],
    "nodes": [
        1,
        3,
        3,
        3,
        3
    ],
    "scene": 3
}