{
    "centers": [
        [
            -2.18047105967708,
            1.6638045939782629,
            -0.435532865627556
        ],
        [
            5.216751082024032,
            9.541665067424802,
            -0.3777525142112564
        ],
        [
            8.801825220059769,
            -1.931847285829349,
            -0.22146280433393045
        ],
        [
            -0.5226902332543055,
            3.2091257716754136,
            -0.49887589155415246
        ]
    ],
    "nodes": [
        3,
        3,
        3,
        3
    ],
    "scene": 0
}