{
    "centers": [
        [
            1.5482396432152807,
            6.71543283647954,
            -0.4808348722481016
        ],
        [
            -0.30847695427416433,
            8.219541970690688,
            -0.3254522066268472
        ],
        [
            7.655266429176592,
            -3.8577013569210283,
            -0.331283855065057
        ],
        [
            9.897026224526549,
            -6.062690952438459,
            -0.3026399243669944
        ],
        [
            -4.246951490149362,
            -6.752863916040257,
            -0.4646887642020283
        ]
    ],
    "nodes": [
        1,
        3,
        3,
        3,
        3
    ],
    "scene": 3
}