{
    "centers": [
        [
            -7.627656468154527,
            -9.591859249713544,
            -0.11285208370059768
        ],
        [
            2.2444207714332087,
            2.185379847318247,
            -0.21720210910085053
        ],
        [
            9.336488377315423,
            -4.102329253321715,
            -0.2056496958056251
        ],
        [
            4.5568300925018335,
            3.720392550057529,
            -0.13330590592441544
        ],
        [
            3.254016012735777,
            -8.40460182757857,
            -0.21461887305115018
        ],
        [
            5.376086940902109,
            -5.287168237598432,
            -0.4787118490708756
        ],
        [
            -4.9587184563317095,
            7.222544186924253,
            -0.4493007588052471
        ],
        [
            7.474696974829033,
            0.7035987130013908,
            -0.4446470163785725
        ],
        [
            -0.3160114059807597,
            -1.6745678761048044,
            -0.3636977794707714
        ]
    ],
    "nodes": [
        1,
        3,
        3,
        3,
        3,
        3,
        3,
        3,
        3
    ],
    "scene": 3
}