{
    "centers": [
        [
            0.7157772985875823,
            -3.1489944532462477,
            -0.20495662567219236
        ],
        [
            1.5730516677099153,
            0.6805015721764747,
            -0.29251694979122833
        ],
        [
            4.791783067370314,
            3.500930343985152,
            -0.12899543797741586
        ],
        [
            6.634178670994036,
            -0.9202029675355199,
            -0.34249922711446856
        ],
        [
            -5.696566847816005,
            9.499313225730909,
            -0.17263970903354903
        ],
        [
            -4.681323802199171,
            -7.35883165879017,
            -0.3387755707413522
        ],
        [
            -2.992421901714799,
            6.494080545998131,
            -0.16895245905080025
        ],
        [
            -8.075408008380123,
            -0.21837255477492334,
            -0.155034707757646
        ]
    ],
    "nodes": [
        1,
        3,
        3,
        3,
        3,
        3,
        3,
        3
    ],
    "scene": 3
}