{
    "centers": [
        [
            -3.6012495513531544,
            -2.62784145526682,
            -0.326929813056963
        ],
        [
            8.09306422589049,
            9.82602072960566,
            -0.35588104367644435
        ],
        [
            -9.181056347167406,
            7.008108912049536,
            -0.2822944513716129
        ],
        [
            5.996245090068351,
            -4.937050049450349,
            -0.3528376458919751
        ],
        [
            -6.693810668576299,
            -9.241240169852409,
            -0.4192720389815011
        ],
        [
            0.962976488858482,
            1.546892349544093,
            -0.12335867160019237
        ]
    ],
    "nodes": [
        1,
        3,
        3,
        3,
        3,
        3
    ],
    "scene": 3
}