{
    "centers": [
        [
            -6.765552348311297,
            -3.710590107067347,
            -0.21471021917698907
        ],
        [
            -0.33365156846981847,
            1.9132736084124033,
            -0.24556921467750648
        ],
        [
            5.8195501543465475,
            -1.618063931971589,
            -0.26222652271073277
        ],
        [
            1.822210087777556,
            9.866625635508928,
            -0.3332242879545483
        ],
        [
            3.2449422048798695,
            -8.625426201434783,
            -0.4389329529070217
        ],
        [
            -7.648826041434615,
            7.329453993483554,
            -0.4603985569175672
        ]
    ],
    "nodes": [
        1,
        3,
        3,
        3,
        3,
        3
    ],
    "scene": 3
}