{
    "centers": [
        [
            -8.105947274171779,
            -0.360995207996206,
            -0.437378363192164
        ],
        [
            8.926373660358596,
            -1.2919637212670132,
            -0.25776176261085226
        ],
        [
            3.896306813066211,
            -5.552120940904848,
            -0.25288331334923453
        ],
        [
            2.2187613172867344,
            0.7751014881296054,
            -0.4240347924165989
        ],
        [
            -5.85710287737659,
            5.295957065260506,
            -0.45254739893980955
        ],
        [
            -7.143160875903853,
            1.705925119532166,
            -0.23167488254474977
        ],
        [
            5.991494594585156,
            -6.3725819271374835,
            -0.2723499162981934
        ],
        [
            -0.3922337809544132,
            -2.237675312251996,
            -0.12775198570036017
        ]
    ],
    "nodes": [
        1,
        3,
        3,
        3,
        3,
        3,
        3,
        3
    ],
    "scene": 3
}