{
    "centers": [
        [
            -7.757446206888106,
            -9.346168712158963,
            -0.2274634817969836
        ],
        [
            -8.933796506423795,
            2.087160149074389,
            -0.16638266090949033
        ],
        [
            4.661540994270174,
            9.747026182208188,
            -0.21112061459120435
        ],
        [
            3.479477884445192,
            4.895122660008189,
            -0.19680653957972455
        ],
        [
            8.911487608336984,
            -4.460821849490242,
            -0.14671753588763625
        ]
    ],
    "nodes": [
        1,
        3,
        3,
        3,
        3
    ],
    "scene": 3
}