{
    "centers": [
        [
            -3.2406799569749145,
            8.518179995483521,
            -0.1559225862259171
        ],
        [
            4.468162806263997,
            4.176019229076902,
            -0.23496807233920364
        ],
        [
            2.3153978811956826,
            0.7163846010817139,
            -0.22700067074617475
        ],
        [
            1.334268313503964,
            -3.2448394368152584,
            -0.15688977558008904
        ],
        [
            -8.562872134998958,
            -4.534027554054186,
            -0.319000536805849
        ],
        [
            -6.810299649923639,
            9.99631495242095,
            -0.268375290702629
        ],
        [
            -0.9634824452316018,
            -7.746047456980674,
            -0.4598384975027671
        ]
    ],
    "nodes": [
        1,
        3,
        3,
        3,
        3,
        3,
        3
    ],
    "scene": 3
}