{
    "centers": [
        [
            5.261191324745017,
            7.0075807319740235,
            -0.4097183341885704
        ],
        [
            -8.859150922158452,
            -7.955103129300268,
            -0.18167877871459237
        ],
        [
            0.23584158000759103,
            -2.320485602799838,
            -0.21349355255000607
        ],
        [
            -1.037843769887811,
            -5.511198711426298,
            -0.2889685404992084
        ],
        [
            -6.689106435737813,
            8.197323465839709,
            -0.15140596563501751
        ],
        [
            8.858015119235759,
            -8.992088211447031,
            -0.4695826703617799
        ],
        [
            7.333202744036338,
            3.1727738654225295,
            -0.44291065870147683
        ]
    ],
    "nodes": [
        1,
        3,
        3,
        3,
        3,
        3,
        3
    ],
    "scene": 3
}