{
    "centers": [
        [
            -8.184318465642122,
            -7.622341571226745,
            -0.38798903742605567
        ],
        [
            -3.339416919310696,
            6.9025031292970525,
            -0.2435948908737392
        ],
        [
            3.708577051404472,
            5.999084506426453,
            -0.41195915762548607
        ],
        [
            1.2621179874285637,
            2.560671122201285,
            -0.31266238432932103
        ],
        [
            -5.133189547351103,
            8.19011310849815,
            -0.45024740515521156
        ]
    ],
    "nodes": [
        1,
        3,
        3,
        3,
        3
    ],
    "scene": 3
}