{
    "centers": [
        [
            -9.118677096924996,
            2.5077470227453524,
            -0.453711666875867
        ],
        [
            9.252964101572928,
            -0.9046364645146809,
            -0.40978310473918667
        ],
        [
            -2.9760284288767513,
            7.957220492612006,
            -0.3177851652704565
        ],
        [
            -7.309651762882908,
            4.290402843037937,
            -0.4141226549347087
        ],
        [
            7.5263127119145565,
            -3.132755695678413,
            -0.3331285404020474
        ],
        [
            -1.8622110662818727,
            9.821619339262938,
            -0.14411335503340506
        ]
    ],
    "nodes": [
        1,
        3,
        3,
        3,
        3,
        3
    ],
    "scene": 3
}