{
    "centers": [
        [
            -3.2460314129520285,
            -0.9354144352425031,
            -0.1376106342562215
        ],
        [
            4.067796447542973,
            5.548146434312242,
            -0.3230315961460778
        ],
        [
            -4.686555394737518,
            8.583389190848873,
            -0.25511231358074693
        ],
        [
            -5.437701062579801,
            -4.497089154661376,
            -0.1619890531910942
        ],
        [
            -8.297853540200812,
            -6.325290233710305,
            -0.10690028295400855
        ]
    ],
    "nodes": [
        1,
        3,
        3,
        3,
        3
    ],
    "scene": 3
}