{
    "centers": [
        [
            8.798023243794319,
            7.748641578107041,
            -0.29527059665570987
        ],
        [
            -0.02783373598491501,
            -9.3103597514043,
            -0.10950728258089099
        ],
        [
            7.4917558138343665,
            -2.2428462379158676,
            -0.39434966880331407
        ],
        [
            -2.638921053089116,
            -0.2539196971254558,
            -0.4411094136329127
        ],
        [
            -5.840954091689721,
            9.688489843345959,
            -0.36708232391422996
        ],
        [
            -6.802215568917147,
            -5.9581645072833105,
            -0.2797072119488568
        ]
    ],
    "nodes": [
        1,
        3,
        3,
        3,
        3,
        3
    ],
    "scene": 3
}