{
    "centers": [
        [
            -1.0995436745901959,
            -9.557441125298231,
            -0.28477101082377776
        ],
        [
            6.069314484919513,
            5.399329642469066,
            -0.28914765835256484
        ],
        [
            4.333465658795149,
            -2.8388049082030857,
            -0.1870579000786322
        ],
        [
            2.537753767257998,
            9.676385716370184,
            -0.42899100918482
        ],
        [
            0.7246241777715916,
            6.033939673221898,
            -0.3902940269242442
        ],
        [
            8.875229683383562,
            -7.255006405875317,
            -0.4403879165983883
        ],
        [
            -2.6242250568196663,
            -5.194687897562085,
            -0.23762990275969542
        ],
        [
            -8.808468561692601,
            0.5684605193777763,
            -0.37916483395568695
        ],
        [
            9.686690414121703,
            2.5303822874513138,
            -0.34755547170349244
        ],
        [
            1.6770808791215508,
            -1.8904961417504964,
            -0.4260850550600267
        ]
    ],
    "nodes": [
        1,
        3,
        3,
        3,
        3,
        3,
        3,
        3,
        3,
        3
    ],
    "scene": 3
}