{
    "centers": [
        [
            3.9321443027555354,
            -3.771224666749296,
            -0.1670125666921647
        ],
        [
            -3.4863955575720755,
            7.133286259297094,
            -0.2329305659516005
        ],
        [
            -4.153843542688289,
            7.744266706876015,
            -0.36612682863802853
        ],
        [
            -8.844632109859855,
            2.8001849602315225,
            -0.22444214123038836
        ],
        [
            1.3547496190045365,
            8.817296338944814,
            -0.3025394389695406
        ],
        [
            7.492119600322415,
            -6.97188828311077,
            -0.26811489378150044
        ],
        [
            5.275151491761941,
            -0.8251547958405823,
            -0.4769703328597753
        ]
    ],
    "nodes": [
        1,
        3,
        3,
        3,
        3,
        3,
        3
    ],
    "scene": 3
}