{
    "centers": [
        [
            7.630043064609705,
            -7.26503284404669,
            -0.27533098142732815
        ],
        [
            -0.5722151335056687,
            7.8499104411342415,
            -0.39988153640140556
        ],
        [
            -3.76552430993796,
            -3.260202534505014,
            -0.252623672221629
        ],
        [
            -9.031481775948576,
            2.435381193247286,
            -0.21871161179171172
        ],
        [
            4.970352251187627,
            1.7538315083332563,
            -0.35608252296942705
        ],
        [
            3.1136128698189047,
            -7.983736816178992,
            -0.4497380740551147
        ],
        [
            9.706210836635073,
            0.21912622907585622,
            -0.18258883766025297
        ],
        [
            -6.902319468676765,
            -1.2137074580105374,
            -0.16456878414827453
        ],
        [
            -1.3545217828714762,
            3.6068034644306035,
            -0.40024901974687055
        ]
    ],
    "nodes": [
        1,
        3,
        3,
        3,
        3,
        3,
        3,
        3,
        3
    ],
    "scene": 3
}