{
    "centers": [
        [
            2.5858058253855525,
            -4.0633437322195824,
            -0.37294172818896193
        ],
        [
            8.526740972483232,
            8.98625282597881,
            -0.3440317408317265
        ],
        [
            -3.496399677608233,
            9.729907208875524,
            -0.1474144197852434
        ],
        [
            4.1333582524506625,
            -0.0818359649678495,
            -0.3844540510305514
        ],
        [
            -2.858798527184872,
            -7.7422239969341415,
            -0.1546773235353851
        ],
        [
            6.56406663869976,
            -5.7880013689352765,
            -0.24402976518084785
        ],
        [
            -1.127725832612537,
            2.122068622503104,
            -0.2975488939570374
        ],
        [
            -2.1084121203966895,
            5.3136709766197185,
            -0.4908616635224127
        ]
    ],
    "nodes": [
        1,
        3,
        3,
        3,
        3,
        3,
        3,
        3
    ],
    "scene": 3
}