{
    "centers": [
        [
            -3.8966816684905563,
            -5.579252675602888,
            -0.3291025606149013
        ],
        [
            2.6276083949500695,
            -4.033969232228863,
            -0.1390671171066788
        ],
        [
            -2.616472650944126,
            9.713970876963515,
            -0.14971948942553337
        ],
        [
            -0.6307978223443769,
            -7.255133160917733,
            -0.40866876925671736
        ],
        [
            4.758198433365379,
            7.212693571109867,
            -0.2094735450942749
        ],
        [
            -7.58620860916621,
            3.5898225330419855,
            -0.13792919001138265
        ]
    ],
    "nodes": [
        1,
        3,
        3,
        3,
        3,
        3
    ],
    "scene": 3
}