{
    "centers": [
        [
            5.627290409773453,
            8.542819006320691,
            -0.3887150862896316
        ],
        [
            -6.47128645227963,
            -4.208811255908067,
            -0.36309351265856393
        ],
        [
            -1.571555942729601,
            -5.7185694886128635,
            -0.24584403782844327
        ],
        [
            0.7480437970693394,
            4.570736043005237,
            -0.36515428773085434
        ],
        [
            -4.87657477098562,
            3.0396149205252403,
            -0.40743910676843104
        ],
        [
            -4.043888713213633,
            -8.038309420892634,
            -0.2557764161405063
        ],
        [
            -7.305558108129235,
            -3.395166087473438,
            -0.24360469558490255
        ],
        [
            6.3887672150837815,
            9.526163508920913,
            -0.4155084319198408
        ]
    ],
    "nodes": [
        1,
        3,
        3,
        3,
        3,
        3,
        3,
        3
    ],
    "scene": 3
}