{
    "centers": [
        [
            3.5813474263125613,
            -4.542909350268216,
            -0.3460161068848117
        ],
        [
            -8.411787874645707,
            -3.5868055835096087,
            -0.2891287321678334
        ],
        [
            5.569655485413358,
            -0.021406012232230154,
            -0.398765031697929
        ],
        [
            -5.058418207790933,
            4.511186493029761,
            -0.42804583988591816
        ],
        [
            -4.412279359791729,
            8.983712209636234,
            -0.4428292666489734
        ],
        [
            -6.716848496996526,
            2.7887215680387634,
            -0.3019075510723431
        ],
        [
            -9.303494110307163,
            -1.8200573128735442,
            -0.21602664396311883
        ],
        [
            -2.09820127722473,
            1.1097924676522943,
            -0.16338498550555952
        ],
        [
            0.998476164213951,
            -6.756356959714118,
            -0.202421127457933
        ]
    ],
    "nodes": [
        1,
        3,
        3,
        3,
        3,
        3,
        3,
        3,
        3
    ],
    "scene": 3
}