{
    "centers": [
        [
            -0.9851489051324265,
            -4.453227404179369,
            -0.12860904705506832
        ],
        [
            4.270279470476439,
            -2.947072049443027,
            -0.23913915938617025
        ],
        [
            9.589236651401304,
            6.6941609943188105,
            -0.31928612193871886
        ],
        [
            8.767838140662867,
            1.6134408427577327,
            -0.35079824882113464
        ],
        [
            -7.389581117067898,
            0.9232603177210414,
            -0.20091348588802327
        ],
        [
            6.710865854099936,
            5.50131981783986,
            -0.30693824038244
        ],
        [
            2.998113788818264,
            -0.6450060266086428,
            -0.3872468121907714
        ],
        [
            -3.2103710534787355,
            -1.7953898659861718,
            -0.2389757511109623
        ],
        [
            4.977715241668362,
            2.738076115431891,
            -0.2861711797514929
        ],
        [
            -9.2492870767705,
            9.268768808712053,
            -0.395277394746414
        ]
    ],
    "nodes": [
        1,
        3,
        3,
        3,
        3,
        3,
        3,
        3,
        3,
        3
    ],
    "scene": 3
}