{
    "centers": [
        [
            -0.5900500668458619,
            9.452361497567885,
            -0.29074581227175444
        ],
        [
            -4.110634752907085,
            -7.89527314552217,
            -0.489955167266907
        ],
        [
            5.70665200352666,
            0.4508370606719687,
            -0.10483191742849068
        ],
        [
            -7.418752764997098,
            -0.7383403941884623,
            -0.43408883229549916
        ],
        [
            -1.4521261565006363,
            -4.517202573001448,
            -0.4232319662643184
        ],
        [
            3.214854973078472,
            -9.458835946918276,
            -0.11599648602265544
        ],
        [
            -9.326701593335722,
            4.414819058318118,
            -0.39542450932781986
        ],
        [
            8.946271667154267,
            2.41567713850829,
            -0.23823920130770632
        ],
        [
            0.17863345510331285,
            6.851123455908375,
            -0.2583831886780094
        ]
    ],
    "nodes": [
        1,
        3,
        3,
        3,
        3,
        3,
        3,
        3,
        3
    ],
    "scene": 3
}