{
    "centers": [
        [
            -5.539936263502366,
            5.347738400958766,
            -0.24987772394390512
        ],
        [
            0.9288243833983589,
            -3.5963944316416763,
            -0.2861603995784221
        ],
        [
            4.726742932952089,
            -9.088324642781755,
            -0.23385602201065703
        ],
        [
            -9.124355046351628,
            -0.7654798173713999,
            -0.26111816146261013
        ],
        [
            5.8623333010681336,
            6.491401834949343,
            -0.2914701509909685
        ],
        [
            8.31715715116647,
            -4.913104355125237,
            -0.4793931184402214
        ],
        [
            -1.4485198453833998,
            4.365447866968378,
            -0.3930597911160865
        ],
        [
            -6.6858743229548185,
            1.867739931577443,
            -0.3917615502114129
        ],
        [
            -3.215851586286158,
            -8.215585414284948,
            -0.10794440549572965
        ],
        [
            -7.692041014778157,
            7.314654780002773,
            -0.2588278606945588
        ]
    ],
    "nodes": [
        1,
        3,
        3,
        3,
        3,
        3,
        3,
        3,
        3,
        3
    ],
    "scene": 3
}