{
    "centers": [
        [
            -3.910981040058319,
            -0.48594678479939546,
            -0.14938319945241624
        ],
        [
            -7.566818306081964,
            9.508861064543346,
            -0.3263849988919213
        ],
        [
            9.831586917356365,
            3.6677104827860774,
            -0.4104855032563294
        ],
        [
            8.857352580016176,
            -3.580103259117471,
            -0.3212149147748081
        ],
        [
            4.139885885974179,
            -9.438295503047353,
            -0.35684165546418617
        ],
        [
            -5.592010325567854,
            -6.376204283826262,
            -0.37777961049734543
        ],
        [
            5.459568406067838,
            0.5424373314646047,
            -0.47610046951633733
        ]
    ],
    "nodes": [
        1,
        3,
        3,
        3,
        3,
        3,
        3
    ],
    "scene": 3
}