{
    "centers": [
        [
            -8.439157218434199,
            0.4973817216750671,
            -0.14851402566587735
        ],
        [
            -0.4232814496476074,
            4.81708246307579,
            -0.26595661584320784
        ],
        [
            8.139169369084534,
            -4.840081749407403,
            -0.3183435085128924
        ],
        [
            2.285820336148932,
            -8.476332829532227,
            -0.4043125410686276
        ],
        [
            -4.813061433668137,
            -5.886957184350649,
            -0.2568544233294351
        ],
        [
            0.3289708643705893,
            7.63300813967129,
            -0.33624470148299945
        ],
        [
            -3.761310085771063,
            -6.727244884107959,
            -0.23499585023849057
        ],
        [
            -7.279092237298361,
            1.8997679341455065,
            -0.18075263880864467
        ],
        [
            -2.9653910576958147,
            -2.023952840990562,
            -0.2158455947685412
        ]
    ],
    "nodes": [
        1,
        3,
        3,
        3,
        3,
        3,
        3,
        3,
        3
    ],
    "scene": 3
}