{
    "centers": [
        [
            9.345654003698083,
            5.4740499661083035,
            -0.24403050781676744
        ],
        [
            -3.6063154726712465,
            -2.705861210299487,
            -0.28876900276797235
        ],
        [
            -0.5962804766765455,
            -8.888719865518395,
            -0.4100318752221127
        ],
        [
            -4.755053616028501,
            -5.893084469818408,
            -0.2196997667107759
        ],
        [
            -5.932007366325021,
            7.081458403285723,
            -0.20722972628458314
        ],
        [
            6.328333780944952,
            -9.6767372655872,
            -0.15382171302772862
        ],
        [
            0.1447777646318027,
            -0.4932513968309511,
            -0.36917950374798103
        ],
        [
            -1.4964174405249526,
            8.974231034833792,
            -0.4008242323280884
        ]
    ],
    "nodes": [
        1,
        3,
        3,
        3,
        3,
        3,
        3,
        3
    ],
    "scene": 3
}