{
    "centers": [
        [
            -2.405025215163943,
            2.4329175062851522,
            -0.12257579396448826
        ],
        [
            0.06976719971551759,
            3.606930645926747,
            -0.1528575861748525
        ],
        [
            6.884002378153141,
            -5.409721461540058,
            -0.49437845778679756
        ],
        [
            4.48989552334244,
            -6.377755697433816,
            -0.34988705991488533
        ],
        [
            -5.18691168847663,
            -2.30555671729417,
            -0.436294831866997
        ],
        [
            9.39726209133941,
            8.248115472761334,
            -0.48440128280042133
        ],
        [
            -3.944728589998321,
            -7.256714044594279,
            -0.40399273771719235
        ],
        [
            -9.41434112695735,
            6.051170240614219,
            -0.3483246910116752
        ]
    ],
    "nodes": [
        1,
        3,
        3,
        3,
        3,
        3,
        3,
        3
    ],
    "scene": 3
}