{
    "centers": [
        [
            -5.653235746396234,
            5.6683422968246475,
            -0.41156514564515034
        ],
        [
            9.20078209826346,
            -9.307598807429699,
            -0.23605328184707935
        ],
        [
            -6.586251545977023,
            0.21147411016269757,
            -0.40885881319381606
        ],
        [
            -4.49996903141934,
            3.5648924225848244,
            -0.4682619488940485
        ],
        [
            2.7003568264351863,
            7.002041559012731,
            -0.4974835075600451
        ],
        [
            5.6172064502290056,
            8.697501861227114,
            -0.2936010451221066
        ],
        [
            6.718309744852636,
            -6.382388269696106,
            -0.37841354641391656
        ],
        [
            -3.0967002068120824,
            6.398822231768328,
            -0.15737268987966546
        ],
        [
            1.7265022477545244,
            -1.0564376981095975,
            -0.49801819551315396
        ],
        [
            0.3482899316003305,
            -1.9368577375792881,
            -0.13188944409307973
        ]
    ],
    "nodes": [
        1,
        3,
        3,
        3,
        3,
        3,
        3,
        3,
        3,
        3
    ],
    "scene": 3
}