{
    "centers": [
        [
            -3.6724287834069607,
            -0.9837755064518312,
            -0.3218785453763623
        ],
        [
            4.307527132652353,
            9.150863969690906,
            -0.4250343874589914
        ],
        [
            -9.466266775318173,
            8.442836875502245,
            -0.14869631937216554
        ],
        [
            0.19337080675120255,
            -2.8489184410320796,
            -0.14800146036583134
        ],
        [
            9.562559281737101,
            2.249033042847639,
            -0.3478498974818016
        ],
        [
            7.719433540930403,
            3.379616336897719,
            -0.1999237526921
        ],
        [
            1.1511231819331798,
            5.479572006034964,
            -0.31312652405590957
        ],
        [
            -2.082061078068862,
            0.052154365834191196,
            -0.2501927296383093
        ],
        [
            -6.138642290526679,
            6.617472336991273,
            -0.2097956317875886
        ],
        [
            -0.5507982297350527,
            -6.176260211426734,
            -0.18115899938642754
        ]
    ],
    "nodes": [
        1,
        3,
        3,
        3,
        3,
        3,
        3,
        3,
        3,
        3
    ],
    "scene": 3
}