{
    "centers": [
        [
            3.7903917912918157,
            -4.471563808961852,
            -0.36135129935412497
        ],
        [
            6.423023076876838,
            2.533034668405884,
            -0.26850591087362363
        ],
        [
            2.4113865302356743,
            7.366166477684381,
            -0.4082079554195928
        ],
        [
            -8.869028140438715,
            0.421777287997422,
            -0.3836786211196196
        ],
        [
            -7.094321109805961,
            8.00486967118636,
            -0.11775732051314525
        ],
        [
            1.6609276882361979,
            -5.457406464981345,
            -0.32839521741869604
        ],
        [
            9.339736069529415,
            -7.632426490989303,
            -0.17251226179874535
        ]
    ],
    "nodes": [
        1,
        3,
        3,
        3,
        3,
        3,
        3
    ],
    "scene": 3
}