{
    "centers": [
        [
            3.3099313220645072,
            9.09284774385236,
            -0.39812188857182
        ],
        [
            0.7973334930794209,
            -7.386309491469724,
            -0.48913573947704114
        ],
        [
            -4.154302312561762,
            5.061641348334565,
            -0.2981061144106515
        ],
        [
            -6.8162147255108625,
            -6.101772590045622,
            -0.3037212468061862
        ],
        [
            -1.7294031555383924,
            3.1237865868086807,
            -0.23705856135194497
        ],
        [
            -3.049954117052436,
            7.80117127214049,
            -0.32322536289829257
        ]
    ],
    "nodes": [
        1,
        3,
        3,
        3,
        3,
        3
    ],
    "scene": 3
}