{
    "centers": [
        [
            3.644696563978311,
            6.811422008895931,
            -0.2143164659722966
        ],
        [
            8.193107209418407,
            3.8321687159388986,
            -0.3412467183914607
        ],
        [
            4.498429308546346,
            8.456045548640482,
            -0.10708190779020221
        ],
        [
            -5.589207226282671,
            -9.802018136352796,
            -0.14745208030460327
        ],
        [
            -4.408172971988464,
            1.2885712307340569,
            -0.19488942358698758
        ],
        [
            -8.224144127353538,
            -7.514439879584527,
            -0.22317888810281883
        ],
        [
            6.897077151717799,
            -0.4640411717408206,
            -0.23482862656885078
        ],
        [
            -1.7074821924466121,
            -6.771005713312133,
            -0.18835847012286
        ],
        [
            -9.039291357492514,
            -8.419103935183248,
            -0.38133715842737453
        ]
    ],
    "nodes": [
        1,
        3,
        3,
        3,
        3,
        3,
        3,
        3,
        3
    ],
    "scene": 3
}