{
    "centers": [
        [
            -3.0974238415856092,
            -9.552691458562348,
            -0.13262197475109727
        ],
        [
            7.13507844830562,
            6.688727284705365,
            -0.26397361922982476
        ],
        [
            1.7836844818577475,
            1.170801211175851,
            -0.2898851730172274
        ],
        [
            3.6817451218178103,
            4.563058962175994,
            -0.18008224215255436
        ],
        [
            0.18728061781800776,
            -7.143322329479798,
            -0.4108022752440171
        ],
        [
            -9.711239983757693,
            -5.87946408018402,
            -0.1803909835039701
        ],
        [
            8.330444282070793,
            -8.659427988929561,
            -0.4266180218601195
        ],
        [
            9.822385729503509,
            -2.5322177191005384,
            -0.4875590250534533
        ],
        [
            -8.16558811375807,
            7.461409404810912,
            -0.36853376635704993
        ],
        [
            -1.1629906299421542,
            9.200034035847441,
            -0.30815488633979304
        ]
    ],
    "nodes": [
        1,
        3,
        3,
        3,
        3,
        3,
        3,
        3,
        3,
        3
    ],
    "scene": 3
}