{
    "centers": [
        [
            2.9670886487836654,
            1.4468127927052166,
            -0.32272850783898205
        ],
        [
            -1.1418954327566677,
            9.79704049933233,
            -0.33883663292192495
        ],
        [
            0.6966372997299448,
            -7.77625783557543,
            -0.40411380812228914
        ],
        [
            2.190600175017881,
            4.181233615851273,
            -0.13575617396102646
        ],
        [
            6.339151469312917,
            -0.21709636727228698,
            -0.2587290312782695
        ]
    ],
    "nodes": [
        1,
        3,
        3,
        3,
        3
    ],
    "scene": 3
}