{
    "centers": [
        [
            1.7314913317962084,
            -3.8780941439456385,
            -0.1985973361768707
        ],
        [
            -7.838540711398522,
            6.596990435760851,
            -0.19316729481386286
        ],
        [
            -2.6807189562365963,
            2.023508118035588,
            -0.25632427094076
        ],
        [
            4.406826952831835,
            -7.912656697734377,
            -0.4872534455074999
        ],
        [
            6.650444777892815,
            -9.973039814736877,
            -0.40160871794185604
        ],
        [
            -3.3843429194720454,
            4.599761212213963,
            -0.2021849421169879
        ],
        [
            3.2542144886138207,
            -4.631032316315496,
            -0.24594200078579914
        ],
        [
            -8.900464656045393,
            -5.268027218034675,
            -0.21410028986544566
        ]
    ],
    "nodes": [
        1,
        3,
        3,
        3,
        3,
        3,
        3,
        3
    ],
    "scene": 3
}