{
    "centers": [
        [
            -2.6987919233767936,
            2.484147942237673,
            -0.45102709884001946
        ],
        [
            6.453627250045908,
            6.941685375386818,
            -0.2521198769743009
        ],
        [
            -1.0902301937513688,
            -5.263289675877303,
            -0.10809637418459928
        ],
        [
            -4.046614931226293,
            -8.462720628805139,
            -0.2046355055690386
        ],
        [
            7.079928028720353,
            -5.967866370358941,
            -0.13122444963396984
        ],
        [
            -5.603878627322727,
            -2.576039984173617,
            -0.2676076003976673
        ],
        [
            -6.651551129003157,
            0.20784959410799608,
            -0.3957845990322766
        ],
        [
            -4.976625896138476,
            7.671372455247511,
            -0.4490245704814622
        ]
    ],
    "nodes": [
        1,
        3,
        3,
        3,
        3,
        3,
        3,
        3
    ],
    "scene": 3
}