{
    "centers": [
        [
            -7.915369918574777,
            -6.373807636261444,
            -0.2513373099815912
        ],
        [
            -6.018982067160341,
            -7.902488998090231,
            -0.24897443147708992
        ],
        [
            -4.58708640298382,
            -8.72015103007552,
            -0.1853494939403491
        ],
        [
            6.311331998895831,
            -2.035132536845423,
            -0.18657350479252743
        ],
        [
            2.7897811627893265,
            7.157536165469249,
            -0.42420337304875794
        ],
        [
            -3.119961631622288,
            -9.806923822489912,
            -0.2727049282338587
        ]
    ],
    "nodes": [
        1,
        3,
        3,
        3,
        3,
        3
    ],
    "scene": 3
}