{
    "centers": [
        [
            -0.3396902782416653,
            -2.1638607272999515,
            -0.4962050109250432
        ],
        [
            7.064435728412995,
            1.878799514847147,
            -0.37479188324615476
        ],
        [
            -3.6116148280008975,
            -8.789658869015973,
            -0.23634431753340296
        ],
        [
            9.915937847637743,
            -5.2319309279585084,
            -0.26630127235123274
        ],
        [
            -5.140025141422299,
            9.427064249213856,
            -0.4625112223656895
        ],
        [
            2.1329615670242426,
            8.466432870737258,
            -0.19876739751569272
        ],
        [
            4.129658159953948,
            2.5208662812423803,
            -0.4161859703811414
        ],
        [
            8.617116079480013,
            -0.692397675255183,
            -0.4873555394075169
        ],
        [
            -1.33998269337358,
            -3.962944356264126,
            -0.4823653260965614
        ]
    ],
    "nodes": [
        1,
        3,
        3,
        3,
        3,
        3,
        3,
        3,
        3
    ],
    "scene": 3
}