{
    "centers": [
        [
            5.249008398185973,
            1.6893634396737323,
            -0.29589939011783184
        ],
        [
            -7.485031426028817,
            -7.151079200078905,
            -0.24049367491821266
        ],
        [
            0.9445653291300573,
            -8.086827434233527,
            -0.15300313509120805
        ],
        [
            -2.4306628366615364,
            -2.9590823103178954,
            -0.49713242166787197
        ],
        [
            -6.371610703111832,
            -4.355228964045028,
            -0.3894743994582417
        ],
        [
            7.3695537962098605,
            -5.519461067599978,
            -0.40371385007170557
        ],
        [
            8.714261415777742,
            -0.1747754083267452,
            -0.17301915386261346
        ],
        [
            8.02490594868052,
            0.6632899201968172,
            -0.26850419716462137
        ],
        [
            -4.832080651449527,
            9.50081030298098,
            -0.29780943041649366
        ]
    ],
    "nodes": [
        1,
        3,
        3,
        3,
        3,
        3,
        3,
        3,
        3
    ],
    "scene": 3
}