{
    "centers": [
        [
            8.10233082989894,
            8.874488760337613,
            -0.2742632142399535
        ],
        [
            6.915775371344633,
            2.106807147481998,
            -0.22719200907865705
        ],
        [
            -6.974814530036431,
            -4.977247949326626,
            -0.1572422678087756
        ],
        [
            4.746124299190953,
            0.5561958684213337,
            -0.2606214756558678
        ],
        [
            -4.860451944988194,
            -9.436377146099828,
            -0.19211537818700597
        ],
        [
            -0.5331824059041939,
            -5.585714067541545,
            -0.462271803183237
        ],
        [
            -9.806463037730834,
            3.08245816640291,
            -0.25422102389697
        ],
        [
            -7.965829761704648,
            -3.548738048960251,
            -0.26645886423880477
        ],
        [
            -3.7448041906222578,
            6.93554552928687,
            -0.2311852634619776
        ],
        [
            4.1389283780961055,
            -2.2207955391611893,
            -0.36501470981909767
        ]
    ],
    "nodes": [
        1,
        3,
        3,
        3,
        3,
        3,
        3,
        3,
        3,
        3
    ],
    "scene": 3
}