{
    "centers": [
        [
            7.489458347220324,
            -7.301526411296524,
            -0.20355617851080737
        ],
        [
            4.8468005111002395,
            -9.982892934888842,
            -0.12335384831611595
        ],
        [
            9.06143501525666,
            -5.736235518203343,
            -0.21143189765218784
        ],
        [
            -5.853283654605967,
            6.108445923558364,
            -0.3902308979976827
        ],
        [
            2.2794933285767165,
            0.11277501030576786,
            -0.15575146691673408
        ],
        [
            -3.3925574440325406,
            -4.534180603161612,
            -0.478158006329874
        ],
        [
            -7.912002539542833,
            7.4553927068651795,
            -0.41150733638796144
        ],
        [
            -2.6450315879659625,
            -8.676784429148814,
            -0.4869823768540579
        ]
    ],
    "nodes": [
        1,
        3,
        3,
        3,
        3,
        3,
        3,
        3
    ],
    "scene": 3
}