{
    "centers": [
        [
            9.923004575127692,
            -5.4950203037641305,
            -0.12567771755446028
        ],
        [
            7.662689302542169,
            -8.591694634400648,
            -0.45278573715064324
        ],
        [
            -1.0399720260058274,
            -9.827116283225505,
            -0.39256739952784553
        ],
        [
            -2.853842426679898,
            6.057420531660796,
            -0.11449194220462267
        ],
        [
            0.23473572932903508,
            -0.5555755532890814,
            -0.16504056401650075
        ],
        [
            2.432626380258851,
            -3.121178412243209,
            -0.43565557198002763
        ],
        [
            -3.926191152878495,
            9.633698569457263,
            -0.28065601626714626
        ]
    ],
    "nodes": [
        1,
        3,
        3,
        3,
        3,
        3,
        3
    ],
    "scene": 3
}