{
    "centers": [
        [
            -3.226894757334138,
            3.783161338421319,
            -0.22223377690394247
        ],
        [
            1.8989890041266726,
            0.8493148846197336,
            -0.348556324840727
        ],
        [
            -4.006879617725289,
            9.265224162858686,
            -0.31548666637717154
        ],
        [
            4.04309524748072,
            -8.871102323828362,
            -0.4160664084513527
        ],
        [
            0.4480622375098502,
            -6.676824393901592,
            -0.47314312742318354
        ],
        [
            -9.91544132491352,
            5.3168257550238796,
            -0.11425462722832519
        ],
        [
            7.06069364273953,
            0.23823400297165875,
            -0.14443512598973068
        ]
    ],
    "nodes": [
        1,
        3,
        3,
        3,
        3,
        3,
        3
    ],
    "scene": 3
}