{
    "centers": [
        [
            -1.9325998468079408,
            -5.520204998628784,
            -0.33608838019019605
        ],
        [
            3.8035028223094933,
            9.733940349275006,
            -0.46585798765846786
        ],
        [
            -2.8984211899398504,
            0.2125231421312801,
            -0.39227285406345724
        ],
        [
            -4.994471165929742,
            -9.57304511629969,
            -0.21441106601944304
        ],
        [
            3.033580656392168,
            6.66950705228825,
            -0.27017024440046156
        ],
        [
            -7.269674999705811,
            -7.303488686845128,
            -0.42582068709730836
        ],
        [
            -0.5716726710262794,
            -6.678235563769615,
            -0.2518953281123124
        ],
        [
            1.3983601632286167,
            5.630902516109092,
            -0.4623422301252065
        ],
        [
            6.121714088046662,
            -3.689488139477466,
            -0.1408081046970785
        ]
    ],
    "nodes": [
        1,
        3,
        3,
        3,
        3,
        3,
        3,
        3,
        3
    ],
    "scene": 3
}