{
    "centers": [
        [
            -5.7737048722017414,
            -9.735510499466987,
            -0.10957315579501326
        ],
        [
            -8.464343615975725,
            -3.1113136994968578,
            -0.3647047770072236
        ],
        [
            -3.7796532117590598,
            -6.026992990480407,
            -0.45212909122604295
        ],
        [
            -9.771559244853874,
            2.9489117166611543,
            -0.37593263267886784
        ],
        [
            9.377824167692523,
            9.149328758558898,
            -0.13855982089514352
        ],
        [
            -1.2796713764956813,
            3.600772971800044,
            -0.25711458752851246
        ],
        [
            -0.47525358066496715,
            -8.277084807950388,
            -0.24668098917650555
        ],
        [
            0.8134877240096845,
            6.504066509939491,
            -0.44078376353738086
        ],
        [
            8.391082804192258,
            5.820810469467331,
            -0.2472809497870881
        ]
    ],
    "nodes": [
        1,
        3,
        3,
        3,
        3,
        3,
        3,
        3,
        3
    ],
    "scene": 3
}