{
    "centers": [
        [
            1.3828476596797117,
            9.74127474987186,
            -0.1369205851317455
        ],
        [
            -3.625607460878351,
            5.162129252641678,
            -0.4743482287557771
        ],
        [
            -7.154915741503238,
            3.5964774172729523,
            -0.2873582392865939
        ],
        [
            -5.947016980334987,
            5.9911506909132655,
            -0.4277660142562939
        ],
        [
            -0.2802994063085933,
            -1.6602777719808337,
            -0.12014183960526592
        ],
        [
            4.4657300574326815,
            -9.338613210537133,
            -0.4519261553992854
        ],
        [
            -1.1544794853261813,
            -8.381052029697965,
            -0.3502951643457299
        ]
    ],
    "nodes": [
        1,
        3,
        3,
        3,
        3,
        3,
        3
    ],
    "scene": 3
}