{
    "centers": [
        [
            6.686373884199853,
            -4.127844268421807,
            -0.34951321455294493
        ],
        [
            -9.81941670364935,
            5.199730717568896,
            -0.1259397415215618
        ],
        [
            -7.227914906371538,
            0.24753117485468756,
            -0.2037751778701763
        ],
        [
            0.6513716915200192,
            1.302214299828215,
            -0.385149326060321
        ],
        [
            -2.6379565511299052,
            -7.240892048492493,
            -0.21059723753177134
        ],
        [
            2.0039895956733957,
            -2.561473749982481,
            -0.4530705313657633
        ],
        [
            8.26681108319194,
            2.886696849877527,
            -0.24015976031726632
        ],
        [
            9.036911723528725,
            -8.841412723321353,
            -0.12085757016258575
        ],
        [
            9.721472341374628,
            4.073737214468014,
            -0.4530645238642504
        ]
    ],
    "nodes": [
        1,
        3,
        3,
        3,
        3,
        3,
        3,
        3,
        3
    ],
    "scene": 3
}