{
    "centers": [
        [
            -8.484904762559452,
            9.955876559400888,
            -0.4561617674522507
        ],
        [
            -7.725201692376682,
            -9.118278335028823,
            -0.21171905552745823
        ],
        [
            0.22527997580856152,
            -3.9789660666539906,
            -0.41308454555893537
        ],
        [
            -5.85940831303777,
            1.9492110307238306,
            -0.28922835086052745
        ],
        [
            9.793613153040788,
            5.339081990939329,
            -0.14841731253356716
        ],
        [
            8.864893480846984,
            -5.088125667256158,
            -0.3118164931919666
        ]
    ],
    "nodes": [
        1,
        3,
        3,
        3,
        3,
        3
    ],
    "scene": 3
}