{
    "centers": [
        [
            9.12053559129652,
            -9.915362516102356,
            -0.33261498693744684
        ],
        [
            8.362204904524692,
            -4.575702488968735,
            -0.3495245878198866
        ],
        [
            -2.4123213109051616,
            -9.009006279156235,
            -0.4095211349900757
        ],
        [
            -8.42180604856014,
            -7.047815676993833,
            -0.4683742033834099
        ],
        [
            1.679536341333229,
            9.097195571681581,
            -0.3893651787820808
        ],
        [
            -1.5286390859281447,
            8.002141123296884,
            -0.381124372067537
        ]
    ],
    "nodes": [
        1,
        3,
        3,
        3,
        3,
        3
    ],
    "scene": 3
}