{
    "centers": [
        [
            -3.5930119369351443,
            -8.712179708037377,
            -0.40226060311718437
        ],
        [
            5.151323426636733,
            3.124296504580302,
            -0.18881820465628218
        ],
        [
            -5.195646522948845,
            -0.910295511724895,
            -0.21121406567838613
        ],
        [
            -8.802709672262703,
            -3.892509933049128,
            -0.3860754458805986
        ],
        [
            -9.853394493163883,
            -7.580881853525556,
            -0.27384215537991186
        ],
        [
            5.999999891135408,
            6.127232957524686,
            -0.37866026155024535
        ]
    ],
    "nodes": [
        1,
        3,
        3,
        3,
        3,
        3
    ],
    "scene": 3
}