{
    "centers": [
        [
            -3.1222154378172977,
            7.734491297397366,
            -0.12086370219453646
        ],
        [
            -1.2046497908276343,
            -9.897346505688587,
            -0.4300525598435018
        ],
        [
            6.647769729531355,
            5.338403211372656,
            -0.2833133705748604
        ],
        [
            3.951096661503101,
            -4.654921432052093,
            -0.4017033574218707
        ],
        [
            -5.439803909907964,
            -6.7370468228522,
            -0.21706482760848156
        ],
        [
            7.876100338300695,
            9.808006286482602,
            -0.22010769102272038
        ],
        [
            -0.3358013522576755,
            1.6097327302502293,
            -0.4951332538640153
        ],
        [
            -8.246601457511407,
            -3.5311685638313417,
            -0.14794724152552302
        ],
        [
            5.982745165158189,
            -8.224638118958067,
            -0.23739204130816538
        ]
    ],
    "nodes": [
        1,
        3,
        3,
        3,
        3,
        3,
        3,
        3,
        3
    ],
    "scene": 3
}