{
    "centers": [
        [
            -5.962646096363862,
            1.2306709265002898,
            -0.2961266596745495
        ],
        [
            8.135064478233794,
            8.749836630833851,
            -0.26124060608826344
        ],
        [
            -9.37036383411401,
            -3.820264910776965,
            -0.3059820097995257
        ],
        [
            -3.797302593970864,
            5.306808600605745,
            -0.18471247241371547
        ],
        [
            6.386530635278728,
            6.975198467725473,
            -0.48460096890166066
        ],
        [
            -0.5959479820854412,
            -0.9068008869114124,
            -0.1921436209385572
        ],
        [
            -7.339839838458091,
            -7.605288950436635,
            -0.37634644046388266
        ],
        [
            9.044874387224816,
            -9.781069915670923,
            -0.11583729108147545
        ],
        [
            -5.2391866802905485,
            1.9708196311258845,
            -0.4586340784093516
        ]
    ],
    "nodes": [
        1,
        3,
        3,
        3,
        3,
        3,
        3,
        3,
        3
    ],
    "scene": 3
}