{
    "centers": [
        [
            3.4655615969665448,
            -0.25890458605657685,
            -0.15161997886835188
        ],
        [
            -0.6735759845578748,
            -7.015452206734743,
            -0.2681567280183078
        ],
        [
            -6.799304448713102,
            1.1653699578582444,
            -0.4314156358768537
        ],
        [
            1.9999847685730678,
            7.557710412826449,
            -0.1189408556861889
        ],
        [
            -4.07046903152652,
            8.442118418901746,
            -0.311553997514455
        ],
        [
            -6.042798760415646,
            -8.27675391464171,
            -0.2923156315546721
        ],
        [
            5.486286719588653,
            2.1942671157503,
            -0.1153996258112664
        ],
        [
            6.778538122342379,
            0.47748509292003405,
            -0.3259529394115579
        ]
    ],
    "nodes": [
        1,
        3,
        3,
        3,
        3,
        3,
        3,
        3
    ],
    "scene": 3
}