{
    "centers": [
        [
            -3.9023013465641405,
            -1.5999131753971163,
            -0.43864132381981386
        ],
        [
            -6.157564608077724,
            7.7063880825010465,
            -0.2632596798935588
        ],
        [
            -1.2555079657094144,
            4.262081217664569,
            -0.25144089375073075
        ],
        [
            -7.18691961582646,
            -7.369849080220479,
            -0.3859138343534064
        ],
        [
            5.214300516093127,
            3.612734412426544,
            -0.29472557891734574
        ]
    ],
    "nodes": [
        1,
        3,
        3,
        3,
        3
    ],
    "scene": 3
}