{
    "centers": [
        [
            -9.23100468084585,
            0.7015412804104635,
            -0.28533271163890683
        ],
        [
            -3.54038388719379,
            -6.593755069401821,
            -0.324656788371386
        ],
        [
            -7.077683348063902,
            -7.476831080914339,
            -0.2840259460515812
        ],
        [
            -7.786682483255443,
            6.472191661399751,
            -0.2062510507229401
        ]
    ],
    "nodes": [
        0,
        3,
        3,
        3
    ],
    "scene": 4
}