{
    "centers": [
        [
            9.319073439291326,
            6.188763132252667,
            -0.29458140608878675
        ],
        [
            4.712869076483335,
            3.7011811225112385,
            -0.11760161660990814
        ]
    ],
    "nodes": [
        0,
        0
    ],
    "scene": 4
}