{
    "centers": [
        [
            -8.59315256064912,
            3.102173055459996,
            -0.45903988795616807
        ],
        [
            -3.090945799760627,
            7.008367671565672,
            -0.4698254611331102
        ],
        [
            -4.010703157990467,
            6.304727227357066,
            -0.1895807857983971
        ],
        [
            3.643261852880679,
            0.21671804757343338,
            -0.22209167684711212
        ],
        [
            -5.096493997809375,
            -5.076495055648669,
            -0.17392245418376912
        ],
        [
            6.4645081315724475,
            -3.346625462958963,
            -0.10238834980943001
        ]
    ],
    "nodes": [
        0,
        1,
        3,
        3,
        3,
        3
    ],
    "scene": 4
}