{
    "centers": [
        [
            -1.4870881210103999,
            -9.398747323955646,
            -0.4375831889196812
        ],
        [
            8.274747002607857,
            8.462716598185796,
            -0.1491043842692587
        ],
        [
            4.599065232154771,
            3.3755233868023975,
            -0.165777759695646
        ],
        [
            9.144582864867328,
            -3.7810924236807004,
            -0.2753937345090125
        ],
        [
            -3.0524145433255745,
            -2.836802264079026,
            -0.19596433217769532
        ]
    ],
    "nodes": [
        0,
        1,
        3,
        3,
        3
    ],
    "scene": 4
}