{
    "centers": [
        [
            -9.210043315616904,
            9.53504467021872,
            -0.1806418640335053
        ],
        [
            5.511453574991453,
            -4.6225545552740055,
            -0.1580572262489145
        ],
        [
            0.6882714117549504,
            2.798791751707066,
            -0.43257177629865307
        ],
        [
            3.669397655725003,
            7.164365445798413,
            -0.11045048756750547
        ]
    ],
    "nodes": [
        0,
        0,
        3,
        3
    ],
    "scene": 4
}