{
    "centers": [
        [
            8.664139841043127,
            -6.73562965445371,
            -0.4006119264996303
        ],
        [
            -2.464089495417281,
            3.993759202501364,
            -0.29546060538780927
        ],
        [
            -5.428297079793747,
            1.933881186574471,
            -0.30021019186079434
        ],
        [
            7.475905119754202,
            -8.11716692144878,
            -0.16561677595899038
        ]
    ],
    "nodes": [
        0,
        3,
        3,
        3
    ],
    "scene": 4
}