{
    "centers": [
        [
            -9.968893830849686,
            8.463329092922066,
            -0.4253581719091567
        ],
        [
            5.7100747580286,
            -7.756393340735778,
            -0.4809573599492105
        ]
    ],
    "nodes": [
        0,
        3
    ],
    "scene": 4
}