{
    "centers": [
        [
            4.489803495256325,
            7.195284572292273,
            -0.40089357203096415
        ],
        [
            -4.415349073148247,
            0.062137861468652744,
            -0.32202133751143214
        ],
        [
            0.6119177328145007,
            -1.4483706415231161,
            -0.14764354202386576
        ],
        [
            -8.565388584182976,
            -3.0684162355087663,
            -0.33437459172557066
        ]
    ],
    "nodes": [
        0,
        1,
        3,
        3
    ],
    "scene": 4
}