{
    "centers": [
        [
            -3.3584302005539035,
            2.254571255187363,
            -0.43054301945448636
        ],
        [
            -7.067789953203841,
            -6.0140056514438145,
            -0.3264083048762646
        ],
        [
            -0.7387834150596095,
            -4.176416652714088,
            -0.23675461399692704
        ],
        [
            1.178095461841398,
            -0.34846705924330124,
            -0.3275128399778525
        ],
        [
            1.9137382179868254,
            -9.311998218956177,
            -0.19389147397897016
        ],
        [
            -5.932361932240706,
            -2.1015084551776404,
            -0.19471397633411924
        ],
        [
            4.1312224714106005,
            -8.454441984570849,
            -0.28959892460688497
        ]
    ],
    "nodes": [
        0,
        0,
        1,
        3,
        3,
        3,
        3
    ],
    "scene": 4
}