{
    "centers": [
        [
            -6.044042895661043,
            -3.814758419053099,
            -0.3092025673340054
        ],
        [
            -8.19480042878318,
            -9.31196434675039,
            -0.34484396872116174
        ],
        [
            5.589518390985358,
            0.6322253802376547,
            -0.1961648037848419
        ]
    ],
    "nodes": [
        0,
        1,
        3
    ],
    "scene": 4
}