{
    "centers": [
        [
            9.97232169398707,
            -4.389450939429449,
            -0.3893531153190878
        ],
        [
            -4.256051555492095,
            -9.625507654142558,
            -0.19823105052081968
        ],
        [
            5.715753097627463,
            -8.169384980758165,
            -0.31317470667605585
        ],
        [
            7.738254754243609,
            -3.116096314092445,
            -0.41373130612804193
        ]
    ],
    "nodes": [
        0,
        0,
        3,
        3
    ],
    "scene": 4
}