{
    "centers": [
        [
            -8.309131543288013,
            7.636611418547329,
            -0.3172358596034346
        ],
        [
            -3.289142213860843,
            3.456900926325961,
            -0.1858691344557986
        ]
    ],
    "nodes": [
        0,
        3
    ],
    "scene": 4
}