{
    "centers": [
        [
            5.594057513624062,
            3.5482561463227142,
            -0.1739039052701799
        ],
        [
            9.635785133736658,
            -3.405532290131643,
            -0.10440268184115253
        ],
        [
            -6.412269443749501,
            7.255939342899676,
            -0.12045439154069659
        ],
        [
            2.402711962380975,
            -0.402811928047468,
            -0.23148109558367297
        ],
        [
            4.676268977239776,
            8.274184391391827,
            -0.48234980802753047
        ]
    ],
    "nodes": [
        0,
        0,
        1,
        3,
        3
    ],
    "scene": 4
}