{
    "centers": [
        [
            6.630225211463877,
            -0.40179047173460347,
            -0.14347156744844214
        ],
        [
            -5.644634513438742,
            -5.205722307889813,
            -0.12961995840695717
        ],
        [
            -0.45918158268583653,
            2.828588323234417,
            -0.39078545698600126
        ],
        [
            3.017358897262838,
            -7.930479513989372,
            -0.26175773853082096
        ],
        [
            -7.802066161014007,
            9.785142755153057,
            -0.31710486804636606
        ]
    ],
    "nodes": [
        0,
        0,
        1,
        3,
        3
    ],
    "scene": 4
}