{
    "centers": [
        [
            -8.33154993567858,
            -0.8218733168336705,
            -0.10644758368075213
        ],
        [
            -5.31635740727287,
            8.535184385479553,
            -0.4140671896447411
        ],
        [
            -2.0113074196187135,
            2.1227352018140078,
            -0.39357359976920286
        ],
        [
            -0.1208224005267926,
            5.0217315394031825,
            -0.4573476535756239
        ]
    ],
    "nodes": [
        0,
        0,
        3,
        3
    ],
    "scene": 4
}