{
    "centers": [
        [
            3.980604381158466,
            -3.7138392531748643,
            -0.1445375193993933
        ],
        [
            7.411345442473397,
            2.8330983694729834,
            -0.1201208022351441
        ],
        [
            -7.718713582890513,
            7.009592468293327,
            -0.3251165380256509
        ],
        [
            5.175594910096883,
            -8.980453913662359,
            -0.4372815832038252
        ],
        [
            -9.969878507248424,
            7.720429065027933,
            -0.2006597141743432
        ],
        [
            -9.189579378255218,
            -9.817516441179661,
            -0.37537001035284284
        ]
    ],
    "nodes": [
        0,
        0,
        1,
        3,
        3,
        3
    ],
    "scene": 4
}