{
    "centers": [
        [
            7.831803372824091,
            1.6298169335138226,
            -0.45243395497779615
        ],
        [
            -7.903991462061432,
            3.5457843437932812,
            -0.26466309239194613
        ],
        [
            3.209030606484781,
            -7.857844773053497,
            -0.3270310262221957
        ],
        [
            9.22678415385359,
            -4.032527177325882,
            -0.2031474874903339
        ],
        [
            6.960127651325049,
            -2.631210175696868,
            -0.4528872767491241
        ]
    ],
    "nodes": [
        0,
        3,
        3,
        3,
        3
    ],
    "scene": 4
}