{
    "centers": [
        [
            -1.333173403621167,
            5.955015306730029,
            -0.3768611065807928
        ],
        [
            9.020433024844372,
            8.034590120452574,
            -0.188077310598867
        ],
        [
            1.532787488901402,
            4.257080690190595,
            -0.35289422872829557
        ],
        [
            -5.667330615756452,
            -8.759254107355956,
            -0.1374249181962845
        ],
        [
            6.357039650627019,
            -5.02446994319274,
            -0.37599030813717293
        ]
    ],
    "nodes": [
        0,
        0,
        1,
        3,
        3
    ],
    "scene": 4
}