{
    "centers": [
        [
            1.4349222821114473,
            -2.2762674268775873,
            -0.344276702529154
        ],
        [
            -4.013994611291125,
            8.650001948558877,
            -0.35664811818041264
        ]
    ],
    "nodes": [
        0,
        1
    ],
    "scene": 4
}