{
    "centers": [
        [
            -3.4340133562800768,
            8.652826430639827,
            -0.2100092098782086
        ],
        [
            7.771738140504496,
            -6.982545018675042,
            -0.17136937105308975
        ],
        [
            -5.67175975509646,
            -5.259085768505852,
            -0.21673133591507138
        ],
        [
            6.71410098670437,
            3.2104610715015003,
            -0.3709707465431282
        ]
    ],
    "nodes": [
        0,
        3,
        3,
        3
    ],
    "scene": 4
}