{
    "centers": [
        [
            4.3741961231344195,
            -8.508357949653426,
            -0.4307712863633582
        ],
        [
            -0.1333856871769985,
            9.475687042382226,
            -0.20407925546411926
        ],
        [
            6.415283876042988,
            2.8087966223272147,
            -0.29858133102247875
        ],
        [
            -5.795813065195084,
            5.895379590313752,
            -0.12752188574837647
        ],
        [
            -7.376481626608853,
            0.7371870246657153,
            -0.38451929589456896
        ],
        [
            9.603102610356537,
            7.236085791035972,
            -0.13123517499143628
        ],
        [
            -4.895411686615445,
            1.8444900713173702,
            -0.4467147150466827
        ]
    ],
    "nodes": [
        0,
        0,
        1,
        3,
        3,
        3,
        3
    ],
    "scene": 4
}