{
    "centers": [
        [
            2.3679686463132974,
            -3.6421786697554293,
            -0.4123376201017102
        ],
        [
            -8.937555554013564,
            -9.234788509397884,
            -0.21151563129577716
        ],
        [
            4.179004067072331,
            8.39378364035743,
            -0.2645168001173924
        ],
        [
            7.586249285938681,
            2.8788121573509056,
            -0.1458433052903697
        ],
        [
            -1.0676996855381837,
            6.132318392894042,
            -0.4607367554329264
        ],
        [
            -0.40580785626267435,
            1.3192626881232972,
            -0.36335008841438077
        ],
        [
            -6.360070495816426,
            -4.880119507738341,
            -0.23219854450794047
        ]
    ],
    "nodes": [
        0,
        0,
        1,
        3,
        3,
        3,
        3
    ],
    "scene": 4
}