{
    "centers": [
        [
            1.2773551263344256,
            2.537222421663728,
            -0.25417022684077745
        ],
        [
            -1.8875118841410483,
            -3.060338168947487,
            -0.46459845763412
        ],
        [
            9.637349380137866,
            6.028255122497285,
            -0.11359824311146988
        ]
    ],
    "nodes": [
        0,
        0,
        3
    ],
    "scene": 4
}