{
    "centers": [
        [
            -0.8635076029619082,
            -3.054008820136107,
            -0.3932370383716864
        ],
        [
            -8.011080523845052,
            6.257630760201856,
            -0.3301390280025659
        ],
        [
            9.759195716744554,
            -9.236505943202308,
            -0.22523514679370527
        ]
    ],
    "nodes": [
        0,
        0,
        3
    ],
    "scene": 4
}