{
    "centers": [
        [
            2.9892140000417626,
            -4.827177782936829,
            -0.29146978973105053
        ],
        [
            1.9889496284399204,
            2.0642051101743153,
            -0.4378011082914615
        ],
        [
            -3.6672894785503836,
            -0.04706498828279493,
            -0.24226020640859908
        ],
        [
            4.877941172080176,
            8.37277986110346,
            -0.47198427177691027
        ],
        [
            -1.5866098328294918,
            6.40300185798338,
            -0.1753943324333081
        ]
    ],
    "nodes": [
        0,
        3,
        3,
        3,
        3
    ],
    "scene": 4
}