{
    "centers": [
        [
            -9.592120316927648,
            1.4191541448588918,
            -0.2818931393405221
        ],
        [
            9.822766065666226,
            5.726626286753159,
            -0.40883378548980426
        ],
        [
            0.7192071817575219,
            9.031421267792297,
            -0.4476124771892638
        ],
        [
            -3.902582577756575,
            -2.07004188668585,
            -0.22728013592678603
        ],
        [
            4.649522078750042,
            -9.070312297137349,
            -0.3221869436496039
        ]
    ],
    "nodes": [
        0,
        3,
        3,
        3,
        3
    ],
    "scene": 4
}