{
    "centers": [
        [
            -1.6007959966567427,
            1.5418726726850434,
            -0.21793539239077453
        ],
        [
            -7.416884136863484,
            -3.266576299503483,
            -0.40122662585599117
        ],
        [
            -8.221940862005903,
            -8.653859260804426,
            -0.18048131180181748
        ]
    ],
    "nodes": [
        0,
        0,
        3
    ],
    "scene": 4
}