{
    "centers": [
        [
            -3.2134205221849914,
            5.594163752983265,
            -0.42933578495289015
        ],
        [
            -4.086156992081802,
            -2.9439995339704,
            -0.4327781430008856
        ],
        [
            -9.459582928748258,
            7.859934693447844,
            -0.14466773615823147
        ],
        [
            -5.844788375323777,
            4.320905313416667,
            -0.394706946007184
        ]
    ],
    "nodes": [
        0,
        3,
        3,
        3
    ],
    "scene": 4
}