{
    "centers": [
        [
            -3.2244100578576873,
            -3.926930875915902,
            -0.20778116571641725
        ],
        [
            -0.8795606695548344,
            -6.281720119046527,
            -0.2216624761306739
        ]
    ],
    "nodes": [
        0,
        0
    ],
    "scene": 4
}