{
    "centers": [
        [
            9.822125521834955,
            -8.10156661954839,
            -0.2670113018786193
        ],
        [
            -9.722520998381125,
            -4.143859389077402,
            -0.39564161525487296
        ],
        [
            8.32288987372889,
            2.7937400685738396,
            -0.449342272219562
        ],
        [
            6.9520479338767736,
            4.867723009464733,
            -0.4961151186563625
        ],
        [
            -6.729935267816922,
            -6.1855571930791715,
            -0.45177677551034157
        ]
    ],
    "nodes": [
        0,
        0,
        3,
        3,
        3
    ],
    "scene": 4
}