{
    "centers": [
        [
            -9.182597416718883,
            9.14422589030072,
            -0.1382609663536023
        ],
        [
            -2.1843625664373594,
            -2.8735863894793283,
            -0.1315019798449628
        ]
    ],
    "nodes": [
        0,
        1
    ],
    "scene": 4
}