{
    "centers": [
        [
            1.0845104022558854,
            -3.595068008469287,
            -0.32904566046573935
        ],
        [
            8.66807012122036,
            3.068318498761064,
            -0.3312994909816264
        ],
        [
            -0.8868470230814225,
            -6.632948023111458,
            -0.16906747833031865
        ],
        [
            -7.3851734129754405,
            -5.590958594524258,
            -0.1897171907156563
        ],
        [
            3.0948876074925593,
            0.44940694306098194,
            -0.20443660125004476
        ]
    ],
    "nodes": [
        0,
        1,
        3,
        3,
        3
    ],
    "scene": 4
}