{
    "centers": [
        [
            -3.736563134641333,
            7.130824856610108,
            -0.49524818635728957
        ],
        [
            7.341181438044718,
            -0.3865798216440375,
            -0.4049382731548742
        ],
        [
            -2.90971331259761,
            -2.948023528253147,
            -0.2150957137093637
        ]
    ],
    "nodes": [
        0,
        1,
        3
    ],
    "scene": 4
}