{
    "centers": [
        [
            -6.592070566177737,
            -8.561241462517906,
            -0.26240202906116455
        ]
    ],
    "nodes": [
        0
    ],
    "scene": 4
}