{
    "centers": [
        [
            -6.24732694906789,
            -3.2611656543207435,
            -0.43396076593861793
        ],
        [
            -0.5619945623313232,
            5.8413067348285,
            -0.25026478549173603
        ],
        [
            2.673977464679492,
            9.189896162036845,
            -0.2861607313320583
        ]
    ],
    "nodes": [
        0,
        1,
        3
    ],
    "scene": 4
}