{
    "centers": [
        [
            -3.9309954217336784,
            -4.331008195133387,
            -0.2706244586379657
        ],
        [
            -0.6133783430741104,
            9.701065634993299,
            -0.2637004318003244
        ],
        [
            -8.100187687839684,
            4.989635955167028,
            -0.4887462226456234
        ],
        [
            6.5772112206316855,
            -6.4768267817194,
            -0.42365643005812853
        ]
    ],
    "nodes": [
        0,
        1,
        3,
        3
    ],
    "scene": 4
}