{
    "centers": [
        [
            -3.474112344522644,
            0.7809642298066812,
            -0.46940460894549496
        ],
        [
            9.9213537154751,
            3.3952883548349533,
            -0.27082866930705773
        ],
        [
            -7.96896400060529,
            2.024451523167162,
            -0.1869911566703505
        ],
        [
            -9.938598362964207,
            -6.365135216144566,
            -0.19140676767457765
        ]
    ],
    "nodes": [
        0,
        3,
        3,
        3
    ],
    "scene": 4
}