{
    "centers": [
        [
            -8.496002690952905,
            -7.286915977252278,
            -0.3652826426379734
        ],
        [
            0.6906512782755119,
            8.894991268020355,
            -0.3964022695883771
        ],
        [
            -2.0735517266656567,
            2.3883963634349836,
            -0.24487997133606498
        ],
        [
            7.545125703932992,
            -3.2494619938659834,
            -0.10460294151242072
        ]
    ],
    "nodes": [
        0,
        1,
        3,
        3
    ],
    "scene": 4
}