{
    "centers": [
        [
            5.409141905129529,
            7.170067403475755,
            -0.39479642547778504
        ],
        [
            1.4123882900657776,
            -0.5157968471216314,
            -0.46444976897954643
        ],
        [
            -8.011369197034643,
            -4.822781348610494,
            -0.4309718389460323
        ],
        [
            7.295123375320742,
            3.0887466885594996,
            -0.17946229031099392
        ]
    ],
    "nodes": [
        0,
        0,
        1,
        3
    ],
    "scene": 4
}