{
    "centers": [
        [
            6.981969114833852,
            -3.593969844490408,
            -0.2744376245780983
        ],
        [
            -7.614001448724883,
            9.007104945090326,
            -0.4754123471916245
        ],
        [
            -2.527416836933445,
            -9.270262480776676,
            -0.15758305231087016
        ],
        [
            -3.611400356469572,
            2.4089319653072288,
            -0.3532112556204079
        ],
        [
            -5.444508916750643,
            4.900035314282169,
            -0.3044028625382884
        ]
    ],
    "nodes": [
        0,
        0,
        1,
        3,
        3
    ],
    "scene": 4
}