{
    "centers": [
        [
            7.553714035675721,
            8.322612063373352,
            -0.37045701388304775
        ],
        [
            1.3408702220382533,
            -8.304585758602368,
            -0.25175350974376876
        ],
        [
            4.154014344390916,
            1.567869298899268,
            -0.28609979685669096
        ]
    ],
    "nodes": [
        0,
        3,
        3
    ],
    "scene": 4
}