{
    "centers": [
        [
            0.03640898196352893,
            -8.705225622760693,
            -0.3821044988051355
        ],
        [
            4.523531957277793,
            0.12466360008481381,
            -0.14712731440075744
        ],
        [
            9.941162893573377,
            1.2813019107358024,
            -0.3404875498216574
        ],
        [
            6.507560801030529,
            -5.514884653248053,
            -0.38148036958099535
        ],
        [
            -3.9667381262747554,
            6.556373940202807,
            -0.13311021242512555
        ]
    ],
    "nodes": [
        0,
        0,
        3,
        3,
        3
    ],
    "scene": 4
}