{
    "centers": [
        [
            -7.0202414330521945,
            5.200446112345372,
            -0.22754679523373228
        ],
        [
            -5.665896402624173,
            -8.67807289926639,
            -0.3034323791424087
        ],
        [
            2.136060739656269,
            -1.0139024631870903,
            -0.44586803424177474
        ],
        [
            9.996425972432277,
            -5.129776783470255,
            -0.4658243582607603
        ],
        [
            0.3775594674165976,
            -3.0444955092531885,
            -0.12361191866213406
        ],
        [
            -3.7496394513888864,
            1.7233896058931446,
            -0.4279035385608228
        ]
    ],
    "nodes": [
        0,
        0,
        1,
        3,
        3,
        3
    ],
    "scene": 4
}