{
    "centers": [
        [
            -9.753959245078555,
            6.053353544557343,
            -0.2948933275353944
        ],
        [
            -6.321142372932571,
            2.5534149992455575,
            -0.43073260751005915
        ],
        [
            8.140127625909834,
            -1.2604135012304258,
            -0.190918397177967
        ],
        [
            -0.8437797521666361,
            -6.8503901735888695,
            -0.4075961242000129
        ]
    ],
    "nodes": [
        0,
        0,
        1,
        3
    ],
    "scene": 4
}