{
    "centers": [
        [
            2.720374688513873,
            8.261365447689322,
            -0.42869630842959194
        ],
        [
            5.9705742333065,
            -1.1713887066793696,
            -0.32977426645111574
        ],
        [
            -2.507765566128761,
            5.346159999235187,
            -0.18760384547864684
        ]
    ],
    "nodes": [
        0,
        0,
        3
    ],
    "scene": 4
}