{
    "centers": [
        [
            -3.632971373905356,
            -0.5366554668990808,
            -0.33179600845556545
        ],
        [
            -2.770487743403498,
            -2.3797421950509356,
            -0.27111492360988254
        ],
        [
            5.983809631871182,
            -3.6619078999013848,
            -0.16882942992746036
        ],
        [
            6.694121216785945,
            -5.373282409431996,
            -0.20235333053689136
        ]
    ],
    "nodes": [
        0,
        3,
        3,
        3
    ],
    "scene": 4
}