{
    "centers": [
        [
            -8.491061485117005,
            -5.015480945114779,
            -0.2531824669952102
        ],
        [
            7.112747000183234,
            -2.254506684273389,
            -0.312402507760449
        ],
        [
            -2.7057815482478826,
            -0.22943610232002598,
            -0.27921117891079417
        ],
        [
            2.978207528222205,
            9.61019103792782,
            -0.4111400493232161
        ],
        [
            8.795472522980909,
            3.148428043079088,
            -0.4270352521177402
        ]
    ],
    "nodes": [
        0,
        0,
        1,
        3,
        3
    ],
    "scene": 4
}