{
    "centers": [
        [
            1.7324135623638313,
            -4.299594900899983,
            -0.3980932607386753
        ],
        [
            3.947681637860679,
            -0.8003394200604497,
            -0.2960446329464329
        ],
        [
            2.9558847800938217,
            -6.475291806109629,
            -0.41045315340966926
        ]
    ],
    "nodes": [
        0,
        0,
        3
    ],
    "scene": 4
}