{
    "centers": [
        [
            -2.7191718369649154,
            -9.527150073214472,
            -0.4603594810739778
        ],
        [
            4.404657035773017,
            8.16747193836725,
            -0.44684532802276455
        ],
        [
            -7.873448199906019,
            -3.8511390641534904,
            -0.33835280348909413
        ],
        [
            -7.149712365971796,
            2.7903360005320046,
            -0.48576794415484564
        ],
        [
            -6.5378810798006555,
            4.760929409720978,
            -0.16788877704914956
        ],
        [
            1.3117819585721193,
            5.518442493707985,
            -0.1540471457616563
        ]
    ],
    "nodes": [
        0,
        0,
        3,
        3,
        3,
        3
    ],
    "scene": 4
}