{
    "centers": [
        [
            6.736320148978244,
            -5.868638655534896,
            -0.2524650485884775
        ],
        [
            3.7665180877477447,
            -2.1934865725395536,
            -0.2562645510080654
        ],
        [
            0.6772441018209729,
            9.887395953220718,
            -0.10886304588009516
        ],
        [
            4.593667715934853,
            2.597897543591621,
            -0.3296085393139607
        ],
        [
            -1.4762261566519275,
            4.632577725336288,
            -0.12917895444769295
        ],
        [
            2.6397360887072647,
            -0.662620606567323,
            -0.3286041570011531
        ]
    ],
    "nodes": [
        0,
        0,
        1,
        3,
        3,
        3
    ],
    "scene": 4
}