{
    "centers": [
        [
            3.790729207712591,
            -4.08313598533441,
            -0.18418010471823248
        ],
        [
            -6.61633290435814,
            6.4530588870229195,
            -0.4347654630265607
        ],
        [
            9.679291544376973,
            3.483849458237122,
            -0.12164095958483068
        ],
        [
            -1.446356614901152,
            -7.702153622803856,
            -0.15622266859559325
        ],
        [
            -9.433925226341799,
            7.309605401827309,
            -0.4366059134500405
        ],
        [
            -5.470073632009765,
            -8.408910125103413,
            -0.42642338294480264
        ]
    ],
    "nodes": [
        0,
        1,
        3,
        3,
        3,
        3
    ],
    "scene": 4
}