{
    "centers": [
        [
            -0.06670137538291598,
            7.181024398743951,
            -0.2616766119967995
        ],
        [
            2.909213650215385,
            -5.744686531606156,
            -0.3417912634246558
        ],
        [
            -9.764379654364681,
            -6.910606768747396,
            -0.4891221268917701
        ],
        [
            -6.552943190881598,
            -1.6699895958421536,
            -0.14244676110337362
        ]
    ],
    "nodes": [
        0,
        1,
        3,
        3
    ],
    "scene": 4
}