{
    "centers": [
        [
            9.670630727499063,
            -1.9295934686203928,
            -0.10694176569587988
        ],
        [
            7.400273959481996,
            -3.877989990172937,
            -0.19186841793027204
        ],
        [
            8.446250482024976,
            9.497792979509466,
            -0.3125303308437559
        ],
        [
            0.9681458757457655,
            1.9344289422435779,
            -0.14532345880674175
        ],
        [
            3.5013234810038423,
            -9.478358982342886,
            -0.34027679459546434
        ]
    ],
    "nodes": [
        0,
        0,
        3,
        3,
        3
    ],
    "scene": 4
}