{
    "centers": [
        [
            -8.834065563838326,
            2.7717689396432057,
            -0.2233747392483183
        ],
        [
            3.056131523592704,
            8.36401528381499,
            -0.16373487744589554
        ],
        [
            8.404939434451148,
            4.98777061547165,
            -0.36522039964174446
        ]
    ],
    "nodes": [
        0,
        0,
        1
    ],
    "scene": 4
}