{
    "centers": [
        [
            -2.3577785143429475,
            2.733377022287458,
            -0.10820764723310522
        ],
        [
            3.301826848271256,
            6.2068036416850205,
            -0.40866131575180453
        ],
        [
            -8.100392072748413,
            9.938619559086337,
            -0.32079657495540626
        ]
    ],
    "nodes": [
        0,
        1,
        3
    ],
    "scene": 4
}