{
    "centers": [
        [
            -1.7140716701093055,
            -8.90621427015633,
            -0.23283172804084884
        ],
        [
            -8.290569312697842,
            7.35351815933236,
            -0.4946729313600662
        ],
        [
            -3.5070705312177815,
            4.352419102103662,
            -0.469822211335141
        ]
    ],
    "nodes": [
        0,
        0,
        1
    ],
    "scene": 4
}