{
    "centers": [
        [
            -8.293912176747579,
            -4.365277328224759,
            -0.4316526770269411
        ],
        [
            -3.204961038751777,
            -9.390390709323409,
            -0.3148894971167996
        ]
    ],
    "nodes": [
        0,
        3
    ],
    "scene": 4
}