{
    "centers": [
        [
            -5.410902743643979,
            6.773275633674885,
            -0.12339403141820243
        ],
        [
            -3.1309251727421277,
            -1.4188552510839454,
            -0.1290701449165994
        ],
        [
            2.471778966131204,
            3.2858539608263584,
            -0.4090026960308406
        ],
        [
            -0.04072278668956031,
            -7.204271138597111,
            -0.12925740128959096
        ]
    ],
    "nodes": [
        0,
        3,
        3,
        3
    ],
    "scene": 4
}