{
    "centers": [
        [
            1.5579285667717695,
            -2.1199979263344098,
            -0.21229535845069686
        ],
        [
            -7.818006980854042,
            -7.615233186410326,
            -0.26130643890381433
        ],
        [
            6.45538836150682,
            4.134149341208115,
            -0.326625907531351
        ]
    ],
    "nodes": [
        0,
        0,
        1
    ],
    "scene": 4
}