{
    "centers": [
        [
            2.1856952278913067,
            -0.8342674241064163,
            -0.47533849925239674
        ],
        [
            4.202308894343787,
            -9.369518616244378,
            -0.22944592038367673
        ],
        [
            0.5970787676829943,
            -7.919055866895242,
            -0.23682810281913264
        ],
        [
            -9.079971735019555,
            -4.877695357766669,
            -0.2143052411798934
        ],
        [
            -1.353212754088922,
            3.6926286618947675,
            -0.3632471913713745
        ]
    ],
    "nodes": [
        0,
        1,
        3,
        3,
        3
    ],
    "scene": 4
}