{
    "centers": [
        [
            -1.228285768861113,
            -1.165423438247199,
            -0.2444960584595166
        ],
        [
            9.804836718492624,
            -7.824590417831945,
            -0.411609317708248
        ],
        [
            3.776398406958707,
            -5.190125274850564,
            -0.38818822002422354
        ],
        [
            6.340027983877018,
            5.245027812908161,
            -0.14004321317169283
        ],
        [
            1.0194836459892453,
            -8.950911836437413,
            -0.11799644574818524
        ],
        [
            7.759884904762174,
            0.22262697401933806,
            -0.4338552314713203
        ]
    ],
    "nodes": [
        0,
        0,
        3,
        3,
        3,
        3
    ],
    "scene": 4
}