{
    "centers": [
        [
            -0.8126929423533564,
            1.1090793995283725,
            -0.22306263157164352
        ],
        [
            0.3351416637520863,
            -7.8049576991879555,
            -0.19644345385759077
        ],
        [
            -9.807103049297886,
            -6.047768804414253,
            -0.35081756987233714
        ],
        [
            9.458230150081647,
            3.659521300264757,
            -0.20529982201720842
        ],
        [
            -4.505220501692346,
            -1.3683868605276537,
            -0.429262970215138
        ]
    ],
    "nodes": [
        0,
        0,
        1,
        3,
        3
    ],
    "scene": 4
}