{
    "centers": [
        [
            -0.31439055881102185,
            -4.518184123571198,
            -0.10192106315682326
        ],
        [
            8.560405819612736,
            0.4470086068007024,
            -0.45659484422873675
        ],
        [
            5.611039865906253,
            3.271863281417172,
            -0.32469105973934254
        ]
    ],
    "nodes": [
        0,
        1,
        3
    ],
    "scene": 4
}