{
    "centers": [
        [
            -9.082434723026182,
            8.650072633655327,
            -0.2738790074454215
        ],
        [
            -0.8146809426815889,
            -0.60282255565002,
            -0.24627663835043961
        ],
        [
            1.6137882590681976,
            1.6978619517007942,
            -0.47231274324475125
        ]
    ],
    "nodes": [
        0,
        1,
        3
    ],
    "scene": 4
}