{
    "centers": [
        [
            7.718463189719547,
            -5.031083303195604,
            -0.19658733448668742
        ],
        [
            -5.082677659930967,
            8.284237324697695,
            -0.3177106329271446
        ],
        [
            -8.71699358964907,
            3.7673259132379684,
            -0.3288967677961514
        ],
        [
            9.392875448168642,
            1.7161034883357118,
            -0.49573681156790106
        ],
        [
            -1.7675057657033548,
            -9.878749244420106,
            -0.32236556499969793
        ],
        [
            3.5156197336906754,
            -6.234865465025408,
            -0.281620239426003
        ],
        [
            2.4141855208374263,
            0.8818228696487207,
            -0.49843504662516896
        ]
    ],
    "nodes": [
        0,
        0,
        1,
        3,
        3,
        3,
        3
    ],
    "scene": 4
}