{
    "centers": [
        [
            -3.0701949670214868,
            8.91262554571863,
            -0.20540664226157507
        ],
        [
            7.307187429427341,
            -8.057206503778362,
            -0.4799727876054164
        ],
        [
            -6.273988962170629,
            -5.5770286849556605,
            -0.3813843614177351
        ],
        [
            -4.421134873463631,
            4.354849451312026,
            -0.16667023656406266
        ],
        [
            6.232677821717072,
            -9.225608777590082,
            -0.14878000624458787
        ]
    ],
    "nodes": [
        3,
        3,
        3,
        3,
        3
    ],
    "scene": 0
}