{
    "centers": [
        [
            0.8963014749424403,
            -0.5356147530755564,
            -0.11374569191270534
        ],
        [
            2.4492881050835447,
            8.10980169104387,
            -0.1974849142646336
        ],
        [
            4.9717861371237575,
            2.067615252675001,
            -0.4021482033367353
        ]
    ],
    "nodes": [
        0,
        1,
        3
    ],
    "scene": 4
}