{
    "centers": [
        [
            4.386274065397394,
            -6.856321667903704,
            -0.10002160042269242
        ],
        [
            0.9113130422641511,
            -2.4381325103310107,
            -0.45322765136256776
        ],
        [
            9.970471813123908,
            0.3450425318782102,
            -0.4908682459224136
        ]
    ],
    "nodes": [
        0,
        0,
        1
    ],
    "scene": 4
}