{
    "centers": [
        [
            9.398253018645676,
            -8.101413670648927,
            -0.18582170914575302
        ],
        [
            0.7513830549753244,
            6.550080340717855,
            -0.44314952309096267
        ],
        [
            -5.154087658466793,
            1.7601893236085449,
            -0.11694492266336798
        ],
        [
            -0.4522675924085018,
            2.408821228050055,
            -0.30279858960918005
        ],
        [
            1.8543061309723647,
            -2.492096099871455,
            -0.4529465489234664
        ]
    ],
    "nodes": [
        0,
        1,
        3,
        3,
        3
    ],
    "scene": 4
}