{
    "centers": [
        [
            -2.179522836729298,
            -8.727921292765703,
            -0.16699496990828727
        ],
        [
            9.655647257673422,
            7.417049396431935,
            -0.4213652677484351
        ],
        [
            8.006946814983888,
            2.6106649016275902,
            -0.3701148030198699
        ]
    ],
    "nodes": [
        0,
        0,
        3
    ],
    "scene": 4
}