{
    "centers": [
        [
            -4.857341229101097,
            7.729051568005488,
            -0.13368139814827362
        ],
        [
            -7.732847688588931,
            -0.479832802614947,
            -0.3400798608646846
        ],
        [
            -3.8054849362492877,
            -5.547320255403734,
            -0.45428459990413145
        ]
    ],
    "nodes": [
        0,
        3,
        3
    ],
    "scene": 4
}