{
    "centers": [
        [
            1.5693998348777853,
            -5.635054789159177,
            -0.3263392346312315
        ],
        [
            -5.444630738811275,
            8.772182974950532,
            -0.4238793576392149
        ],
        [
            4.933747831515099,
            6.084216545892062,
            -0.39404047402044584
        ]
    ],
    "nodes": [
        0,
        0,
        1
    ],
    "scene": 4
}