{
    "centers": [
        [
            5.072525671198404,
            -3.2078906186001426,
            -0.47533517076361054
        ]
    ],
    "nodes": [
        0
    ],
    "scene": 4
}