{
    "centers": [
        [
            0.9973069713692695,
            7.931077686628004,
            -0.34298275738510076
        ],
        [
            -0.18058840815944777,
            4.542955134757962,
            -0.33763837105408817
        ],
        [
            -5.206978910819768,
            -7.058065995404288,
            -0.2480168925970086
        ],
        [
            -4.066985732568956,
            2.698691860670685,
            -0.30169654202239526
        ],
        [
            -7.624267364110713,
            -8.685277460516389,
            -0.1613515926348864
        ]
    ],
    "nodes": [
        3,
        3,
        3,
        3,
        3
    ],
    "scene": 0
}