{
    "centers": [
        [
            -0.7925774599453224,
            -1.6859437136152433,
            -0.43310869610976777
        ],
        [
            0.6414875411286012,
            8.717462064016615,
            -0.1635793799992138
        ],
        [
            -7.18239363244451,
            -9.648477693697558,
            -0.43117591839179154
        ],
        [
            7.096130172539969,
            7.753651267439345,
            -0.33978298007580965
        ]
    ],
    "nodes": [
        0,
        1,
        3,
        3
    ],
    "scene": 4
}