{
    "centers": [
        [
            -7.482139635913163,
            -3.640680937146996,
            -0.24663877443404109
        ],
        [
            3.0120313441476227,
            -0.0331158002837757,
            -0.4381080076858638
        ]
    ],
    "nodes": [
        0,
        3
    ],
    "scene": 4
}