{
    "centers": [
        [
            -5.104852324854567,
            0.3558425406554928,
            -0.3465647733961407
        ],
        [
            7.816828284777163,
            9.7851928999205,
            -0.13194590397708972
        ],
        [
            -3.12218202092639,
            -2.4631508614908437,
            -0.3274463008405154
        ],
        [
            8.744889337677456,
            8.90898951048548,
            -0.306166229100473
        ],
        [
            4.714418408069038,
            -3.6106296070770565,
            -0.19491544082688905
        ],
        [
            -6.650837107284218,
            -6.87113353746712,
            -0.22852528541073913
        ]
    ],
    "nodes": [
        0,
        1,
        3,
        3,
        3,
        3
    ],
    "scene": 4
}