{
    "centers": [
        [
            -6.01925160859865,
            -3.886495386552684,
            -0.25885464925446466
        ],
        [
            -8.16148650094213,
            -5.2801202381674965,
            -0.40129098469487906
        ],
        [
            1.7756788835601895,
            7.233017517963226,
            -0.12034827096083289
        ],
        [
            8.10658895070668,
            -2.4625702281694313,
            -0.2602728481827955
        ],
        [
            9.993517967475874,
            2.678676501912676,
            -0.16645936817724727
        ]
    ],
    "nodes": [
        3,
        3,
        3,
        3,
        3
    ],
    "scene": 0
}