{
    "centers": [
        [
            5.054659785439121,
            -2.3271694894496164,
            -0.21267307897354015
        ],
        [
            9.148154569070769,
            7.567198099520173,
            -0.24314060538770005
        ],
        [
            2.5131119632033627,
            -7.342314591725117,
            -0.49543494284599343
        ],
        [
            -6.65452962131673,
            2.572162136494061,
            -0.17508735636282502
        ],
        [
            -5.192089044517121,
            5.055442870888886,
            -0.4775153193821826
        ]
    ],
    "nodes": [
        3,
        3,
        3,
        3,
        3
    ],
    "scene": 0
}