{
    "centers": [
        [
            -0.013913572896573356,
            -8.701122546548365,
            -0.1530298136765494
        ],
        [
            9.33926827134033,
            7.523108871272935,
            -0.46382108031687835
        ],
        [
            -2.695220900277291,
            -9.955282084355543,
            -0.2390272479618703
        ],
        [
            8.478420902803737,
            -5.1712607348202315,
            -0.3881595446127235
        ],
        [
            2.6647875775771332,
            -6.416835584463996,
            -0.32255285415502866
        ]
    ],
    "nodes": [
        3,
        3,
        3,
        3,
        3
    ],
    "scene": 0
}