{
    "centers": [
        [
            -2.050246511828626,
            -7.359816127582473,
            -0.3509258012599474
        ],
        [
            -9.853124287413376,
            -3.4235612513554265,
            -0.2725695215397439
        ],
        [
            1.89126786623968,
            9.747071405441979,
            -0.43188704034764785
        ],
        [
            -4.778761932519597,
            -9.322735352814874,
            -0.26038012870068583
        ]
    ],
    "nodes": [
        3,
        3,
        3,
        3
    ],
    "scene": 0
}