{
    "centers": [
        [
            8.065337616707026,
            -1.7961184548965026,
            -0.27966268138440764
        ],
        [
            6.604515160395735,
            0.3976172981084858,
            -0.32941136478133304
        ],
        [
            -6.9038248033354925,
            -3.9261646310359843,
            -0.1846724375734975
        ],
        [
            9.100627772197907,
            -8.520192800243873,
            -0.40737369985907607
        ],
        [
            5.318862894843935,
            3.062831655318213,
            -0.36330428482280225
        ],
        [
            0.5120063445071192,
            7.77658762452478,
            -0.43004780999244735
        ]
    ],
    "nodes": [
        1,
        2,
        2,
        3,
        3,
        3
    ],
    "scene": 5
}