{
    "centers": [
        [
            6.453842197926246,
            8.77562663591182,
            -0.3631963796613329
        ],
        [
            5.200640203740345,
            -8.778654161305868,
            -0.2078469684084739
        ],
        [
            4.516621795722388,
            0.9462696086975413,
            -0.26532079361566535
        ]
    ],
    "nodes": [
        3,
        3,
        3
    ],
    "scene": 0
}