{
    "centers": [
        [
            0.10972940972482448,
            7.848287555985422,
            -0.1531134278801623
        ],
        [
            4.737587464735032,
            -1.5431909424785335,
            -0.27308130644096246
        ],
        [
            1.6983063463523322,
            -0.14944139068746765,
            -0.440988023737953
        ],
        [
            -2.97920110674937,
            0.6590568855432277,
            -0.12534577264919783
        ],
        [
            3.138972031090354,
            -3.694746299415092,
            -0.14436302373840704
        ]
    ],
    "nodes": [
        2,
        2,
        3,
        3,
        3
    ],
    "scene": 5
}