{
    "centers": [
        [
            -6.476084242981273,
            -0.03385107681452659,
            -0.48378726606185046
        ],
        [
            -0.9222573432839543,
            -1.3389406999558808,
            -0.26190233123343154
        ],
        [
            5.886792022464322,
            -3.753449830548412,
            -0.28606323908049025
        ],
        [
            -9.972511931968434,
            -6.6139239433060055,
            -0.4994256905500591
        ],
        [
            4.6530751441164,
            9.267725797367909,
            -0.450363783554778
        ]
    ],
    "nodes": [
        1,
        2,
        2,
        3,
        3
    ],
    "scene": 5
}