{
    "centers": [
        [
            8.923128713057011,
            -9.641598226294153,
            -0.3293739859888964
        ],
        [
            -5.712949532441174,
            -5.911403138060347,
            -0.10978535717802035
        ]
    ],
    "nodes": [
        1,
        2
    ],
    "scene": 5
}