{
    "centers": [
        [
            -9.897801275801005,
            9.495982312412131,
            -0.11867803878535854
        ],
        [
            -0.8323933709919693,
            -0.5344046124244155,
            -0.44545859351513617
        ],
        [
            -1.8527150522765368,
            -8.33644329524417,
            -0.19465292344050772
        ],
        [
            -0.14482788387888235,
            3.9762297541479477,
            -0.4931426180326598
        ]
    ],
    "nodes": [
        1,
        2,
        2,
        3
    ],
    "scene": 5
}