{
    "centers": [
        [
            -3.7167985158860635,
            0.906701288115956,
            -0.36265936566065105
        ],
        [
            -7.542966048618844,
            8.705164198902423,
            -0.215638224462522
        ],
        [
            4.325070911203916,
            5.588149746388989,
            -0.15645096999204583
        ],
        [
            6.4228027664516,
            6.947804244615657,
            -0.322558738653114
        ],
        [
            5.6800573898098055,
            -4.353660235218058,
            -0.12981080044767523
        ]
    ],
    "nodes": [
        3,
        3,
        3,
        3,
        3
    ],
    "scene": 0
}