{
    "centers": [
        [
            -4.559220512812667,
            1.0794045681066784,
            -0.25266793624161465
        ],
        [
            -8.747485080042471,
            5.312351775299611,
            -0.4818061685514514
        ],
        [
            -0.8034512056567635,
            9.833794442803768,
            -0.30289014014328547
        ],
        [
            8.934065391404772,
            8.982558522333367,
            -0.21914606260776387
        ],
        [
            -9.711681108471765,
            5.943203489119739,
            -0.3332367935959769
        ]
    ],
    "nodes": [
        3,
        3,
        3,
        3,
        3
    ],
    "scene": 0
}