{
    "centers": [
        [
            -9.40550894150807,
            -6.383681893166402,
            -0.3294326985605137
        ],
        [
            4.733271813177174,
            4.178869955564545,
            -0.3562610726896478
        ],
        [
            -0.8326553394515344,
            1.5683876502480665,
            -0.2479207238109829
        ],
        [
            9.65456028479252,
            4.905987608632653,
            -0.19961036159871304
        ],
        [
            -2.240341646098991,
            -2.148460683759243,
            -0.44902134859123116
        ]
    ],
    "nodes": [
        2,
        3,
        3,
        3,
        3
    ],
    "scene": 5
}