{
    "centers": [
        [
            8.248772645012789,
            4.175650105982651,
            -0.22133422904294148
        ],
        [
            2.3803097831632556,
            -3.512302233539999,
            -0.4374853250911318
        ],
        [
            4.528175079728765,
            -0.7999040675661568,
            -0.3248238091654964
        ],
        [
            -9.83793580447844,
            -6.950857807042478,
            -0.4304705067485562
        ],
        [
            -2.974937511637874,
            -9.256358248522655,
            -0.17500686266667054
        ]
    ],
    "nodes": [
        3,
        3,
        3,
        3,
        3
    ],
    "scene": 0
}