{
    "centers": [
        [
            -7.5858949182044295,
            -2.2456369498448314,
            -0.15934280134246043
        ],
        [
            1.9172480858025125,
            -7.817993238398149,
            -0.31837444987871455
        ],
        [
            6.542714628076848,
            5.039064711714712,
            -0.35976669675673123
        ],
        [
            5.85598674888357,
            -9.64537021868361,
            -0.2250809307689427
        ],
        [
            3.6858837755963414,
            -5.705354015176662,
            -0.4658628890114306
        ]
    ],
    "nodes": [
        3,
        3,
        3,
        3,
        3
    ],
    "scene": 0
}