{
    "centers": [
        [
            -8.446488217638706,
            4.105368080641183,
            -0.3578195805904898
        ],
        [
            -3.985616166036645,
            -9.360343330964266,
            -0.21401510771337207
        ],
        [
            -5.33063034951585,
            5.582384595542166,
            -0.3270168278619773
        ],
        [
            -1.1853034319127396,
            -4.028331049472382,
            -0.1419239328311101
        ]
    ],
    "nodes": [
        3,
        3,
        3,
        3
    ],
    "scene": 0
}