{
    "centers": [
        [
            -3.040723549083884,
            -6.34211155454985,
            -0.3696618486236245
        ],
        [
            -9.236858590618189,
            5.236412316366113,
            -0.14148137519247306
        ],
        [
            -0.39901354521465215,
            -2.305972316905816,
            -0.44074476177455246
        ],
        [
            4.617915561407083,
            -3.46503637792948,
            -0.2395999857404843
        ],
        [
            9.959796424481034,
            3.5086532925401137,
            -0.1403123060483185
        ]
    ],
    "nodes": [
        3,
        3,
        3,
        3,
        3
    ],
    "scene": 0
}