{
    "centers": [
        [
            4.670745815389036,
            7.6701485057526995,
            -0.4941242699490104
        ],
        [
            -5.1452651834849945,
            -7.995469210498031,
            -0.2625454588161662
        ],
        [
            -0.8329401907173111,
            0.7114018657816814,
            -0.2712557319802903
        ],
        [
            -6.178207975091123,
            -0.5876178850644216,
            -0.4313650358996105
        ]
    ],
    "nodes": [
        1,
        2,
        3,
        3
    ],
    "scene": 5
}