{
    "centers": [
        [
            -1.5311151818712805,
            7.6710119480552095,
            -0.15849793043139304
        ],
        [
            -3.8416915678481995,
            -3.255805930943123,
            -0.10985386644878642
        ]
    ],
    "nodes": [
        2,
        2
    ],
    "scene": 5
}