{
    "centers": [
        [
            -7.871015962110461,
            -0.8530396750943865,
            -0.42085611860258165
        ],
        [
            5.884099105448652,
            -6.486128474450872,
            -0.35195686608928656
        ]
    ],
    "nodes": [
        1,
        2
    ],
    "scene": 5
}