{
    "centers": [
        [
            5.201444456150119,
            -3.107127690926448,
            -0.23441972411771522
        ],
        [
            -9.926283892425811,
            -8.044377020616329,
            -0.34117614635271876
        ],
        [
            7.578012752499731,
            -5.476667849800871,
            -0.2795415534925697
        ],
        [
            6.046495812052296,
            -0.6348216482867173,
            -0.1372315474852499
        ],
        [
            3.3269259508198505,
            8.809403000388365,
            -0.20546574317286143
        ]
    ],
    "nodes": [
        1,
        2,
        2,
        3,
        3
    ],
    "scene": 5
}