{
    "centers": [
        [
            8.018532605174443,
            3.226772366534515,
            -0.4640453859996795
        ],
        [
            -1.9969166586307434,
            2.050728216269315,
            -0.2987230705628513
        ],
        [
            8.979059745690343,
            -0.5347927805536976,
            -0.4419382618996145
        ],
        [
            -9.52176155559599,
            -5.138957183020656,
            -0.2575533362640056
        ],
        [
            -2.9366208742455875,
            7.7540826242024,
            -0.18703323539772326
        ],
        [
            -6.588338036477312,
            -8.09292384959363,
            -0.16657625273101384
        ],
        [
            0.861647062354784,
            6.9436512917068605,
            -0.3540920330698875
        ]
    ],
    "nodes": [
        1,
        2,
        2,
        3,
        3,
        3,
        3
    ],
    "scene": 5
}