{
    "centers": [
        [
            2.3444424862093527,
            -2.813145093774761,
            -0.4310492376632679
        ],
        [
            -5.731895185465554,
            3.273763212945088,
            -0.2560533155899504
        ],
        [
            -5.000415381933769,
            -4.365388475048735,
            -0.1639090761323605
        ],
        [
            -2.8846618374980153,
            -7.840526474502236,
            -0.3669749840785913
        ],
        [
            9.283660454385952,
            9.83798691293859,
            -0.41492463691679704
        ],
        [
            3.5836996318711574,
            0.0834756858920791,
            -0.118713442398662
        ]
    ],
    "nodes": [
        2,
        2,
        2,
        3,
        3,
        3
    ],
    "scene": 5
}