{
    "centers": [
        [
            7.145397028368187,
            -1.7924743650254804,
            -0.27787280141504617
        ],
        [
            -1.4298702677480435,
            4.650710719021891,
            -0.25367411659078315
        ],
        [
            3.680915760413047,
            6.884071397876415,
            -0.33482117332919614
        ],
        [
            -9.780823454927416,
            8.016619482751217,
            -0.3623046511160001
        ],
        [
            -5.689257283097843,
            -9.512486964071096,
            -0.39976326509967147
        ],
        [
            2.9860299556576564,
            2.7862830670460923,
            -0.3271453521719189
        ]
    ],
    "nodes": [
        2,
        2,
        3,
        3,
        3,
        3
    ],
    "scene": 5
}