{
    "centers": [
        [
            0.11710208571504133,
            4.55372360366143,
            -0.488795387298696
        ],
        [
            7.689708780340293,
            1.317263171506033,
            -0.42311863378618286
        ],
        [
            -3.0489978823824826,
            -1.514123294925657,
            -0.39251572674389307
        ],
        [
            -2.3956653887388413,
            6.8206541772094695,
            -0.3212723160290819
        ],
        [
            -4.263275325662354,
            -9.089507452826929,
            -0.20737290913875767
        ]
    ],
    "nodes": [
        2,
        2,
        3,
        3,
        3
    ],
    "scene": 5
}