{
    "centers": [
        [
            -4.177846894149604,
            3.0456589112321897,
            -0.27539679378289983
        ],
        [
            1.6430116470550171,
            -6.184513780091663,
            -0.15422646285511538
        ],
        [
            -2.2952334744623126,
            0.8842041186033729,
            -0.45236023903254824
        ],
        [
            4.9585925082354905,
            4.03322241117972,
            -0.3361330580699992
        ],
        [
            -3.4111916556026127,
            -3.937286712680363,
            -0.3654827689951729
        ]
    ],
    "nodes": [
        3,
        3,
        3,
        3,
        3
    ],
    "scene": 0
}