{
    "centers": [
        [
            -5.493381193806672,
            -4.225241628580441,
            -0.45702400714127933
        ],
        [
            -7.828539753111478,
            7.4708067141884875,
            -0.2461983201344901
        ],
        [
            3.1926413255167745,
            0.10419465378836179,
            -0.4458407028760266
        ],
        [
            0.41415326485804194,
            5.57372195112459,
            -0.20743450589372114
        ],
        [
            -2.789820118844877,
            -7.296249136573396,
            -0.47469596867152153
        ]
    ],
    "nodes": [
        1,
        2,
        2,
        2,
        3
    ],
    "scene": 5
}