{
    "centers": [
        [
            -7.7504601649442995,
            -1.9467630966029965,
            -0.32793377296129145
        ],
        [
            -9.97582305206861,
            9.484549032754913,
            -0.42309502123362724
        ],
        [
            6.6816114918308,
            5.156428356745625,
            -0.32795816222688456
        ],
        [
            1.0794448737548983,
            -8.148035372027655,
            -0.30270479186439314
        ]
    ],
    "nodes": [
        2,
        2,
        3,
        3
    ],
    "scene": 5
}