{
    "centers": [
        [
            -0.11555342440323457,
            -8.574695525118738,
            -0.4613582941916289
        ],
        [
            -6.144577674950633,
            -3.69484185301755,
            -0.49806724861361085
        ],
        [
            -0.9114431379278933,
            -0.0700114923737587,
            -0.10830361973343994
        ],
        [
            9.410183419325087,
            -6.396096755240577,
            -0.22782263069823883
        ],
        [
            8.286995888929205,
            -3.026652261263971,
            -0.4319392412113571
        ]
    ],
    "nodes": [
        3,
        3,
        3,
        3,
        3
    ],
    "scene": 0
}