{
    "centers": [
        [
            -2.391284293346329,
            3.9963748076123213,
            -0.4014219192943066
        ],
        [
            2.711007849611672,
            -9.749791746548608,
            -0.4683908124943349
        ],
        [
            0.6996240702459602,
            -6.135924924376413,
            -0.17485655895528074
        ],
        [
            -3.497100032896001,
            1.276821305443633,
            -0.20017853146450487
        ],
        [
            8.700851738829325,
            2.4080915816284474,
            -0.3115480950128069
        ]
    ],
    "nodes": [
        3,
        3,
        3,
        3,
        3
    ],
    "scene": 0
}