{
    "centers": [
        [
            -8.333557989979479,
            5.649176376460172,
            -0.105189108378821
        ],
        [
            1.9957870949244256,
            2.8383602510093375,
            -0.1171631036903597
        ],
        [
            2.7703482935647887,
            6.906575701664998,
            -0.17030347379242866
        ]
    ],
    "nodes": [
        3,
        3,
        3
    ],
    "scene": 0
}