{
    "centers": [
        [
            3.93897020655227,
            -6.546728561448846,
            -0.21263147092263052
        ],
        [
            -0.6745948841001486,
            6.865515875520817,
            -0.39556213387771294
        ],
        [
            4.584375687621323,
            8.292430000049531,
            -0.2787078405834037
        ],
        [
            3.2573354605524294,
            4.195092321016734,
            -0.11326344289029411
        ],
        [
            -8.946961934815622,
            -2.4533925831399017,
            -0.34350817288353974
        ]
    ],
    "nodes": [
        3,
        3,
        3,
        3,
        3
    ],
    "scene": 0
}