{
    "centers": [
        [
            -9.633010587870409,
            -7.585808123898186,
            -0.35084537280926265
        ],
        [
            -8.629975424708691,
            -9.085403007233046,
            -0.38215111755057235
        ],
        [
            -6.875447925358838,
            8.40817317830475,
            -0.38292423462175307
        ],
        [
            -5.405555077370945,
            -1.7096932677443082,
            -0.20792229345036095
        ],
        [
            6.224176392251234,
            0.40214360537526694,
            -0.35346643942900025
        ]
    ],
    "nodes": [
        3,
        3,
        3,
        3,
        3
    ],
    "scene": 0
}