{
    "centers": [
        [
            -2.1507197944440364,
            3.48651959273818,
            -0.19385641632878348
        ],
        [
            -4.190695923813936,
            6.152226605695155,
            -0.3782973787991932
        ],
        [
            3.268443707855372,
            -9.831723086186056,
            -0.27143394362785633
        ],
        [
            1.6859453639619524,
            1.9822327231605819,
            -0.250844903637524
        ],
        [
            6.646184722562737,
            -3.6527621017109846,
            -0.38152704008203825
        ]
    ],
    "nodes": [
        3,
        3,
        3,
        3,
        3
    ],
    "scene": 0
}