{
    "centers": [
        [
            -8.831536234998614,
            -9.456427540621746,
            -0.20275696592630876
        ],
        [
            -5.235038829466361,
            -0.6305781833158299,
            -0.1828417224889629
        ],
        [
            -1.9927875169084093,
            4.239626873372542,
            -0.13837864072059475
        ],
        [
            -8.046973523691731,
            1.3692815682075832,
            -0.1212403204666152
        ]
    ],
    "nodes": [
        3,
        3,
        4,
        4
    ],
    "scene": 6
}