{
    "centers": [
        [
            6.505661572043671,
            -2.707054664229376,
            -0.3272845317427123
        ],
        [
            -7.350050762142004,
            0.6180941694448716,
            -0.3346634924345284
        ],
        [
            -2.8698209356346682,
            7.754179366708691,
            -0.42206205257364265
        ],
        [
            -8.420976861660534,
            -4.799746417517521,
            -0.22434401535201837
        ],
        [
            0.021778405269678558,
            -1.5265709189856995,
            -0.41278300888622815
        ]
    ],
    "nodes": [
        3,
        3,
        3,
        4,
        4
    ],
    "scene": 6
}