{
    "centers": [
        [
            -8.908959808500551,
            3.3120719719625242,
            -0.16613474582963322
        ],
        [
            2.628349669940775,
            -4.9834061425537035,
            -0.4942109155895996
        ],
        [
            -4.150428192287783,
            -0.5541403691295326,
            -0.4473103864602734
        ]
    ],
    "nodes": [
        3,
        3,
        3
    ],
    "scene": 0
}