{
    "centers": [
        [
            -0.4748344594401477,
            -7.840346646795777,
            -0.25276964802185653
        ],
        [
            -9.024826256067687,
            0.756677389410461,
            -0.4560639118316135
        ],
        [
            -5.967946784094485,
            8.349406908348648,
            -0.1771986565536241
        ]
    ],
    "nodes": [
        3,
        3,
        3
    ],
    "scene": 0
}