{
    "centers": [
        [
            1.9175423983749678,
            -9.388685101986782,
            -0.49812470920034235
        ],
        [
            4.450764807571206,
            -5.875633857112534,
            -0.25775266091960447
        ],
        [
            -8.275708937721369,
            7.104462539642846,
            -0.1904080503233206
        ]
    ],
    "nodes": [
        3,
        3,
        3
    ],
    "scene": 0
}