{
    "centers": [
        [
            9.992573351010591,
            -9.054212205091183,
            -0.12971463248026338
        ],
        [
            4.493759008633154,
            5.855457014310854,
            -0.21885825491315852
        ],
        [
            -9.873293705312028,
            4.7835662512937756,
            -0.49168339960702956
        ],
        [
            -0.5751368118699478,
            -4.24424156737598,
            -0.19042448977109405
        ]
    ],
    "nodes": [
        3,
        3,
        3,
        3
    ],
    "scene": 0
}