{
    "centers": [
        [
            -4.759876833771138,
            5.752743755448822,
            -0.32719565417308993
        ],
        [
            4.542723929125085,
            4.1798418767502135,
            -0.2803498218349707
        ],
        [
            -0.789402728850586,
            9.928959256522276,
            -0.3189777059145644
        ]
    ],
    "nodes": [
        3,
        3,
        3
    ],
    "scene": 0
}