{
    "centers": [
        [
            9.57756305952816,
            8.84425512770931,
            -0.383726235053017
        ],
        [
            1.9608169454293929,
            -0.22453371122813337,
            -0.285666768121585
        ],
        [
            -6.60495684682714,
            0.4467615983188189,
            -0.21698025642809554
        ],
        [
            -2.001519115791419,
            -3.6066698753077464,
            -0.4616858272967207
        ]
    ],
    "nodes": [
        2,
        3,
        3,
        4
    ],
    "scene": 6
}