{
    "centers": [
        [
            5.965417130312078,
            7.5163786014123595,
            -0.19549337096363145
        ],
        [
            -1.8243329396473502,
            -8.09677423205976,
            -0.12219897967548943
        ],
        [
            9.96082050473473,
            2.2906357949168985,
            -0.1723303040379287
        ],
        [
            -7.101254170851421,
            0.26948569906937436,
            -0.11030428204160025
        ]
    ],
    "nodes": [
        3,
        3,
        3,
        4
    ],
    "scene": 6
}