{
    "centers": [
        [
            -4.012208332193879,
            9.011475873395018,
            -0.2641905347812292
        ],
        [
            6.759521089091059,
            7.615073379993529,
            -0.10945389360343016
        ],
        [
            -5.790989084889149,
            3.8520579671118007,
            -0.10281231322744616
        ],
        [
            -3.291994466060098,
            -9.591631956568738,
            -0.26488313955526865
        ],
        [
            -1.8644766152052146,
            4.682903649730765,
            -0.37305265914152946
        ]
    ],
    "nodes": [
        3,
        3,
        3,
        3,
        3
    ],
    "scene": 0
}