{
    "centers": [
        [
            -7.693360021324265,
            -8.012507676969873,
            -0.44259869801644325
        ],
        [
            5.3881039734881355,
            4.3444584792195755,
            -0.30908708934351214
        ],
        [
            -5.072728586518287,
            1.6955153115210528,
            -0.23580169125864464
        ],
        [
            -1.9950623680540112,
            -0.01770618025205728,
            -0.32869052679742816
        ],
        [
            -9.734726170465875,
            -1.676562930140511,
            -0.1014040564365356
        ],
        [
            1.4672909474433347,
            8.04195041437034,
            -0.4220951055229236
        ]
    ],
    "nodes": [
        2,
        3,
        3,
        3,
        4,
        4
    ],
    "scene": 6
}