{
    "centers": [
        [
            0.27235724928751104,
            4.75931020204024,
            -0.34288540855375327
        ],
        [
            4.3722690551471075,
            -5.668716842460939,
            -0.3791622741465641
        ],
        [
            1.0772525827127453,
            9.638073374684573,
            -0.19142201955173488
        ],
        [
            -7.0899653667137486,
            6.7820240619527254,
            -0.1875702518490252
        ],
        [
            -1.3896516929536151,
            5.883296870379574,
            -0.4437540016846762
        ]
    ],
    "nodes": [
        3,
        3,
        3,
        3,
        3
    ],
    "scene": 0
}