{
    "centers": [
        [
            -4.217659241531562,
            2.5764229148191102,
            -0.3858653946623213
        ],
        [
            3.2797639070382836,
            -1.2840241517552151,
            -0.3733592915214956
        ],
        [
            4.283120138724497,
            -3.8269459735600115,
            -0.46719277436502893
        ],
        [
            7.501421525866508,
            4.186243143485822,
            -0.39952301090025827
        ],
        [
            -9.20573335487292,
            -2.550188307207928,
            -0.42737037907321757
        ]
    ],
    "nodes": [
        3,
        3,
        3,
        3,
        3
    ],
    "scene": 0
}