{
    "centers": [
        [
            8.471871000349005,
            -2.149935241688034,
            -0.3169943241887275
        ],
        [
            -9.269373896143856,
            6.857133770721031,
            -0.2783205546252622
        ],
        [
            -2.3877654524862413,
            8.426517553097444,
            -0.46841310367486977
        ],
        [
            -3.8039127856684303,
            2.8681565450422895,
            -0.11245238952407727
        ]
    ],
    "nodes": [
        3,
        3,
        3,
        3
    ],
    "scene": 0
}