{
    "centers": [
        [
            6.780924708978933,
            0.29247112204386205,
            -0.38326298720486707
        ],
        [
            -4.144868116125258,
            1.83372831967751,
            -0.25432805436790973
        ],
        [
            -2.465763772209457,
            6.163113753118296,
            -0.4489290909088731
        ],
        [
            -8.185534863032924,
            -9.833689543798672,
            -0.3835548975202239
        ]
    ],
    "nodes": [
        3,
        3,
        3,
        3
    ],
    "scene": 0
}