{
    "centers": [
        [
            8.703381291844018,
            4.574250502900286,
            -0.21390684232036583
        ],
        [
            5.559238219331732,
            -6.515942678657001,
            -0.4920088413983564
        ],
        [
            -1.904753757796529,
            -4.758851734552509,
            -0.3162070901277072
        ],
        [
            4.4353192636958365,
            -9.396155356125513,
            -0.4545645090796838
        ]
    ],
    "nodes": [
        3,
        3,
        3,
        3
    ],
    "scene": 0
}