{
    "centers": [
        [
            6.1354969426019785,
            6.344160302459532,
            -0.279092746423768
        ],
        [
            -2.8840533839938987,
            4.464945629016963,
            -0.2729161164847227
        ],
        [
            -9.641252499867877,
            -7.763865553184209,
            -0.16651496108197095
        ],
        [
            4.747522104286032,
            -2.784242786521607,
            -0.23050358485475825
        ]
    ],
    "nodes": [
        3,
        3,
        3,
        3
    ],
    "scene": 0
}