{
    "centers": [
        [
            -3.9536173210967647,
            -4.3967709366903,
            -0.440812592775692
        ],
        [
            -1.8861042830066825,
            4.865242956392406,
            -0.21476297956304535
        ],
        [
            -0.15770585569830686,
            7.462509754301568,
            -0.43048918329456504
        ],
        [
            7.322485893490718,
            1.0890243905771833,
            -0.22380696854742305
        ]
    ],
    "nodes": [
        3,
        3,
        3,
        3
    ],
    "scene": 0
}