{
    "centers": [
        [
            8.554377688378047,
            -8.126769002469306,
            -0.44484112275862947
        ],
        [
            6.516811582978523,
            9.44958542357934,
            -0.19790983176791682
        ]
    ],
    "nodes": [
        1,
        1
    ],
    "scene": 7
}