{
    "centers": [
        [
            8.647549875632023,
            -8.56515993733298,
            -0.2888754823198565
        ],
        [
            6.939793115186681,
            -1.8780601229488667,
            -0.27679462149607986
        ],
        [
            3.9787458694404947,
            5.993547985257365,
            -0.32049754419556503
        ]
    ],
    "nodes": [
        1,
        1,
        3
    ],
    "scene": 7
}