{
    "centers": [
        [
            -2.96952523397505,
            -7.762025927065352,
            -0.22553103934655083
        ],
        [
            7.957750451822768,
            2.4080607791960933,
            -0.18275997463760862
        ],
        [
            -6.771270726622449,
            -4.40273789268079,
            -0.4373072001225045
        ]
    ],
    "nodes": [
        3,
        3,
        3
    ],
    "scene": 0
}