{
    "centers": [
        [
            -6.591985400035913,
            -4.619510106293814,
            -0.48681136073266795
        ],
        [
            9.10646241704741,
            -1.7775582121858768,
            -0.1324401583275081
        ],
        [
            -1.633098733511737,
            4.974239514911538,
            -0.3732553738593687
        ]
    ],
    "nodes": [
        3,
        3,
        3
    ],
    "scene": 0
}