{
    "centers": [
        [
            2.3461012316324314,
            -7.189634047998792,
            -0.31440289957831785
        ],
        [
            7.123312859428378,
            -8.966339734492044,
            -0.10208080485098708
        ],
        [
            -4.7873238571443455,
            7.188049881117326,
            -0.19037803335998071
        ],
        [
            -6.450076782617289,
            0.2015298158418375,
            -0.20179982622788756
        ]
    ],
    "nodes": [
        3,
        3,
        3,
        3
    ],
    "scene": 0
}