{
    "centers": [
        [
            2.193294824609957,
            7.289653598062213,
            -0.37410747135630584
        ],
        [
            -9.943701031188478,
            4.784074197283946,
            -0.14853628831061805
        ],
        [
            -6.100871805119472,
            9.506784948013326,
            -0.23157378460407008
        ],
        [
            -1.8154024898563375,
            -2.901401972474698,
            -0.1791457020893319
        ]
    ],
    "nodes": [
        1,
        1,
        1,
        3
    ],
    "scene": 7
}