{
    "centers": [
        [
            9.162875447193702,
            3.782497177796568,
            -0.18090834185841498
        ],
        [
            -0.795366195113246,
            9.378193057622507,
            -0.4316391044917934
        ],
        [
            -5.9615227395021915,
            -4.405696577430991,
            -0.4007209525871648
        ],
        [
            -6.875252967314712,
            -3.2143792712811443,
            -0.28926117348761465
        ]
    ],
    "nodes": [
        1,
        1,
        1,
        3
    ],
    "scene": 7
}