{
    "centers": [
        [
            1.0695742903055105,
            3.4033800436555666,
            -0.4710104841812135
        ],
        [
            3.4823890797494457,
            -3.322556724804018,
            -0.34690917284167777
        ],
        [
            6.516981841256346,
            8.728214097724361,
            -0.29318155538165214
        ],
        [
            -9.104632350459877,
            7.034565387803816,
            -0.4652143101722216
        ]
    ],
    "nodes": [
        3,
        3,
        3,
        3
    ],
    "scene": 0
}