{
    "centers": [
        [
            -0.46312220278985805,
            -8.62976491097129,
            -0.21636315475537754
        ],
        [
            5.330380168498177,
            3.907625394676778,
            -0.20253046964479743
        ],
        [
            -2.1094151514706683,
            5.3783144170081965,
            -0.2457405676588416
        ]
    ],
    "nodes": [
        1,
        1,
        1
    ],
    "scene": 7
}