{
    "centers": [
        [
            -0.45358477211633286,
            8.13648771800122,
            -0.11487214164132342
        ],
        [
            -1.3727415481655534,
            -4.253891100286598,
            -0.35542065768100517
        ]
    ],
    "nodes": [
        1,
        1
    ],
    "scene": 7
}