{
    "centers": [
        [
            6.91711215467269,
            -5.306051272912451,
            -0.3250498035376631
        ],
        [
            -9.699732681047887,
            -1.318956069470902,
            -0.3326181491046747
        ],
        [
            -5.766031542644281,
            3.102357910633021,
            -0.2664256066394226
        ],
        [
            -0.5709933871891302,
            6.873004187423689,
            -0.20376608933595114
        ]
    ],
    "nodes": [
        1,
        1,
        1,
        3
    ],
    "scene": 7
}