{
    "centers": [
        [
            2.868163696747599,
            -1.0121738793732575,
            -0.24984368290685177
        ],
        [
            -0.447640260397705,
            -0.16806502050007843,
            -0.19196625115704902
        ]
    ],
    "nodes": [
        1,
        1
    ],
    "scene": 7
}