{
    "centers": [
        [
            1.4508646530906724,
            -1.7464667520868247,
            -0.36298093683676247
        ],
        [
            6.62303504388079,
            5.796158541281091,
            -0.2756563039601292
        ],
        [
            0.44035380957871517,
            -9.428679310895252,
            -0.237451106377858
        ]
    ],
    "nodes": [
        3,
        3,
        3
    ],
    "scene": 0
}