{
    "centers": [
        [
            -0.08216370284385555,
            9.364882243677869,
            -0.3573941626817667
        ],
        [
            6.193095110775676,
            -6.4886461784909955,
            -0.3586386565552653
        ],
        [
            -6.716831143600432,
            -3.8728243867311463,
            -0.42780194016883827
        ],
        [
            1.7471282153840448,
            5.240703014536795,
            -0.20080263698909417
        ],
        [
            -3.7397040859215984,
            3.781153427863055,
            -0.23255057150095532
        ]
    ],
    "nodes": [
        1,
        1,
        1,
        1,
        3
    ],
    "scene": 7
}