{
    "centers": [
        [
            -9.773404357986994,
            5.828018336309544,
            -0.469241166675767
        ],
        [
            0.7710865469891726,
            -3.1199698635928774,
            -0.3854902203808102
        ],
        [
            1.6469390066228211,
            2.7181327122125793,
            -0.33826529872799527
        ],
        [
            -8.135710164267733,
            -8.774926876949289,
            -0.4834208462153876
        ],
        [
            7.690424561359887,
            -7.025409172495656,
            -0.1361354287493015
        ]
    ],
    "nodes": [
        3,
        3,
        3,
        3,
        3
    ],
    "scene": 0
}