{
    "centers": [
        [
            5.1057165884419415,
            3.6262698041245383,
            -0.4360567412776158
        ],
        [
            -8.15557930230064,
            -4.43629812825177,
            -0.40720854681328045
        ],
        [
            3.457871331183979,
            -5.206820295622075,
            -0.45261795310525244
        ],
        [
            -5.391881609268205,
            -7.940381505047734,
            -0.35334494170107356
        ],
        [
            1.6706095254935232,
            2.192338450576239,
            -0.4992429017604839
        ]
    ],
    "nodes": [
        3,
        3,
        3,
        3,
        3
    ],
    "scene": 0
}