{
    "centers": [
        [
            -5.9413384176840385,
            9.76607571456417,
            -0.1440416087221149
        ],
        [
            3.588229639888418,
            -4.453651921521424,
            -0.19223133344031562
        ],
        [
            -7.137932640300432,
            -0.9992640058844753,
            -0.17671591849546076
        ],
        [
            -0.12175317293104726,
            -7.288686871006094,
            -0.41912469542977815
        ],
        [
            5.0329252753161295,
            5.462696740467992,
            -0.2538561406428841
        ]
    ],
    "nodes": [
        1,
        1,
        1,
        1,
        3
    ],
    "scene": 7
}