{
    "centers": [
        [
            9.24762045345766,
            -7.463228347035686,
            -0.19039077988680847
        ],
        [
            0.9157173890298544,
            8.381213249814397,
            -0.4052487085206485
        ],
        [
            -8.663576408568048,
            -4.194444757672078,
            -0.2925602767862169
        ],
        [
            2.572329351472577,
            3.1452397271507344,
            -0.41299713742659977
        ],
        [
            -4.047009624460705,
            2.26324922626058,
            -0.33496182225440857
        ]
    ],
    "nodes": [
        3,
        3,
        3,
        3,
        3
    ],
    "scene": 0
}