{
    "centers": [
        [
            -2.700890514685592,
            2.293077810306947,
            -0.1369664165097924
        ],
        [
            -5.283353518673001,
            -6.257020773842656,
            -0.39125952065094954
        ],
        [
            5.408126751446286,
            5.434735176817053,
            -0.29516202464308294
        ],
        [
            6.857056429090246,
            0.5258699638296456,
            -0.10013167003306561
        ]
    ],
    "nodes": [
        3,
        3,
        3,
        3
    ],
    "scene": 0
}