{
    "centers": [
        [
            -3.0227818433998355,
            -5.281731060283407,
            -0.22695954524424394
        ],
        [
            -0.4107455760924683,
            -1.4832220860793388,
            -0.19492024379849482
        ]
    ],
    "nodes": [
        1,
        1
    ],
    "scene": 7
}