{
    "centers": [
        [
            9.774478889160779,
            2.2191408444859206,
            -0.4180816644146098
        ],
        [
            7.997189193917219,
            8.249913290087626,
            -0.20254475955820167
        ],
        [
            -3.792040738607745,
            1.435006096415174,
            -0.46546418651875643
        ]
    ],
    "nodes": [
        1,
        1,
        3
    ],
    "scene": 7
}