{
    "centers": [
        [
            2.217594951399594,
            0.9468554290724711,
            -0.46182866285165447
        ],
        [
            -9.90722933958871,
            -3.445760131696593,
            -0.10856979044373505
        ],
        [
            9.888998661393504,
            -9.353715608975454,
            -0.15224091028069064
        ]
    ],
    "nodes": [
        1,
        1,
        3
    ],
    "scene": 7
}