{
    "centers": [
        [
            -8.22501910069765,
            5.3218478737118105,
            -0.42043741811461616
        ],
        [
            1.0213972283229502,
            -2.361684705958833,
            -0.491149647238098
        ],
        [
            -0.25274391566988186,
            3.046192523094895,
            -0.2996206445439229
        ]
    ],
    "nodes": [
        1,
        1,
        1
    ],
    "scene": 7
}