{
    "centers": [
        [
            4.289315551085586,
            -8.87603099486176,
            -0.32588834392408306
        ],
        [
            -7.593293709152691,
            6.852524512908552,
            -0.15516442030544786
        ],
        [
            9.350296353175004,
            -2.4023794457155727,
            -0.11036287228410019
        ],
        [
            -5.134137243983394,
            -7.36804725005727,
            -0.3066638838795698
        ]
    ],
    "nodes": [
        1,
        1,
        1,
        1
    ],
    "scene": 7
}