{
    "centers": [
        [
            9.149819358060391,
            -2.2537059383530984,
            -0.28892534040896456
        ],
        [
            -6.049635052085827,
            -3.554592647407981,
            -0.39621455700681396
        ],
        [
            1.1968080851241947,
            6.182640012215785,
            -0.34330590745551526
        ],
        [
            -2.9309368404031755,
            0.0607475318575883,
            -0.16324120257971197
        ],
        [
            9.802222010932436,
            -9.179679690101102,
            -0.4536197393560686
        ]
    ],
    "nodes": [
        3,
        3,
        3,
        3,
        3
    ],
    "scene": 0
}