{
    "centers": [
        [
            3.811091610304114,
            2.8330869863707786,
            -0.38591709793942125
        ],
        [
            -9.596422391586072,
            -0.8737232227639442,
            -0.42559891382215687
        ],
        [
            0.2745486606569614,
            -9.776239937014884,
            -0.3516708059363036
        ],
        [
            -3.449891534029346,
            9.119185124296244,
            -0.46909741835629043
        ],
        [
            2.676771392147012,
            7.776426732254922,
            -0.30488828575003557
        ]
    ],
    "nodes": [
        3,
        3,
        3,
        3,
        3
    ],
    "scene": 0
}