{
    "centers": [
        [
            0.6048591917024186,
            -2.542576511141408,
            -0.3164579316045977
        ],
        [
            -4.3322872666595735,
            1.6355634110047603,
            -0.32722393430473296
        ],
        [
            4.183242327123848,
            5.972018338186224,
            -0.18923821600662766
        ]
    ],
    "nodes": [
        3,
        3,
        3
    ],
    "scene": 0
}