{
    "centers": [
        [
            -1.2890629926942445,
            4.011542197568458,
            -0.26437973878564125
        ],
        [
            7.374221292302568,
            -5.584740289264454,
            -0.27200384076667894
        ]
    ],
    "nodes": [
        2,
        2
    ],
    "scene": 8
}