{
    "centers": [
        [
            -9.129056204978973,
            -5.033362809632558,
            -0.3190506455160811
        ],
        [
            -1.4794289884794622,
            5.056086071707799,
            -0.17419863652872364
        ],
        [
            4.412437487489724,
            6.988240294337235,
            -0.12276283134718202
        ],
        [
            -0.6047210958449138,
            3.265462106252645,
            -0.3252754651116819
        ],
        [
            9.037105835706178,
            -9.82902362929112,
            -0.14595963520014077
        ],
        [
            -2.123677083962834,
            -3.421795169799326,
            -0.13413186742504973
        ]
    ],
    "nodes": [
        2,
        2,
        2,
        2,
        2,
        3
    ],
    "scene": 8
}