{
    "centers": [
        [
            -4.9217866547955875,
            6.28352843374617,
            -0.1526598769834267
        ],
        [
            7.000363387323951,
            -5.787595832737531,
            -0.44618314022862327
        ],
        [
            8.581533908398569,
            9.527507819034941,
            -0.25030195320281984
        ],
        [
            -8.815857052474659,
            2.4601765327635974,
            -0.4918019618237929
        ]
    ],
    "nodes": [
        2,
        2,
        2,
        3
    ],
    "scene": 8
}