{
    "centers": [
        [
            1.5715590736855418,
            1.827144507026226,
            -0.12812151308096764
        ],
        [
            8.30858128651986,
            -2.1470461532602148,
            -0.3111946433993724
        ],
        [
            6.983094741673867,
            6.092290425669219,
            -0.49458566633951745
        ],
        [
            9.998458415353571,
            9.638962981192243,
            -0.2178598600095934
        ],
        [
            -8.932621912682965,
            8.230470118149857,
            -0.42643828895926583
        ],
        [
            5.347454698393728,
            -9.033010292025711,
            -0.17755428682070606
        ]
    ],
    "nodes": [
        2,
        2,
        2,
        2,
        2,
        3
    ],
    "scene": 8
}