{
    "centers": [
        [
            9.863063866176084,
            -0.5438221800096184,
            -0.4614299098806595
        ],
        [
            -3.1813082433100064,
            7.888778091997807,
            -0.38129949681995295
        ],
        [
            3.560883583865003,
            -4.516786794746626,
            -0.18308725025777695
        ],
        [
            -5.664158669163171,
            -9.159994466855919,
            -0.14471171284882667
        ]
    ],
    "nodes": [
        2,
        2,
        2,
        3
    ],
    "scene": 8
}