{
    "centers": [
        [
            -0.6256501939585917,
            -8.201355674281706,
            -0.12028137591065274
        ],
        [
            5.574684098941617,
            -5.560279592649275,
            -0.11200160843601326
        ],
        [
            -8.121022590829469,
            -3.7360195788687207,
            -0.28397784136547294
        ],
        [
            -9.196769936838038,
            -0.7167562799804195,
            -0.2132560092713413
        ]
    ],
    "nodes": [
        2,
        2,
        2,
        3
    ],
    "scene": 8
}