{
    "centers": [
        [
            -9.14759355707889,
            -9.777732308428103,
            -0.45603482129566675
        ],
        [
            -3.021587271897608,
            -5.26758736129927,
            -0.4825284106474757
        ],
        [
            1.2820272459786253,
            0.8629549874606184,
            -0.40516507304888505
        ]
    ],
    "nodes": [
        2,
        2,
        2
    ],
    "scene": 8
}