{
    "centers": [
        [
            -3.130927070162879,
            1.778797780508949,
            -0.4735497613359848
        ],
        [
            0.658771270703296,
            -5.440250341107613,
            -0.4479619848570969
        ],
        [
            -8.298238745600187,
            -2.596715658449609,
            -0.38848265070797333
        ],
        [
            7.060304157682655,
            -7.342432168455519,
            -0.15302011635846435
        ]
    ],
    "nodes": [
        2,
        2,
        2,
        3
    ],
    "scene": 8
}