{
    "centers": [
        [
            1.2121972165460821,
            -1.2230939254852693,
            -0.36254235245638733
        ],
        [
            5.271756648092152,
            3.9609992365371287,
            -0.276223153042753
        ],
        [
            8.399973955965393,
            -9.972630245654578,
            -0.40964171806970373
        ],
        [
            -9.104434735706517,
            -3.834682263064792,
            -0.4697696253412914
        ]
    ],
    "nodes": [
        2,
        2,
        2,
        2
    ],
    "scene": 8
}