{
    "centers": [
        [
            3.3816304722125867,
            -2.8204098889734137,
            -0.4804996506849476
        ],
        [
            -7.1424396025219306,
            7.278647956424567,
            -0.13940460773141
        ],
        [
            1.4996726450828124,
            -9.238792051413423,
            -0.3991175209362142
        ],
        [
            -3.1794420858479544,
            9.517867750640832,
            -0.2563537698066124
        ],
        [
            6.592791035658102,
            -1.3009555062961926,
            -0.33513528927701863
        ]
    ],
    "nodes": [
        2,
        2,
        2,
        2,
        3
    ],
    "scene": 8
}