{
    "centers": [
        [
            -1.3919217300367404,
            4.266854025760683,
            -0.37130651211055477
        ],
        [
            -3.733747555285505,
            -5.610364193807847,
            -0.2882671831667122
        ],
        [
            9.36931288715915,
            -1.6283374179872148,
            -0.18485183023972945
        ]
    ],
    "nodes": [
        3,
        3,
        3
    ],
    "scene": 0
}