{
    "centers": [
        [
            8.627613800870389,
            9.44389607532683,
            -0.27654064309397985
        ],
        [
            -3.5320626084827307,
            -4.665073659982884,
            -0.30500262035491843
        ],
        [
            -5.48623024859001,
            2.2581318475572214,
            -0.25503857514000816
        ],
        [
            -2.284307934437299,
            7.382786579698681,
            -0.15561307119411083
        ],
        [
            6.693924225106805,
            4.031035307761231,
            -0.21590350505594397
        ],
        [
            -9.53903145642149,
            0.038792415401990965,
            -0.2413221243422492
        ]
    ],
    "nodes": [
        2,
        2,
        2,
        2,
        2,
        3
    ],
    "scene": 8
}