{
    "centers": [
        [
            -6.068961991965203,
            -3.9132071361105574,
            -0.34160815622789864
        ],
        [
            -0.8094886966548298,
            2.8783891873181275,
            -0.14660144122363322
        ],
        [
            1.2164707719441878,
            0.33744179188596135,
            -0.2775674533202134
        ],
        [
            -7.975019679730662,
            6.112410264958282,
            -0.25851094366670424
        ]
    ],
    "nodes": [
        2,
        2,
        2,
        2
    ],
    "scene": 8
}