{
    "centers": [
        [
            -4.067823273339634,
            -9.675943465318992,
            -0.47234443455244857
        ],
        [
            3.759426909246354,
            -3.105333863433575,
            -0.19124790911234202
        ],
        [
            -8.689552318369289,
            3.1031954907158834,
            -0.2419501834592972
        ]
    ],
    "nodes": [
        2,
        2,
        2
    ],
    "scene": 8
}