{
    "centers": [
        [
            8.797879122021214,
            -0.7180945259726812,
            -0.24731835306242028
        ],
        [
            -4.258516546083957,
            3.858136520770625,
            -0.3290813682893359
        ],
        [
            1.0239802207638427,
            0.9848784659442771,
            -0.46586873282327634
        ],
        [
            1.8400884556386998,
            6.1364078613939625,
            -0.4331383500130158
        ]
    ],
    "nodes": [
        2,
        2,
        2,
        2
    ],
    "scene": 8
}