{
    "centers": [
        [
            9.349629540302473,
            1.8066927187331494,
            -0.19166098562323464
        ],
        [
            2.4033832602652954,
            -2.7859169331833016,
            -0.12653543454835803
        ],
        [
            -2.580300320955451,
            7.467620640976762,
            -0.27025728630143336
        ],
        [
            5.769878773235597,
            9.373585489619153,
            -0.45594837537067545
        ],
        [
            -6.592778690946148,
            3.2190192134816815,
            -0.12989968632457083
        ]
    ],
    "nodes": [
        2,
        2,
        2,
        2,
        2
    ],
    "scene": 8
}