{
    "centers": [
        [
            -5.490731299222169,
            -9.516519701130395,
            -0.31520549706111034
        ],
        [
            9.39900962313476,
            -7.14872564751817,
            -0.3932931735676378
        ],
        [
            -0.6494808495654265,
            4.496188137150076,
            -0.20745554187072784
        ],
        [
            1.7475045287685198,
            8.35241910980043,
            -0.26134410125452645
        ]
    ],
    "nodes": [
        3,
        3,
        3,
        3
    ],
    "scene": 0
}