{
    "centers": [
        [
            8.206975251721879,
            9.038070875516112,
            -0.35726885096850125
        ],
        [
            1.7016308560571183,
            -6.165436023396698,
            -0.41261925309365266
        ],
        [
            -3.976468071228931,
            -0.9316675460554222,
            -0.4144059297135997
        ],
        [
            7.0206163404823805,
            -2.80380712310349,
            -0.18865924412689988
        ]
    ],
    "nodes": [
        3,
        3,
        3,
        3
    ],
    "scene": 0
}