{
    "centers": [
        [
            7.562230093326974,
            -3.1874685993875307,
            -0.16541709426519097
        ],
        [
            -2.5004516340707887,
            4.627486108775241,
            -0.3904393352850944
        ]
    ],
    "nodes": [
        2,
        2
    ],
    "scene": 8
}