{
    "centers": [
        [
            1.7463437839350213,
            8.840774404419186,
            -0.4193557677731882
        ],
        [
            -8.121049392386263,
            -3.5023756269324586,
            -0.27987362379293446
        ],
        [
            7.016378009102546,
            -1.844170101467311,
            -0.2553560603264724
        ],
        [
            8.253394274458678,
            1.2131042627336104,
            -0.10096176497215542
        ],
        [
            -2.6675346524341537,
            7.34408439501086,
            -0.44320068150961334
        ]
    ],
    "nodes": [
        2,
        2,
        2,
        2,
        2
    ],
    "scene": 8
}