{
    "centers": [
        [
            -9.60998225411458,
            7.831842201369987,
            -0.16570205517932723
        ],
        [
            -0.14625443239552993,
            9.572805360141484,
            -0.3985252909758382
        ]
    ],
    "nodes": [
        2,
        2
    ],
    "scene": 8
}