{
    "centers": [
        [
            -9.96521093543845,
            2.14066271102919,
            -0.4443653905471291
        ],
        [
            0.5988208693370805,
            -6.5440300328417855,
            -0.18100184799000246
        ],
        [
            1.686097440271432,
            4.811209939892615,
            -0.2434865574502379
        ]
    ],
    "nodes": [
        2,
        2,
        2
    ],
    "scene": 8
}