{
    "centers": [
        [
            -9.869907463217517,
            4.73730074335721,
            -0.27846422785387037
        ],
        [
            3.5308090658129387,
            8.371772073097759,
            -0.45076871194787
        ],
        [
            -4.9446593009406214,
            5.650278789936676,
            -0.31063012854757843
        ]
    ],
    "nodes": [
        3,
        3,
        3
    ],
    "scene": 0
}