{
    "centers": [
        [
            -9.038353403958816,
            1.3656346138507853,
            -0.22332355332337517
        ],
        [
            9.165768164069107,
            -6.59286226578955,
            -0.397597418076748
        ],
        [
            -2.5539821651781054,
            7.090885687890992,
            -0.38890462408814597
        ],
        [
            5.627848668376636,
            -2.153555630728297,
            -0.3986456444460473
        ],
        [
            -7.367995876671882,
            -0.17740008599151835,
            -0.2557136352931495
        ]
    ],
    "nodes": [
        3,
        3,
        3,
        3,
        3
    ],
    "scene": 0
}