{
    "centers": [
        [
            2.4729615916539345,
            2.4003144599551938,
            -0.270075729465973
        ],
        [
            4.362625883206221,
            7.503495510737462,
            -0.37766395037192174
        ],
        [
            7.294141167127744,
            9.749660640177428,
            -0.2965662570608961
        ],
        [
            -8.844777607785087,
            -4.206540989915418,
            -0.2902708564736153
        ]
    ],
    "nodes": [
        2,
        2,
        2,
        2
    ],
    "scene": 8
}