{
    "centers": [
        [
            -8.985494208434794,
            0.5437262125578606,
            -0.12100193539304821
        ],
        [
            3.5981185151579176,
            8.182871996021515,
            -0.49527936661243965
        ],
        [
            -6.071675458008965,
            3.4788426418101466,
            -0.3280374212083065
        ]
    ],
    "nodes": [
        3,
        3,
        3
    ],
    "scene": 0
}