{
    "centers": [
        [
            -3.500674990412069,
            -5.454329632390853,
            -0.12449191060002401
        ],
        [
            6.923195538373946,
            3.1535235406643203,
            -0.2846194426033781
        ],
        [
            -8.05883395535968,
            5.331486122220465,
            -0.47958599082866316
        ]
    ],
    "nodes": [
        3,
        3,
        3
    ],
    "scene": 0
}