{
    "centers": [
        [
            9.903008777819963,
            -0.6316081926144079,
            -0.22933096081396176
        ],
        [
            -2.387129926052591,
            1.503829666160165,
            -0.12923714216773236
        ],
        [
            4.202787756393555,
            6.794394691247955,
            -0.1815970469796256
        ]
    ],
    "nodes": [
        3,
        3,
        3
    ],
    "scene": 0
}