{
    "centers": [
        [
            6.02045149005551,
            7.123035880534555,
            -0.2834318946058076
        ],
        [
            1.814731019767315,
            2.9717529047452054,
            -0.18180633952515002
        ],
        [
            -6.298531445271356,
            -0.6546104162792084,
            -0.12582932167135752
        ],
        [
            3.18019251954267,
            0.3276504418829411,
            -0.20095133528096737
        ]
    ],
    "nodes": [
        3,
        3,
        3,
        3
    ],
    "scene": 0
}