{
    "centers": [
        [
            5.2839453878780205,
            -3.577553326376977,
            -0.4563653745255839
        ],
        [
            -8.787302166049027,
            -6.267971483009913,
            -0.15632174860994202
        ],
        [
            1.8838542660872477,
            2.647288164686227,
            -0.22760595011368528
        ],
        [
            -1.3890776288286144,
            5.528150171303762,
            -0.26495671759857
        ]
    ],
    "nodes": [
        2,
        2,
        2,
        3
    ],
    "scene": 8
}