{
    "centers": [
        [
            -5.19059670344614,
            3.758805413440811,
            -0.25962365847473734
        ],
        [
            6.764179156349403,
            9.213171881143634,
            -0.19030914698063706
        ],
        [
            -2.8366370809161845,
            -6.6909026763845825,
            -0.17091841771367805
        ],
        [
            1.236777728276742,
            -2.2842499068420157,
            -0.49846544269559745
        ]
    ],
    "nodes": [
        3,
        3,
        3,
        3
    ],
    "scene": 0
}