{
    "centers": [
        [
            0.8488749941428679,
            3.3802630030520415,
            -0.19464140885832448
        ],
        [
            -6.507695818073202,
            -2.590973360601401,
            -0.285627217039043
        ],
        [
            -3.6945850735341708,
            -6.183736522634831,
            -0.40717237068886686
        ],
        [
            -7.398484400049384,
            0.25955955038206646,
            -0.3974272327751033
        ]
    ],
    "nodes": [
        3,
        3,
        3,
        3
    ],
    "scene": 0
}