{
    "centers": [
        [
            0.20582490677961118,
            -9.015807697615628,
            -0.1120633764871074
        ],
        [
            3.310689848748261,
            4.450032520435235,
            -0.11019012330701211
        ],
        [
            -7.518906868964641,
            9.325837196684908,
            -0.17686837559277296
        ],
        [
            -0.48553853812097714,
            -0.7237715432562482,
            -0.20380314194539828
        ],
        [
            1.689172715496344,
            -4.56017461111027,
            -0.17170883152343058
        ]
    ],
    "nodes": [
        4,
        4,
        4,
        4,
        4
    ],
    "scene": 9
}