{
    "centers": [
        [
            0.48012832906306535,
            4.431038035071278,
            -0.2215117978736308
        ],
        [
            1.4222605984554413,
            -1.6134594993847617,
            -0.3348393826980952
        ],
        [
            -1.1722310174240373,
            9.434917618324043,
            -0.4717842546703165
        ]
    ],
    "nodes": [
        3,
        3,
        3
    ],
    "scene": 0
}