{
    "centers": [
        [
            4.565171740345971,
            -3.7613788598780467,
            -0.3251313578539176
        ],
        [
            -8.416130774000031,
            9.490700471217966,
            -0.18735805355017404
        ],
        [
            0.8840291827435998,
            -6.699347459100629,
            -0.2505520408155778
        ]
    ],
    "nodes": [
        3,
        3,
        3
    ],
    "scene": 0
}