{
    "centers": [
        [
            5.186880065397865,
            -6.3459905710379,
            -0.4822445495221449
        ],
        [
            -2.1512648347224133,
            -4.902286105266597,
            -0.29574300609661763
        ],
        [
            8.521400860867665,
            1.2558690072383065,
            -0.15541070718956007
        ]
    ],
    "nodes": [
        3,
        3,
        3
    ],
    "scene": 0
}