{
    "centers": [
        [
            4.379402194588506,
            6.373019977040396,
            -0.431940864939318
        ],
        [
            -8.565368067167938,
            0.7967310045519831,
            -0.241179738228692
        ],
        [
            8.573796081426085,
            3.2002712566092946,
            -0.3233199895859852
        ],
        [
            7.750856121341489,
            -2.367534167338457,
            -0.40023047989422167
        ],
        [
            6.2584747793107915,
            -4.50499789945205,
            -0.1803822413994381
        ],
        [
            -3.013673608815404,
            -0.7413012429221908,
            -0.2066209125441788
        ]
    ],
    "nodes": [
        4,
        4,
        4,
        4,
        4,
        4
    ],
    "scene": 9
}