{
    "centers": [
        [
            -0.6125652068506593,
            7.95874345913759,
            -0.1241910239573063
        ],
        [
            7.280569753978124,
            6.705922774489842,
            -0.26070608556888963
        ],
        [
            9.937834151644886,
            -6.273316799134188,
            -0.3339698645639225
        ],
        [
            2.7825804117522797,
            -9.782097083558902,
            -0.20865927933078082
        ],
        [
            -5.981640279162487,
            1.5777319114004218,
            -0.10274102109186306
        ],
        [
            4.994152213715072,
            8.612206791988264,
            -0.2394348522463971
        ]
    ],
    "nodes": [
        4,
        4,
        4,
        4,
        4,
        4
    ],
    "scene": 9
}