{
    "centers": [
        [
            5.183124174314051,
            8.956048193432778,
            -0.2700228286685046
        ],
        [
            1.387464413936213,
            -4.262582596183955,
            -0.25496206512774366
        ],
        [
            -4.35886277345862,
            -8.256936974256522,
            -0.2069153515187645
        ],
        [
            -1.5878280094050297,
            -1.7809783406115187,
            -0.38673903908327895
        ]
    ],
    "nodes": [
        3,
        4,
        4,
        4
    ],
    "scene": 9
}