{
    "centers": [
        [
            2.434295218505241,
            -6.724641331294072,
            -0.4986379885233512
        ],
        [
            -3.019888391663306,
            3.265457660984456,
            -0.3167034935832992
        ],
        [
            0.3986695934334996,
            -7.922236755320984,
            -0.3580170726844859
        ],
        [
            4.493425735895418,
            6.3640942896217645,
            -0.33142232159402185
        ],
        [
            5.822850534096954,
            0.503122621283163,
            -0.3652997782417386
        ]
    ],
    "nodes": [
        3,
        3,
        3,
        3,
        3
    ],
    "scene": 0
}