{
    "centers": [
        [
            -7.1341214417456715,
            9.756878999343808,
            -0.4714016486542387
        ],
        [
            0.5727150126052933,
            3.1956770478935486,
            -0.4409004544522587
        ],
        [
            8.76108129818509,
            -0.6506301516547133,
            -0.25130119206175827
        ],
        [
            -0.5149462637390663,
            1.5224454903354605,
            -0.23769201963841002
        ]
    ],
    "nodes": [
        3,
        3,
        3,
        3
    ],
    "scene": 0
}