{
    "centers": [
        [
            8.22658300817324,
            6.672082006739146,
            -0.22269007989614303
        ],
        [
            -2.449841864506796,
            4.069987140384711,
            -0.2682839946382302
        ],
        [
            -6.194962606777588,
            2.0261127022657544,
            -0.4868404451711325
        ],
        [
            6.712162363822255,
            9.137610226699074,
            -0.47059152361061124
        ],
        [
            5.702823458284659,
            -3.176498872502629,
            -0.48025066561961144
        ]
    ],
    "nodes": [
        3,
        3,
        3,
        3,
        3
    ],
    "scene": 0
}