{
    "centers": [
        [
            -0.18850825310112285,
            0.19334388017049342,
            -0.2442726610340215
        ],
        [
            1.1714462378028312,
            4.376450142170125,
            -0.45014228116076943
        ],
        [
            -7.724270870039145,
            -2.613174758723151,
            -0.40634327202105697
        ],
        [
            6.4026780993219745,
            -3.472985580158337,
            -0.19615541754864907
        ]
    ],
    "nodes": [
        4,
        4,
        4,
        4
    ],
    "scene": 9
}