{
    "centers": [
        [
            2.250744420646896,
            2.8346299263845545,
            -0.4581135584717704
        ],
        [
            1.4097704087985115,
            8.967814581121832,
            -0.22393192573222936
        ],
        [
            6.033880336178619,
            7.312072278466999,
            -0.4528123199319555
        ],
        [
            7.533655268556608,
            5.015302154883347,
            -0.22359894512976453
        ],
        [
            -5.862200191653781,
            -4.051945110481022,
            -0.13304047388041224
        ],
        [
            -1.5590343689239088,
            -9.092257649490405,
            -0.12569844827125298
        ]
    ],
    "nodes": [
        3,
        4,
        4,
        4,
        4,
        4
    ],
    "scene": 9
}