{
    "centers": [
        [
            -8.111078279281873,
            -1.8183183747414962,
            -0.1211721704887061
        ],
        [
            -0.49479281699769473,
            -0.23194465271438425,
            -0.2430282307002271
        ],
        [
            -7.221111474221615,
            3.009954718911697,
            -0.31982995873887504
        ],
        [
            -5.326723922039243,
            -6.073655218306535,
            -0.2223565019136277
        ]
    ],
    "nodes": [
        3,
        3,
        3,
        3
    ],
    "scene": 0
}