{
    "centers": [
        [
            0.17864074946968955,
            -3.68786320949787,
            -0.3033844378744418
        ],
        [
            5.3678205412058215,
            -7.534345146168821,
            -0.366358893127383
        ],
        [
            3.0685200539520814,
            2.1295854538378975,
            -0.12086722643621828
        ],
        [
            4.21213232738639,
            -6.432685194966947,
            -0.1345542799994094
        ],
        [
            6.464293219401217,
            -1.0205127511669865,
            -0.12983350099950808
        ],
        [
            -7.637397812707716,
            -8.302671933239887,
            -0.3303348926024856
        ]
    ],
    "nodes": [
        3,
        4,
        4,
        4,
        4,
        4
    ],
    "scene": 9
}