{
    "centers": [
        [
            -1.9307052510142046,
            0.17882186120432841,
            -0.19883877270201222
        ],
        [
            -4.4254482967511795,
            -0.5865319960414777,
            -0.40999240859195357
        ],
        [
            9.27262767131841,
            3.5530513064823293,
            -0.257610222795868
        ],
        [
            5.140685826427408,
            7.99689716993268,
            -0.10226909864221911
        ],
        [
            -3.439320383523084,
            -5.896370162600273,
            -0.34774885104222997
        ],
        [
            -5.2475978662455836,
            -1.7957887628828662,
            -0.3385392420542438
        ]
    ],
    "nodes": [
        3,
        4,
        4,
        4,
        4,
        4
    ],
    "scene": 9
}