{
    "centers": [
        [
            8.93890920237833,
            6.845164925416082,
            -0.333985359007272
        ],
        [
            5.670183179647033,
            7.546206245084758,
            -0.16471335565405681
        ],
        [
            -0.10008111246323637,
            9.170200443523463,
            -0.492281430828034
        ],
        [
            7.3814524953725,
            8.225525127355631,
            -0.39548919737133487
        ]
    ],
    "nodes": [
        3,
        3,
        3,
        3
    ],
    "scene": 0
}