{
    "centers": [
        [
            -8.600785023791094,
            -9.706959007132028,
            -0.17576847721241928
        ],
        [
            -4.188682279446507,
            -5.548983126726568,
            -0.10363048849750389
        ],
        [
            -1.949002255333541,
            8.261689803038124,
            -0.27931452275570845
        ],
        [
            0.3402366789114435,
            -3.033234473076334,
            -0.4007470738514265
        ]
    ],
    "nodes": [
        4,
        4,
        4,
        4
    ],
    "scene": 9
}