{
    "centers": [
        [
            3.8669206606777315,
            -1.0819414930094435,
            -0.46935730329577935
        ],
        [
            7.024771499745292,
            -7.427949118729438,
            -0.3350938071621816
        ],
        [
            0.09436321026544725,
            -1.9810108215432205,
            -0.42579273420967423
        ]
    ],
    "nodes": [
        3,
        3,
        3
    ],
    "scene": 0
}