{
    "centers": [
        [
            2.23839927337435,
            0.2811188270135574,
            -0.2927447997732585
        ],
        [
            -7.75517956877529,
            5.296471540793879,
            -0.11876740452349904
        ],
        [
            7.084766193208559,
            1.5146185348056562,
            -0.22575941643512243
        ],
        [
            -8.574337477352927,
            -9.081343134039006,
            -0.43982787938315526
        ],
        [
            -0.3786320740911151,
            -0.5295461729806306,
            -0.3522930993135699
        ]
    ],
    "nodes": [
        3,
        3,
        3,
        3,
        3
    ],
    "scene": 0
}