{
    "centers": [
        [
            4.098733147176096,
            6.713943038494314,
            -0.12451356530123936
        ],
        [
            -5.707328060507981,
            -8.751416148113831,
            -0.47800042740603654
        ],
        [
            3.028090915508429,
            -6.33797844211715,
            -0.4378941577279913
        ],
        [
            -2.656841229713134,
            2.9269278641815397,
            -0.2937078730551057
        ],
        [
            -7.4783096157755224,
            8.04118153776825,
            -0.2332263366641053
        ],
        [
            -9.370274516895583,
            -5.277263227009604,
            -0.2452977605285241
        ]
    ],
    "nodes": [
        3,
        4,
        4,
        4,
        4,
        4
    ],
    "scene": 9
}