{
    "centers": [
        [
            -4.42386260970623,
            5.522396180095967,
            -0.14886250076709917
        ],
        [
            -7.581860677817824,
            8.733104363926241,
            -0.4209951456392761
        ],
        [
            7.564378196886555,
            -8.596071628130824,
            -0.14853302200443752
        ],
        [
            -2.0475800263620725,
            -0.1434883054257714,
            -0.45139657306768344
        ]
    ],
    "nodes": [
        4,
        4,
        4,
        4
    ],
    "scene": 9
}