{
    "centers": [
        [
            -2.6317643524839784,
            0.153348182016952,
            -0.13498351052146507
        ],
        [
            6.529777138013184,
            1.0008280339838223,
            -0.35513218828786386
        ],
        [
            0.0517362180570462,
            4.257937103661128,
            -0.17779599658250467
        ],
        [
            -5.68118258755457,
            -6.690603332819183,
            -0.10297419746473302
        ],
        [
            3.1406411484127545,
            -5.024015208143404,
            -0.2529289433941879
        ],
        [
            4.763537998232181,
            2.1155280046223357,
            -0.25386315025980494
        ]
    ],
    "nodes": [
        4,
        4,
        4,
        4,
        4,
        4
    ],
    "scene": 9
}