{
    "centers": [
        [
            -0.3287627202619632,
            4.977933476037153,
            -0.3372224638028045
        ],
        [
            -4.246809102796794,
            0.4769919953811197,
            -0.22282074860453266
        ],
        [
            7.081255686377265,
            -1.502913771066293,
            -0.14452605045582034
        ]
    ],
    "nodes": [
        3,
        3,
        3
    ],
    "scene": 0
}