{
    "centers": [
        [
            8.690336327080296,
            -0.6087626018218888,
            -0.29023835738083403
        ],
        [
            -4.1876553010180935,
            6.306195076554513,
            -0.49274322994894665
        ],
        [
            -6.81150177937774,
            5.137948171883174,
            -0.4803768954716332
        ],
        [
            -1.0055112444984555,
            -5.248982989121467,
            -0.14757055450156753
        ],
        [
            6.917311137770913,
            2.2578749789888626,
            -0.2883297205638526
        ],
        [
            -4.8781509030231085,
            9.601232243867383,
            -0.25011064729259214
        ]
    ],
    "nodes": [
        3,
        4,
        4,
        4,
        4,
        4
    ],
    "scene": 9
}