{
    "centers": [
        [
            0.8649730303191241,
            2.8846922568016513,
            -0.2895973545516495
        ],
        [
            -4.537994386839744,
            -2.013673770093898,
            -0.1800162722324069
        ],
        [
            -6.300214414683025,
            4.65192496134075,
            -0.39343331054898745
        ]
    ],
    "nodes": [
        3,
        3,
        3
    ],
    "scene": 0
}