{
    "centers": [
        [
            1.912179962268608,
            9.275060202082372,
            -0.1304843994672995
        ],
        [
            0.9369026509583271,
            -5.486743491157049,
            -0.16888208737487442
        ],
        [
            0.11054090889282264,
            -1.853392878587858,
            -0.45485663818322514
        ],
        [
            9.119057898291775,
            4.777395101436994,
            -0.4523199543826689
        ],
        [
            -5.10918753941162,
            -8.31974660654584,
            -0.3163566584959261
        ],
        [
            -7.563359002139967,
            -3.441185215372073,
            -0.26686697925240144
        ]
    ],
    "nodes": [
        3,
        4,
        4,
        4,
        4,
        4
    ],
    "scene": 9
}