{
    "centers": [
        [
            4.684466661512483,
            7.062954693247121,
            -0.32346295486252297
        ],
        [
            -2.491023767834932,
            1.6385158359845668,
            -0.49674400062352
        ],
        [
            -4.031162573565455,
            9.307160936212469,
            -0.1709638857975609
        ],
        [
            0.5391084388012128,
            5.970717285273386,
            -0.12560893619336105
        ]
    ],
    "nodes": [
        3,
        3,
        3,
        3
    ],
    "scene": 0
}