{
    "centers": [
        [
            7.791517619913794,
            -0.5109606784561969,
            -0.45158246421097237
        ],
        [
            -3.5949084950878234,
            -3.41532813069358,
            -0.22179036516781447
        ],
        [
            0.6381132531812117,
            -7.609182282511117,
            -0.3518174262499103
        ],
        [
            -5.5042994381188155,
            9.531167510880834,
            -0.10316917242162105
        ]
    ],
    "nodes": [
        3,
        3,
        3,
        3
    ],
    "scene": 0
}