{
    "centers": [
        [
            -4.10691142783651,
            -6.264765979991913,
            -0.4339512829469869
        ],
        [
            -0.3077236882775587,
            7.288334021252709,
            -0.4971763963058088
        ],
        [
            4.507947264694005,
            -7.914154795523947,
            -0.3221669251765441
        ],
        [
            -5.789387309503347,
            -4.918990517702701,
            -0.1307512150903144
        ],
        [
            -7.728286297302576,
            -1.2138955276737828,
            -0.3487071451484367
        ]
    ],
    "nodes": [
        3,
        3,
        3,
        3,
        3
    ],
    "scene": 1
}