{
    "centers": [
        [
            7.542577779997693,
            -7.751810861685127,
            -0.23030593946949307
        ],
        [
            -8.837864982631649,
            -5.660214652518287,
            -0.46926880619928585
        ],
        [
            -6.098742868415037,
            7.5079290684350894,
            -0.12638142302389
        ],
        [
            2.7415006192959606,
            3.748510459043807,
            -0.2677216590063012
        ],
        [
            5.0755080651278295,
            9.523273897323936,
            -0.41039393281691217
        ]
    ],
    "nodes": [
        3,
        3,
        3,
        3,
        3
    ],
    "scene": 1
}