{
    "centers": [
        [
            -4.411447639599326,
            -3.768686059299262,
            -0.3420167731156888
        ],
        [
            3.460807866292754,
            -9.63053109242823,
            -0.38642612206093563
        ],
        [
            -0.0647863511762008,
            8.389020608485847,
            -0.17125090688445477
        ],
        [
            6.52162772685039,
            -0.06037685911001489,
            -0.4552680127954085
        ],
        [
            5.419258102944058,
            -7.624935635083043,
            -0.3829249637075778
        ],
        [
            1.4557797984167493,
            7.264802728644387,
            -0.27000384290075263
        ]
    ],
    "nodes": [
        3,
        3,
        3,
        3,
        3,
        3
    ],
    "scene": 1
}