{
    "centers": [
        [
            1.4319487249810425,
            2.5517292228928987,
            -0.1097932496645484
        ],
        [
            -6.7981596281251955,
            4.4179201098783984,
            -0.1341358808158114
        ],
        [
            -5.412265426805258,
            3.3397904947689874,
            -0.16823261459886218
        ],
        [
            9.297151472214338,
            8.98442725768173,
            -0.43990059991224817
        ],
        [
            -4.166843148409423,
            -5.335220152834985,
            -0.2030174042733493
        ],
        [
            4.952950937368266,
            -8.469178578222603,
            -0.25367906045516153
        ]
    ],
    "nodes": [
        3,
        3,
        3,
        3,
        3,
        3
    ],
    "scene": 1
}