{
    "centers": [
        [
            6.537495894012061,
            -3.3842654908813046,
            -0.44402511063026673
        ],
        [
            -6.200644155707273,
            2.26735858011698,
            -0.4897272804235161
        ],
        [
            -0.3394303323862857,
            1.5913822485286477,
            -0.24335423590888677
        ],
        [
            9.019145753125738,
            0.8546082867078919,
            -0.14461901464079513
        ],
        [
            0.40811699360920706,
            5.310349089919715,
            -0.19676225032949207
        ],
        [
            2.046983326586492,
            -0.7097502258707884,
            -0.21253430540632717
        ],
        [
            1.2267371885000973,
            -8.780826548820604,
            -0.19363695039883955
        ],
        [
            8.123871337139207,
            3.333644554079134,
            -0.3003730757806999
        ]
    ],
    "nodes": [
        3,
        3,
        3,
        3,
        3,
        3,
        3,
        3
    ],
    "scene": 1
}