{
    "centers": [
        [
            4.82079079365044,
            -6.626831279756374,
            -0.29810074793876595
        ],
        [
            8.030036901920106,
            -2.181707971222126,
            -0.3735098688904228
        ],
        [
            -9.978401415565411,
            -1.0832524540916317,
            -0.3923460278256035
        ],
        [
            6.422370091979957,
            9.515686745282508,
            -0.23302697385326854
        ],
        [
            -0.28498913579396046,
            -9.554078637972992,
            -0.18099752057486507
        ],
        [
            -1.474786140572256,
            6.045313856415156,
            -0.4813885433463286
        ],
        [
            7.066611623421522,
            5.039925230626601,
            -0.40879458256744833
        ],
        [
            1.099823001543525,
            2.1921640663931896,
            -0.3564788196006192
        ],
        [
            -8.227093220275068,
            1.0653031510812205,
            -0.41839864987442266
        ]
    ],
    "nodes": [
        3,
        3,
        3,
        3,
        3,
        3,
        3,
        3,
        3
    ],
    "scene": 1
}