{
    "centers": [
        [
            9.331658749798358,
            -8.605130303182962,
            -0.14443861623152876
        ],
        [
            7.568885538633875,
            -5.640526035352959,
            -0.4351713255579012
        ],
        [
            -0.3065855109532727,
            -3.949877028906588,
            -0.22787607604716426
        ],
        [
            6.810172212345304,
            1.6121880878668584,
            -0.4502613499472166
        ],
        [
            5.214943302236737,
            7.141960362828147,
            -0.3825466877105709
        ]
    ],
    "nodes": [
        3,
        3,
        3,
        3,
        3
    ],
    "scene": 1
}