{
    "centers": [
        [
            1.7177881337456178,
            5.7902777275087445,
            -0.31489826311971547
        ],
        [
            0.6513294898486421,
            -8.592968441280231,
            -0.4939784130663726
        ],
        [
            -5.024228886965085,
            -4.896695882577751,
            -0.41591955018999055
        ],
        [
            5.430012486754007,
            -3.1497019241777995,
            -0.13354115674312772
        ],
        [
            6.367193969798816,
            0.27914454589870275,
            -0.45840193855885036
        ]
    ],
    "nodes": [
        3,
        3,
        3,
        3,
        3
    ],
    "scene": 1
}