{
    "centers": [
        [
            6.577762235454358,
            4.164325200826443,
            -0.1302763724981726
        ],
        [
            -8.15478079350443,
            -2.499438513721877,
            -0.47930293506163435
        ],
        [
            -3.1678955499211714,
            -9.73290726582367,
            -0.13249080084405507
        ],
        [
            3.7540421834836266,
            8.571757132925569,
            -0.4432019077650912
        ],
        [
            -3.9961013196769617,
            6.2086058282540115,
            -0.34693293976729866
        ]
    ],
    "nodes": [
        3,
        3,
        3,
        3,
        3
    ],
    "scene": 1
}