{
    "centers": [
        [
            -6.3243527172158664,
            -3.0732600467263893,
            -0.37529465342319
        ],
        [
            5.104805411153375,
            -7.872002991235149,
            -0.29354412057714463
        ],
        [
            -3.7303112772218334,
            -0.9529704157697534,
            -0.3818804175330902
        ],
        [
            2.4896210613727057,
            6.8822484456026345,
            -0.39601935172360697
        ],
        [
            -0.6641450314293333,
            0.7795250644915264,
            -0.13718788841398966
        ],
        [
            6.859514188316577,
            -4.050099752369181,
            -0.3567066681110881
        ]
    ],
    "nodes": [
        3,
        3,
        3,
        3,
        3,
        3
    ],
    "scene": 1
}