{
    "centers": [
        [
            4.123030106664318,
            -4.9913552008723965,
            -0.4181887797711953
        ],
        [
            0.3395086975516861,
            4.979757794679934,
            -0.47498684597857666
        ],
        [
            -2.1658846721203684,
            -6.045756103655336,
            -0.2412175413806142
        ],
        [
            -4.751166275650287,
            -6.961536015948331,
            -0.271672632448378
        ],
        [
            9.511205223647902,
            -7.95793649414291,
            -0.49934346741064506
        ],
        [
            6.760909972980766,
            7.154331983572014,
            -0.20483310178711084
        ],
        [
            1.045153397585672,
            -1.620631357213293,
            -0.24490410187519324
        ],
        [
            4.733745331986254,
            0.8581757116933986,
            -0.18718808302460777
        ],
        [
            7.918374977080308,
            9.273317400601819,
            -0.24597136432265504
        ]
    ],
    "nodes": [
        3,
        3,
        3,
        3,
        3,
        3,
        3,
        3,
        3
    ],
    "scene": 1
}