{
    "centers": [
        [
            3.2389057649495037,
            -7.7536010409808505,
            -0.11431857366061787
        ],
        [
            0.1814883005487502,
            -6.5201132125861,
            -0.1360214798187684
        ],
        [
            -7.2541835231738165,
            -0.0333940674905957,
            -0.13651440540514864
        ],
        [
            1.0236538509558635,
            -1.0145182551505556,
            -0.4610432965527483
        ],
        [
            8.92394416877281,
            4.3716202886177555,
            -0.21189056875287526
        ],
        [
            5.239829933912022,
            2.39685749318687,
            -0.32791633185571567
        ]
    ],
    "nodes": [
        3,
        3,
        3,
        3,
        3,
        3
    ],
    "scene": 1
}