{
    "centers": [
        [
            -6.306462171646117,
            -0.707356787689605,
            -0.29302455227182367
        ],
        [
            6.092141459211085,
            -4.922805740150105,
            -0.26297410007624955
        ],
        [
            8.211204755934311,
            0.39589887518046396,
            -0.4202312906641052
        ],
        [
            0.6285390565860993,
            -8.813242682222599,
            -0.4664911847366736
        ],
        [
            3.666120740358682,
            -5.681821255675961,
            -0.11299953483816544
        ]
    ],
    "nodes": [
        3,
        3,
        3,
        3,
        3
    ],
    "scene": 1
}