{
    "centers": [
        [
            2.1566362264484003,
            -2.424652939385843,
            -0.13104648961450843
        ],
        [
            8.651207156834499,
            4.598281396541751,
            -0.3941981026141842
        ],
        [
            9.32026626873908,
            -8.705667171446079,
            -0.4925503674284581
        ],
        [
            -1.7454450259765597,
            6.492407348451952,
            -0.16267292830985075
        ],
        [
            0.04819034296622604,
            0.95778247861643,
            -0.11899490534099122
        ],
        [
            -4.48784556169223,
            -6.463487076058641,
            -0.3739392204887221
        ],
        [
            -8.791875068160449,
            -0.46862445624599225,
            -0.18310565456751948
        ]
    ],
    "nodes": [
        3,
        3,
        3,
        3,
        3,
        3,
        3
    ],
    "scene": 1
}