{
    "centers": [
        [
            -0.6150729547257949,
            5.170617466755441,
            -0.12354601590288139
        ],
        [
            -3.9733648678642126,
            2.902361699589285,
            -0.4047031543023733
        ],
        [
            -8.060855047408065,
            -8.831193285969196,
            -0.41620375877248794
        ],
        [
            -8.66366266004519,
            3.7351979899918586,
            -0.49432787520607907
        ],
        [
            4.5288891382934935,
            -7.852324259384518,
            -0.18038485941454896
        ],
        [
            1.601497328668236,
            -1.3910232527706583,
            -0.4154490214786198
        ],
        [
            7.379607999509446,
            -2.926146583650424,
            -0.2590613349341133
        ],
        [
            -3.2084174747135012,
            -0.6750496320963677,
            -0.10530222065162831
        ],
        [
            -7.240354304550798,
            9.753524166362855,
            -0.22266136685127008
        ]
    ],
    "nodes": [
        3,
        3,
        3,
        3,
        3,
        3,
        3,
        3,
        3
    ],
    "scene": 1
}