{
    "centers": [
        [
            9.330159847354533,
            3.937351390069221,
            -0.13568859978847936
        ],
        [
            -5.383045719212626,
            8.027375219210256,
            -0.36208530835443875
        ],
        [
            -0.8562694198906584,
            -7.690886742511882,
            -0.21654830547146103
        ],
        [
            0.5688137798118831,
            -8.571252049462574,
            -0.3635806228744608
        ],
        [
            -2.5778042437088615,
            -3.2890084174853733,
            -0.23635867742541766
        ],
        [
            -3.5481596687681254,
            -1.1050802052140067,
            -0.2428853342556221
        ],
        [
            -1.7032820607449537,
            -2.147116841516052,
            -0.3829703699065917
        ],
        [
            2.570196226538277,
            1.1417718681012659,
            -0.13250066021056628
        ]
    ],
    "nodes": [
        3,
        3,
        3,
        3,
        3,
        3,
        3,
        3
    ],
    "scene": 1
}