{
    "centers": [
        [
            1.6271314735243578,
            7.88058617128544,
            -0.4518623827923104
        ],
        [
            5.382092599533827,
            -2.9002690872453414,
            -0.3434145734662255
        ],
        [
            1.001506269163679,
            -6.323313789144665,
            -0.38152463143668497
        ],
        [
            3.4664163886126502,
            6.20447847293422,
            -0.1902547540613143
        ],
        [
            9.931736082213042,
            -9.60796180059205,
            -0.17375851832623174
        ],
        [
            -4.112414626236822,
            -5.080456725649953,
            -0.30785479593444726
        ]
    ],
    "nodes": [
        3,
        3,
        3,
        3,
        3,
        3
    ],
    "scene": 1
}