{
    "centers": [
        [
            0.7123250776838201,
            3.9904114697186532,
            -0.40260250764702243
        ],
        [
            -6.837098200637708,
            -5.851013744763593,
            -0.34509063018059954
        ],
        [
            -3.5716080575421145,
            -7.01175997785109,
            -0.4096019774706064
        ],
        [
            1.3408710776053567,
            9.210409508387812,
            -0.44226895961438534
        ],
        [
            -7.450707564738446,
            -2.870265265504866,
            -0.25888499546425375
        ],
        [
            -9.307260621593375,
            -9.956828204746932,
            -0.4522308362595226
        ],
        [
            6.297776170016171,
            1.6085999614991877,
            -0.19918473965045097
        ]
    ],
    "nodes": [
        3,
        3,
        3,
        3,
        3,
        3,
        3
    ],
    "scene": 1
}