{
    "centers": [
        [
            4.724178494771964,
            3.5396527478212896,
            -0.40573318143359827
        ],
        [
            1.4115034905045825,
            -0.45421516964700714,
            -0.4148239702595683
        ],
        [
            -1.6562324476417363,
            -4.9907703398766,
            -0.2851169434003804
        ],
        [
            -6.151373859763698,
            -2.635504418190875,
            -0.18884759420809316
        ],
        [
            -2.359728391309135,
            1.2097032215703525,
            -0.25750989386072065
        ],
        [
            -4.411197335595882,
            -7.76402429190685,
            -0.20279087952040764
        ]
    ],
    "nodes": [
        3,
        3,
        3,
        3,
        3,
        3
    ],
    "scene": 1
}