{
    "centers": [
        [
            4.258520497388641,
            1.3411554096116323,
            -0.49842503638488145
        ],
        [
            -4.430355893280908,
            -6.914740589994068,
            -0.35558158898837905
        ],
        [
            -8.317871195786719,
            -1.847852649849699,
            -0.32159262989737203
        ],
        [
            4.953509031444256,
            -3.839959690227433,
            -0.4692710548743677
        ],
        [
            -2.6692606053207957,
            -8.414732786791753,
            -0.35391234523718745
        ],
        [
            0.33116468939582333,
            8.772248271495286,
            -0.45427010204022433
        ],
        [
            -5.757285069689231,
            5.716428154398333,
            -0.21809250163814664
        ]
    ],
    "nodes": [
        3,
        3,
        3,
        3,
        3,
        3,
        3
    ],
    "scene": 1
}