{
    "centers": [
        [
            -8.299540183622053,
            7.813276735606184,
            -0.17782346387640174
        ],
        [
            3.687202728289215,
            0.7041030719633277,
            -0.28572279924270666
        ],
        [
            -4.429504581067166,
            -2.173267889946489,
            -0.466409118129205
        ],
        [
            2.1940622923668425,
            -4.5523149762130055,
            -0.35842367173655554
        ],
        [
            5.465018429814748,
            4.532871603051964,
            -0.2566094607353281
        ],
        [
            -5.419484324049,
            -0.044592220622490686,
            -0.25886469352246155
        ],
        [
            1.4365486730897743,
            -9.140267256853951,
            -0.45710491418087495
        ],
        [
            -9.024731292679922,
            9.87742681499936,
            -0.48927330330701335
        ],
        [
            -7.202138362045655,
            8.526522219085841,
            -0.2849444000742467
        ]
    ],
    "nodes": [
        3,
        3,
        3,
        3,
        3,
        3,
        3,
        3,
        3
    ],
    "scene": 1
}