{
    "centers": [
        [
            4.390813185425316,
            2.842191144372938,
            -0.2973336667559492
        ],
        [
            6.805766217131726,
            -6.943285940094725,
            -0.43715421194079773
        ],
        [
            -4.9356360165763675,
            5.895829616967292,
            -0.24437263400987547
        ],
        [
            7.93574797239944,
            -8.608674662361594,
            -0.24339072986135335
        ],
        [
            -7.150108264505146,
            8.009699506791673,
            -0.40789300475454027
        ],
        [
            -5.932028587337528,
            -4.85467090853817,
            -0.39744814062509837
        ],
        [
            0.33693337172933546,
            -5.610064329977378,
            -0.4134200317783212
        ],
        [
            -1.2420848302723027,
            -9.456620327956378,
            -0.4978214758889082
        ]
    ],
    "nodes": [
        3,
        3,
        3,
        3,
        3,
        3,
        3,
        3
    ],
    "scene": 1
}