{
    "centers": [
        [
            -7.7536260812411495,
            -2.0542642156043005,
            -0.4581168232338547
        ],
        [
            6.328139079138719,
            1.2078428359804185,
            -0.44801084399741437
        ],
        [
            2.9759608752771154,
            -9.63719880943529,
            -0.40760261192434466
        ],
        [
            3.968480628410111,
            -5.684808118101041,
            -0.4683222655402069
        ],
        [
            -0.4850411594498194,
            -3.5105406619639634,
            -0.34094796553115514
        ],
        [
            -5.530297709865395,
            0.32950720814995726,
            -0.4890133497808834
        ],
        [
            -9.562138372231779,
            4.689204548584616,
            -0.4216022271838588
        ],
        [
            -8.423457332814877,
            -8.90399385440272,
            -0.11306205017950477
        ]
    ],
    "nodes": [
        3,
        3,
        3,
        3,
        3,
        3,
        3,
        3
    ],
    "scene": 1
}