{
    "centers": [
        [
            -4.9600718837090385,
            9.935704560502423,
            -0.45209608579040883
        ],
        [
            5.741705338052077,
            2.127792990141316,
            -0.2849445593249329
        ],
        [
            -2.3240842719009365,
            7.507675845317195,
            -0.46668483813302014
        ],
        [
            -9.099450372622337,
            3.567888819748031,
            -0.2625538580665538
        ],
        [
            -9.996273478353004,
            2.7912470823361595,
            -0.3904927690293251
        ],
        [
            -8.185049838169792,
            -6.311817264511279,
            -0.3258454902850222
        ],
        [
            9.048984246090686,
            -9.133681835735514,
            -0.19400172037621577
        ]
    ],
    "nodes": [
        3,
        3,
        3,
        3,
        3,
        3,
        3
    ],
    "scene": 1
}