{
    "centers": [
        [
            -7.1700114751388995,
            -5.092711579467679,
            -0.4931732656458261
        ],
        [
            -3.1714726869722227,
            8.233615292585593,
            -0.2133292452931142
        ],
        [
            1.733188480231938,
            -3.9917360796308614,
            -0.28087887408318124
        ],
        [
            -8.660640960922901,
            3.202432556082801,
            -0.43231733043118176
        ],
        [
            -0.8999884511344884,
            -9.274980245075495,
            -0.14410148792947486
        ],
        [
            9.917171916168272,
            -8.476503912048832,
            -0.2530000066983832
        ],
        [
            -5.222597848522216,
            -0.9851761790593265,
            -0.3494240824936269
        ],
        [
            8.525890313605867,
            -3.22651067647322,
            -0.4473549288099728
        ],
        [
            -7.819099262684171,
            4.72431081497284,
            -0.20064753264370067
        ]
    ],
    "nodes": [
        3,
        3,
        3,
        3,
        3,
        3,
        3,
        3,
        3
    ],
    "scene": 1
}