{
    "centers": [
        [
            3.5009768580603673,
            -1.4273831327045947,
            -0.2723806006160042
        ],
        [
            -3.3515244016295913,
            1.9615580792052416,
            -0.11131597223136347
        ],
        [
            1.5435014903550393,
            0.734699309999499,
            -0.16952095935442268
        ],
        [
            -7.4220404402323865,
            -8.407674906532073,
            -0.20103728300239904
        ],
        [
            -1.6341072328470716,
            5.145729097443379,
            -0.2717775325010578
        ],
        [
            2.272947911001337,
            -3.7349854365748003,
            -0.204486814397495
        ],
        [
            4.477240304777068,
            4.07571103391275,
            -0.2501050389828884
        ]
    ],
    "nodes": [
        3,
        3,
        3,
        3,
        3,
        3,
        3
    ],
    "scene": 1
}