{
    "centers": [
        [
            2.223473965426315,
            -0.5155836604307318,
            -0.4871808279417654
        ],
        [
            -1.804268030033679,
            -9.126220621931587,
            -0.3836389543676667
        ],
        [
            -4.683330306828301,
            6.3571932267399305,
            -0.12616796945617031
        ],
        [
            7.742666113370248,
            8.714884949864832,
            -0.384739243609724
        ],
        [
            9.669687433363517,
            -7.177111796475968,
            -0.13314667944669023
        ]
    ],
    "nodes": [
        3,
        3,
        3,
        3,
        3
    ],
    "scene": 1
}