{
    "centers": [
        [
            1.7596069068943336,
            -5.529850379739186,
            -0.22125478028506107
        ],
        [
            3.6756052840196336,
            7.869856762972724,
            -0.27936803606357036
        ],
        [
            -7.211192847901198,
            3.622114973404287,
            -0.11343720392247497
        ],
        [
            -1.1917444404768567,
            -0.003792047747541716,
            -0.21671820377613504
        ],
        [
            9.571796760676182,
            -6.573709064710749,
            -0.4547221671034245
        ],
        [
            8.360689558196736,
            -9.234706942199454,
            -0.29057219569369835
        ],
        [
            7.1933071153218044,
            -7.763000435465646,
            -0.421823641510234
        ],
        [
            -6.096860099156867,
            9.611196973092543,
            -0.45478443929008733
        ],
        [
            6.24733989436838,
            1.4660301336158525,
            -0.38996107729719287
        ]
    ],
    "nodes": [
        3,
        3,
        3,
        3,
        3,
        3,
        3,
        3,
        3
    ],
    "scene": 1
}