{
    "centers": [
        [
            -7.93206591799096,
            7.103595827807382,
            -0.40375473680340296
        ],
        [
            4.940739659864452,
            -3.4070216969715794,
            -0.36749970299470747
        ],
        [
            -2.8896830544282093,
            -8.51868221979571,
            -0.14763063649476865
        ],
        [
            -9.105439557046724,
            6.255264904470618,
            -0.3878601633398342
        ],
        [
            6.536977337152695,
            -2.3720334628086936,
            -0.1921869303035107
        ]
    ],
    "nodes": [
        3,
        3,
        3,
        3,
        3
    ],
    "scene": 0
}