{
    "centers": [
        [
            -0.06384411276678925,
            4.369769775782732,
            -0.2650061000426084
        ],
        [
            -0.8114115802573156,
            -8.356818621696254,
            -0.4898505662329284
        ],
        [
            9.21463587446469,
            -6.6485086772818285,
            -0.2993955847516988
        ],
        [
            4.852560847027846,
            1.2724631819593313,
            -0.15388488744525852
        ],
        [
            2.9265492099975017,
            -1.7772389539491975,
            -0.2317500376822728
        ]
    ],
    "nodes": [
        3,
        3,
        3,
        3,
        3
    ],
    "scene": 1
}