{
    "centers": [
        [
            -0.21524131420956394,
            6.2602083893483,
            -0.2568073491066162
        ],
        [
            7.544605480443835,
            -1.5092995054030176,
            -0.16820796747502365
        ],
        [
            5.062288870308564,
            -7.080656854906819,
            -0.4201165405266182
        ],
        [
            -2.8172632910340223,
            4.022323147809461,
            -0.29878633663562243
        ],
        [
            -0.9431899619006163,
            -3.213576398047362,
            -0.3543829544694943
        ],
        [
            3.197563369345037,
            9.505790858541395,
            -0.12372876226555063
        ],
        [
            -7.604413995341317,
            -5.722992933212414,
            -0.21603327998644284
        ]
    ],
    "nodes": [
        3,
        3,
        3,
        3,
        3,
        3,
        3
    ],
    "scene": 1
}