{
    "centers": [
        [
            6.15599586032927,
            -1.3480317280513514,
            -0.47230562443964275
        ],
        [
            8.892025775198888,
            -7.239142567470498,
            -0.21137858063224801
        ],
        [
            -9.18559249747611,
            -4.66004566185468,
            -0.19699622885525137
        ],
        [
            -2.69632774986162,
            1.8264709996844086,
            -0.3665199612154184
        ],
        [
            1.2907855320457742,
            9.596476371598566,
            -0.15956889428525295
        ],
        [
            -6.578223860886652,
            5.403846386614786,
            -0.4608262022351933
        ],
        [
            5.009995521136458,
            -9.079988841714705,
            -0.28615513483337546
        ],
        [
            -4.484903617948546,
            3.941826804931022,
            -0.2420284195441867
        ],
        [
            3.56306046823053,
            2.597002477012566,
            -0.31766646758319783
        ]
    ],
    "nodes": [
        3,
        3,
        3,
        3,
        3,
        3,
        3,
        3,
        3
    ],
    "scene": 1
}