{
    "centers": [
        [
            8.713526918486004,
            -5.649631410403146,
            -0.20418130761055842
        ],
        [
            6.571019377799814,
            0.8405416929021641,
            -0.16496282179510136
        ],
        [
            -3.4834148159745855,
            3.242497851397033,
            -0.4704779369434423
        ],
        [
            3.7493629142799083,
            -0.57031664552275,
            -0.13299346588108185
        ],
        [
            -2.341339607460469,
            0.19099201863886428,
            -0.45711670004153937
        ],
        [
            -8.769574907317097,
            -2.306230465304022,
            -0.17782667993472195
        ],
        [
            -8.131935245446027,
            -8.055975368058363,
            -0.2945171159469173
        ]
    ],
    "nodes": [
        3,
        3,
        3,
        3,
        3,
        3,
        3
    ],
    "scene": 1
}