{
    "centers": [
        [
            -0.9532747967681665,
            -2.5953774993795253,
            -0.21805164701974417
        ],
        [
            5.374044183975418,
            8.880433433225324,
            -0.4243308679171899
        ],
        [
            -6.757602758023024,
            -7.796826945005259,
            -0.2484074230486944
        ],
        [
            9.740090768179382,
            2.360950113954134,
            -0.4313054909116655
        ],
        [
            -4.045992823120422,
            7.361208547763699,
            -0.175758330084535
        ]
    ],
    "nodes": [
        3,
        3,
        3,
        3,
        3
    ],
    "scene": 1
}