{
    "centers": [
        [
            -0.22508315203401352,
            -1.0066699823504148,
            -0.43718241463621565
        ],
        [
            5.8268037526658,
            3.965123207432173,
            -0.12709552502647886
        ],
        [
            -5.084856639923709,
            -6.057283597473053,
            -0.22654818451887176
        ],
        [
            -3.13425757358978,
            -7.615542960075647,
            -0.4477082802536345
        ],
        [
            -7.369322267717329,
            0.16990350464662463,
            -0.38737319279272037
        ],
        [
            7.394119763466335,
            -3.559368037326762,
            -0.10834475243287456
        ],
        [
            9.163597805780405,
            5.5946954177997235,
            -0.4452651640564588
        ],
        [
            -1.3401669091111952,
            7.439955196153427,
            -0.4094706635774117
        ]
    ],
    "nodes": [
        3,
        3,
        3,
        3,
        3,
        3,
        3,
        3
    ],
    "scene": 1
}