{
    "centers": [
        [
            -5.3684674705636155,
            -7.15898136272221,
            -0.11428079427478277
        ],
        [
            2.0118682926202514,
            -9.670970366395444,
            -0.2124578429274675
        ],
        [
            -4.479278657067032,
            9.971562159782973,
            -0.2541448686896432
        ],
        [
            -7.4536720966655405,
            -4.638245479347045,
            -0.4355284867023974
        ],
        [
            3.579232824559659,
            -8.504454205532866,
            -0.3435371148503531
        ],
        [
            5.16187963722593,
            4.9170940786219965,
            -0.3865497702660862
        ],
        [
            -3.544242384324696,
            3.7117230084640855,
            -0.1963104942735172
        ]
    ],
    "nodes": [
        3,
        3,
        3,
        3,
        3,
        3,
        3
    ],
    "scene": 1
}