{
    "centers": [
        [
            -5.458528901340857,
            7.085537221222012,
            -0.1874529922015632
        ],
        [
            6.302078094482258,
            4.6975247393242885,
            -0.1499184830776552
        ],
        [
            -1.784443019653514,
            -7.941575745759863,
            -0.3852423482189764
        ]
    ],
    "nodes": [
        3,
        3,
        3
    ],
    "scene": 0
}