{
    "centers": [
        [
            8.74492830156655,
            -4.996173093231371,
            -0.28783795669907536
        ],
        [
            -4.985705548322777,
            4.06475158492084,
            -0.1015619015636291
        ],
        [
            -7.3733220739675005,
            -3.5934575613502284,
            -0.49288222388026187
        ],
        [
            1.9307155234816715,
            4.884456386153559,
            -0.4300083891964353
        ],
        [
            -5.6867734915208645,
            9.630935141504729,
            -0.4179649643262373
        ]
    ],
    "nodes": [
        3,
        3,
        3,
        3,
        3
    ],
    "scene": 1
}