{
    "centers": [
        [
            -1.5199367482822819,
            7.794535378978761,
            -0.4175184933823872
        ],
        [
            9.722961925541423,
            3.8180778823745225,
            -0.3808520836379275
        ],
        [
            -4.148714959424495,
            9.45365550985396,
            -0.16876509535935547
        ],
        [
            -9.76649333534035,
            5.468271393465038,
            -0.13770725031915287
        ],
        [
            -5.211867565281021,
            0.5733016463334479,
            -0.2265571548495242
        ],
        [
            5.57674393204781,
            -8.10021300531853,
            -0.2749856789730575
        ],
        [
            -2.175806254183101,
            -6.566253663654886,
            -0.150105806973233
        ],
        [
            7.324125131838038,
            2.1523369888193873,
            -0.2356893627508631
        ],
        [
            1.7208594321527322,
            -3.9392643245608543,
            -0.31963381732323837
        ]
    ],
    "nodes": [
        3,
        3,
        3,
        3,
        3,
        3,
        3,
        3,
        3
    ],
    "scene": 1
}