{
    "centers": [
        [
            -2.95577325297129,
            -3.8614409547348476,
            -0.2996225819215085
        ],
        [
            -7.638069712929097,
            1.2110796089679283,
            -0.1943902194969968
        ],
        [
            7.432414756974964,
            8.804696864361002,
            -0.4811274196766946
        ],
        [
            3.6990247306724644,
            -1.5474789950047274,
            -0.48575162465522603
        ],
        [
            -5.822986643072722,
            9.903902583328719,
            -0.418719929091912
        ],
        [
            8.3682203730786,
            7.642395001134652,
            -0.1627795125414339
        ],
        [
            -1.6665982009625608,
            -3.2019644115400485,
            -0.444455777615527
        ],
        [
            -3.6730348464740175,
            -7.699181580109631,
            -0.33252400955698846
        ],
        [
            1.3758367722684977,
            3.813128654166224,
            -0.4543161174988684
        ]
    ],
    "nodes": [
        3,
        3,
        3,
        3,
        3,
        3,
        3,
        3,
        3
    ],
    "scene": 1
}