{
    "centers": [
        [
            9.086781387387745,
            2.2343764482855057,
            -0.26908682414858054
        ],
        [
            -1.205971233329672,
            -7.036087814097673,
            -0.20338411611192114
        ],
        [
            6.460497988427775,
            8.213316659084697,
            -0.13385437989363175
        ],
        [
            -9.451128521570432,
            6.670540485629743,
            -0.325633087034911
        ],
        [
            -5.471590244329416,
            -2.517226502851633,
            -0.3999118998947289
        ],
        [
            -6.132639671825803,
            -8.64808299500141,
            -0.25678005382531127
        ],
        [
            -2.4032428374717796,
            -0.3739937174431436,
            -0.10987636563946812
        ]
    ],
    "nodes": [
        3,
        3,
        3,
        3,
        3,
        3,
        3
    ],
    "scene": 1
}