{
    "centers": [
        [
            -7.745705801293472,
            -3.522685428845646,
            -0.380864476510029
        ],
        [
            4.180379512650429,
            8.594071512512855,
            -0.3659852578012623
        ],
        [
            -6.841385940595246,
            -6.005295162862787,
            -0.20756485331686353
        ],
        [
            -8.61272094341432,
            9.617215783994567,
            -0.49603108721586203
        ],
        [
            8.01525113156574,
            6.337179440616122,
            -0.2470011715738098
        ],
        [
            -5.4431961355456515,
            5.122607133761246,
            -0.34211558221125216
        ]
    ],
    "nodes": [
        3,
        3,
        3,
        3,
        3,
        3
    ],
    "scene": 1
}