{
    "centers": [
        [
            -4.864400230498287,
            1.0811012042125512,
            -0.19113495854589413
        ],
        [
            2.061309671211781,
            -7.917405493305177,
            -0.12301945295471794
        ],
        [
            -4.005888136707134,
            -5.634524139307895,
            -0.4466436856914594
        ],
        [
            4.181647936398525,
            9.120743314282226,
            -0.37667529333340943
        ],
        [
            8.832232741417418,
            8.457973912382954,
            -0.3212472363204347
        ],
        [
            3.465928848329156,
            -0.7842073732996155,
            -0.45372465373018167
        ],
        [
            4.996912008979573,
            5.738399396335453,
            -0.34955582893330417
        ],
        [
            -5.862311779106766,
            7.716875171796559,
            -0.3604156161006208
        ]
    ],
    "nodes": [
        3,
        3,
        3,
        3,
        3,
        3,
        3,
        3
    ],
    "scene": 1
}