{
    "centers": [
        [
            -2.529552887818922,
            4.341445962506418,
            -0.22478645162846705
        ],
        [
            1.0768643864801124,
            -4.926002568476607,
            -0.4112463509558627
        ],
        [
            -3.5345394751836796,
            5.2444316602538485,
            -0.4552492582857971
        ],
        [
            -0.23361173724702766,
            -2.74365027314039,
            -0.4905146453598702
        ],
        [
            -9.046875683714386,
            -6.644296409232291,
            -0.28466565177412373
        ],
        [
            4.961086251429592,
            7.28630916048083,
            -0.3217155626145551
        ],
        [
            5.601892300802675,
            0.735513499723087,
            -0.23853349178216332
        ],
        [
            -8.263912656232852,
            -8.833701660131084,
            -0.3527074915900632
        ]
    ],
    "nodes": [
        3,
        3,
        3,
        3,
        3,
        3,
        3,
        3
    ],
    "scene": 1
}