{
    "centers": [
        [
            9.000600668585335,
            -5.845180590322148,
            -0.4162476324089685
        ],
        [
            1.7575005076431243,
            -3.254146499786856,
            -0.4035358589586016
        ],
        [
            -9.841104276565357,
            1.1089017495941142,
            -0.34315602712667825
        ],
        [
            8.399693785702965,
            7.55108801746638,
            -0.17157961553446355
        ],
        [
            -7.148397776516573,
            -9.12509397705498,
            -0.4452592111651724
        ]
    ],
    "nodes": [
        3,
        3,
        3,
        3,
        3
    ],
    "scene": 0
}