{
    "centers": [
        [
            -2.451424229623484,
            -0.9021792559482655,
            -0.24607632485575653
        ],
        [
            -0.7874895448766761,
            -1.5244748938880353,
            -0.3344480406892816
        ],
        [
            6.673620885173332,
            -3.867318260297985,
            -0.18136506332347935
        ],
        [
            2.513064888326298,
            3.826255638882401,
            -0.3777096436159515
        ],
        [
            -9.819505713692052,
            5.758232811788403,
            -0.44707741860522043
        ],
        [
            3.6651653066243366,
            4.59304270488172,
            -0.4357287112585675
        ],
        [
            9.735612887617322,
            8.48899225402878,
            -0.11953217318124343
        ],
        [
            -8.550854147885751,
            -2.5182902475536295,
            -0.4315266324382284
        ],
        [
            1.1341281906725484,
            -8.292738285138011,
            -0.19676250243808885
        ]
    ],
    "nodes": [
        3,
        3,
        3,
        3,
        3,
        3,
        3,
        3,
        3
    ],
    "scene": 1
}