{
    "centers": [
        [
            3.4136142922806947,
            5.654870973441566,
            -0.17785613795590927
        ],
        [
            1.5958984322660275,
            -9.69895384824352,
            -0.19769162988422645
        ],
        [
            7.777063135810781,
            3.4735240668463945,
            -0.45506762746133494
        ],
        [
            6.552929914637737,
            2.0613337800075726,
            -0.39233402991487665
        ],
        [
            -9.320810247111408,
            -0.6511773026487955,
            -0.27837638394722763
        ],
        [
            2.4783089021715057,
            -2.9446636481206667,
            -0.2690676293802037
        ],
        [
            8.627401689239967,
            -7.956253142935006,
            -0.3652373438435703
        ]
    ],
    "nodes": [
        3,
        3,
        3,
        3,
        3,
        3,
        3
    ],
    "scene": 1
}