{
    "centers": [
        [
            2.292722625858495,
            -7.986905070814303,
            -0.2938225162512964
        ],
        [
            -7.241828082609942,
            -0.00926053233428803,
            -0.40357919637600814
        ],
        [
            -3.237175862295441,
            6.145198066848348,
            -0.4689062461731769
        ],
        [
            4.056720917139067,
            -0.9709455757410659,
            -0.3967266710673877
        ],
        [
            -9.50000038936706,
            2.277131189589399,
            -0.18047364871610821
        ],
        [
            -8.811839137193038,
            9.702143040343273,
            -0.1553887135588886
        ],
        [
            6.545923293442776,
            8.512796901519224,
            -0.17738879966400556
        ],
        [
            -5.038468546006401,
            0.6127021315549452,
            -0.2029968111553873
        ],
        [
            7.769296068363165,
            1.5182213514249217,
            -0.20826375774740685
        ]
    ],
    "nodes": [
        3,
        3,
        3,
        3,
        3,
        3,
        3,
        3,
        3
    ],
    "scene": 1
}