{
    "centers": [
        [
            -1.112255320950485,
            1.8526299576790564,
            -0.233541976184997
        ],
        [
            4.844411418381041,
            -1.842649029806898,
            -0.11897724193882314
        ],
        [
            -6.096341467811348,
            -2.8258724731955898,
            -0.17418501853034624
        ],
        [
            -4.242889296831485,
            3.56131348103634,
            -0.14615356694537396
        ],
        [
            7.202520328055616,
            2.563895059102224,
            -0.2710742888250337
        ],
        [
            5.860507027063402,
            -9.347653067548816,
            -0.271373378554839
        ],
        [
            2.5913291833399317,
            4.705380087791845,
            -0.21577466785441796
        ],
        [
            0.9097813253310694,
            -4.319644375286174,
            -0.22271364572807317
        ]
    ],
    "nodes": [
        3,
        3,
        3,
        3,
        3,
        3,
        3,
        3
    ],
    "scene": 1
}