{
    "centers": [
        [
            1.8797307322941883,
            -1.8634237271428233,
            -0.21839917299206962
        ],
        [
            9.292537097170069,
            5.919194422113485,
            -0.47333259911475317
        ],
        [
            -1.0177306132422501,
            -0.15989008320975273,
            -0.2467594505000244
        ],
        [
            3.598202545918179,
            -1.2234654162764933,
            -0.2965682900503225
        ],
        [
            6.951008618328409,
            7.863542538577445,
            -0.12018049959083621
        ],
        [
            -2.7732074923341727,
            3.3027824457085746,
            -0.3072812955135686
        ]
    ],
    "nodes": [
        3,
        3,
        3,
        3,
        3,
        3
    ],
    "scene": 1
}