{
    "centers": [
        [
            5.400487831772233,
            0.5449016761323335,
            -0.33231431915995635
        ],
        [
            0.641812377382303,
            8.641985314317072,
            -0.43473718470500466
        ],
        [
            -4.4865659394944934,
            -8.77956728321985,
            -0.3778020647596057
        ],
        [
            1.8027476277366716,
            3.1800760535756787,
            -0.30154576974457087
        ],
        [
            -6.939534765252526,
            5.7523617971588585,
            -0.211095594985456
        ]
    ],
    "nodes": [
        3,
        3,
        3,
        3,
        3
    ],
    "scene": 0
}