{
    "centers": [
        [
            5.827416449243053,
            8.317890350055546,
            -0.48479807988717183
        ],
        [
            -9.54262750794218,
            -7.913197456716244,
            -0.3663958497789154
        ],
        [
            -6.505311449422376,
            3.906045079756291,
            -0.42086473023010673
        ],
        [
            2.0399922642970836,
            -6.762684082062583,
            -0.3058714951564405
        ],
        [
            -4.619483983326473,
            -4.147891276866844,
            -0.4007131204028251
        ]
    ],
    "nodes": [
        3,
        3,
        3,
        3,
        3
    ],
    "scene": 1
}