{
    "centers": [
        [
            9.108947159483133,
            -5.404199427417171,
            -0.3036555385803871
        ],
        [
            -0.11781139840763011,
            -7.889988952866201,
            -0.2657348332918607
        ],
        [
            5.2414292243605605,
            -1.955355585709782,
            -0.47183407442596903
        ],
        [
            -9.232386625088985,
            6.302140633991478,
            -0.2819390859607097
        ],
        [
            7.50119559137223,
            8.797103567177022,
            -0.27458502730023304
        ],
        [
            6.730867953665506,
            0.035824074388614235,
            -0.1611677194356702
        ],
        [
            -6.900227253926912,
            -6.194011883111088,
            -0.2676466974977902
        ]
    ],
    "nodes": [
        3,
        3,
        3,
        3,
        3,
        3,
        3
    ],
    "scene": 1
}