{
    "centers": [
        [
            -2.3109053204384633,
            -0.05463845131446199,
            -0.4353258025013359
        ],
        [
            2.101190926513823,
            7.694021454618714,
            -0.11081415612042156
        ],
        [
            -0.09589276952293169,
            4.145584767082493,
            -0.4632599086912033
        ],
        [
            -7.527362622427463,
            -2.4281782317798335,
            -0.30075296357576703
        ]
    ],
    "nodes": [
        3,
        3,
        3,
        3
    ],
    "scene": 0
}