{
    "centers": [
        [
            6.605450170796413,
            -5.315167221004751,
            -0.1964524036957453
        ],
        [
            -6.209741812486458,
            -1.5143263323583884,
            -0.36001170303583196
        ],
        [
            9.870652684409396,
            -9.667980719989686,
            -0.19926795063097535
        ]
    ],
    "nodes": [
        3,
        3,
        3
    ],
    "scene": 0
}