{
    "centers": [
        [
            -3.623268647237346,
            3.1832160851997173,
            -0.4929326905819066
        ],
        [
            9.785894901634514,
            -7.554854706088938,
            -0.31629360449075244
        ],
        [
            -5.445615978750233,
            -6.82890352004163,
            -0.3053215646941171
        ]
    ],
    "nodes": [
        3,
        3,
        3
    ],
    "scene": 0
}