{
    "centers": [
        [
            2.091433900621233,
            -5.4366647090289355,
            -0.3625163202157885
        ],
        [
            9.353179453015905,
            -3.1055614162255285,
            -0.4706815742703837
        ],
        [
            -8.093757464018317,
            1.8850770989337207,
            -0.23652178860609735
        ]
    ],
    "nodes": [
        3,
        3,
        3
    ],
    "scene": 0
}