{
    "centers": [
        [
            6.565632560852954,
            8.324468593176206,
            -0.22000911328682948
        ],
        [
            9.634609106422957,
            2.279038039785924,
            -0.21954697790125294
        ],
        [
            -4.515098520335556,
            -7.389300786821915,
            -0.4924230933136235
        ],
        [
            -2.7886863080436353,
            -1.0359992900349262,
            -0.4099590176081947
        ]
    ],
    "nodes": [
        3,
        3,
        3,
        3
    ],
    "scene": 0
}