{
    "centers": [
        [
            5.499897446763429,
            1.822415800685203,
            -0.236646818130949
        ],
        [
            1.8017602348274213,
            9.947623096481088,
            -0.37347643458116864
        ],
        [
            -5.234455055202318,
            -4.1799855723529555,
            -0.4207092415060146
        ]
    ],
    "nodes": [
        3,
        3,
        3
    ],
    "scene": 0
}