{
    "centers": [
        [
            6.184439146051975,
            9.94634399289193,
            -0.4149608526889592
        ],
        [
            -9.532850401824772,
            -9.267565768050792,
            -0.1690988012964857
        ],
        [
            -2.057606599891426,
            -0.46815201784539795,
            -0.4176787881594817
        ]
    ],
    "nodes": [
        3,
        3,
        3
    ],
    "scene": 0
}