{
    "centers": [
        [
            -1.7645299470739673,
            3.892964109196468,
            -0.19767256526366295
        ],
        [
            -6.587430246293784,
            -4.037565759981449,
            -0.2473595267110259
        ],
        [
            9.947864128198031,
            5.599205739250447,
            -0.32636139953782173
        ],
        [
            3.0129114767771306,
            -1.027772152659006,
            -0.21258990199703992
        ],
        [
            1.3559975943179516,
            -6.928151863684839,
            -0.47541395126220365
        ]
    ],
    "nodes": [
        3,
        3,
        3,
        3,
        3
    ],
    "scene": 0
}