{
    "centers": [
        [
            6.280411942464383,
            0.7689180898794152,
            -0.4893143178409599
        ],
        [
            -6.070847302567515,
            -0.18377266282460347,
            -0.28820059616322813
        ],
        [
            -4.789508912409362,
            -9.563294643656304,
            -0.15763891946819614
        ],
        [
            -6.7204769727465745,
            6.996454639632553,
            -0.2279535874342235
        ],
        [
            0.44115980052946213,
            -7.345369084146814,
            -0.33411230220473315
        ]
    ],
    "nodes": [
        3,
        3,
        3,
        3,
        3
    ],
    "scene": 0
}