{
    "centers": [
        [
            -9.891202058040173,
            1.7312342528618316,
            -0.13719485800464942
        ],
        [
            9.403901993791116,
            -5.898333997784359,
            -0.3387761569360116
        ],
        [
            3.5859758585061243,
            8.343650561216304,
            -0.30979023952676454
        ],
        [
            7.227791260568072,
            -9.636966173495548,
            -0.39926881213032955
        ],
        [
            -5.756695977847568,
            3.9422454600704206,
            -0.3709486737797003
        ]
    ],
    "nodes": [
        3,
        3,
        3,
        3,
        3
    ],
    "scene": 0
}