{
    "centers": [
        [
            -8.236791176688008,
            6.136839719263065,
            -0.12803726931714776
        ],
        [
            2.110890722350991,
            -7.236070458731807,
            -0.3344807695287124
        ],
        [
            -5.176624492789039,
            2.407220221282042,
            -0.43474087970096104
        ],
        [
            7.13308386100692,
            -1.9301576684575377,
            -0.3555587909151211
        ]
    ],
    "nodes": [
        3,
        3,
        3,
        3
    ],
    "scene": 0
}