{
    "centers": [
        [
            -3.9272662756383347,
            8.921810728742635,
            -0.1654473158151929
        ],
        [
            0.6295029587529122,
            5.571411228037277,
            -0.29821882066366145
        ],
        [
            -6.087471422545283,
            -3.8465255237660534,
            -0.15014688137874993
        ]
    ],
    "nodes": [
        3,
        3,
        3
    ],
    "scene": 0
}