{
    "centers": [
        [
            -6.6955558105317925,
            -7.409741817598059,
            -0.3197639280787521
        ],
        [
            0.3105047080652419,
            2.23806802537265,
            -0.37911833772673936
        ],
        [
            -5.829510914156804,
            -1.2581447679209177,
            -0.22664608745290465
        ]
    ],
    "nodes": [
        3,
        3,
        3
    ],
    "scene": 0
}