{
    "centers": [
        [
            -1.8757337830461402,
            3.720438211780273,
            -0.20719287486281007
        ],
        [
            -7.561780513371692,
            -8.842359571719204,
            -0.28559166680936776
        ],
        [
            6.602215232640482,
            -1.8412036585337042,
            -0.3829264818007838
        ]
    ],
    "nodes": [
        3,
        3,
        3
    ],
    "scene": 0
}