{
    "centers": [
        [
            -9.309917457444183,
            -8.879798933835513,
            -0.4109983694591081
        ],
        [
            9.159777238884942,
            -0.8953314689547671,
            -0.26801062627572503
        ],
        [
            0.6512713622045236,
            -5.8463894757190005,
            -0.2833517272928012
        ],
        [
            -7.985225391268223,
            1.9338196543777286,
            -0.21835994103329098
        ],
        [
            9.954508788992538,
            3.9452975980535605,
            -0.28291310465364894
        ]
    ],
    "nodes": [
        3,
        3,
        3,
        3,
        3
    ],
    "scene": 0
}