{
    "centers": [
        [
            0.051233816009064626,
            -8.171676404784602,
            -0.30765216960255337
        ],
        [
            -7.431958070595339,
            8.472975205860742,
            -0.4592831018124113
        ],
        [
            -6.724877561398655,
            7.670349444231938,
            -0.14347665126371867
        ]
    ],
    "nodes": [
        3,
        3,
        3
    ],
    "scene": 0
}