{
    "centers": [
        [
            -2.0040530087801027,
            -5.445462120080653,
            -0.3798927119431714
        ],
        [
            9.300184397316063,
            -3.8091292744235217,
            -0.4794228364281585
        ],
        [
            -0.01690638600485883,
            -6.728136275455141,
            -0.16465111925940001
        ]
    ],
    "nodes": [
        3,
        3,
        3
    ],
    "scene": 0
}