{
    "centers": [
        [
            -3.9717011173574557,
            1.140978894124057,
            -0.2844915108453321
        ],
        [
            0.5512014877487204,
            5.137733185173962,
            -0.24970014875888968
        ],
        [
            -2.8800355146260355,
            -6.030847288000006,
            -0.38710993795469484
        ],
        [
            9.222014324167553,
            -3.561708193470543,
            -0.29909495676040565
        ],
        [
            4.7904045109038655,
            8.696755348829058,
            -0.42024172857674363
        ],
        [
            7.424729336432073,
            -5.428854274800599,
            -0.3680545562439681
        ],
        [
            6.789828001496769,
            5.875130447874724,
            -0.26722095814419233
        ],
        [
            -5.141095006770852,
            -9.794049706137539,
            -0.389586631245468
        ]
    ],
    "nodes": [
        1,
        3,
        3,
        3,
        3,
        3,
        3,
        3
    ],
    "scene": 3
}