{
    "centers": [
        [
            -3.350782758786444,
            4.920005606729266,
            -0.44705452292969655
        ],
        [
            8.462873842025225,
            -4.342659143446912,
            -0.48617652348276547
        ],
        [
            6.716130871725756,
            -1.1778349908097692,
            -0.18335149076871549
        ],
        [
            -5.981626945345095,
            8.665813418881378,
            -0.4654281111265694
        ],
        [
            4.658915006296544,
            -3.7267505851144627,
            -0.2495065417944735
        ],
        [
            5.341138452741879,
            -8.105086394352877,
            -0.2216520879536948
        ]
    ],
    "nodes": [
        1,
        3,
        3,
        3,
        3,
        3
    ],
    "scene": 3
}