{
    "centers": [
        [
            9.244786885659465,
            6.402878118368655,
            -0.2512544834534389
        ],
        [
            -8.328747816222442,
            -9.96949935747118,
            -0.16731610674572978
        ],
        [
            -9.396788580380658,
            1.837844492146857,
            -0.2912916047976345
        ]
    ],
    "nodes": [
        3,
        3,
        3
    ],
    "scene": 0
}