{
    "centers": [
        [
            -8.974222654909658,
            5.223689272096873,
            -0.4315728551900951
        ],
        [
            -6.427675632902227,
            -2.743871036640291,
            -0.39085195738146805
        ],
        [
            -2.7672069477856027,
            -7.07402562983896,
            -0.24017585294355714
        ],
        [
            6.695632926407178,
            0.32093789298424547,
            -0.18233566236104565
        ],
        [
            -4.687909408604121,
            -9.642690032098955,
            -0.46580591855222647
        ]
    ],
    "nodes": [
        3,
        3,
        3,
        3,
        3
    ],
    "scene": 0
}