{
    "centers": [
        [
            6.317453027430833,
            5.370006684200375,
            -0.2232376334851821
        ],
        [
            -8.117168578865728,
            -4.534615783713742,
            -0.2516556151533359
        ],
        [
            -3.3520971386711063,
            -0.8220487448764384,
            -0.35507375299874466
        ]
    ],
    "nodes": [
        3,
        3,
        3
    ],
    "scene": 0
}