{
    "centers": [
        [
            7.956535381301656,
            6.99437145449204,
            -0.14163431005718263
        ],
        [
            9.98099642655298,
            -3.06869353443229,
            -0.35468380130290345
        ],
        [
            0.9743874020240302,
            5.955559336963168,
            -0.4795909719511116
        ]
    ],
    "nodes": [
        3,
        3,
        3
    ],
    "scene": 0
}