{
    "centers": [
        [
            2.1655558454349553,
            8.505386470406957,
            -0.1340149621138178
        ],
        [
            0.9073892189029351,
            -0.7839032798769257,
            -0.15056109285626812
        ],
        [
            7.276419289496527,
            4.279490616495654,
            -0.452490126999904
        ],
        [
            3.529013713946842,
            5.943996071867927,
            -0.1840302101690523
        ],
        [
            -3.752343488415897,
            -2.8802890433107597,
            -0.22529303523307992
        ],
        [
            4.5615632741676,
            -8.84255438787406,
            -0.26500097775621845
        ],
        [
            -2.8499892600320242,
            -8.161267456566417,
            -0.29860132467528455
        ],
        [
            -7.385371084870053,
            -5.450739210159181,
            -0.4093826229749617
        ]
    ],
    "nodes": [
        1,
        3,
        3,
        3,
        3,
        3,
        3,
        3
    ],
    "scene": 3
}