{
    "centers": [
        [
            -9.084169102068401,
            -8.88135905188754,
            -0.3057702574144573
        ],
        [
            -5.145576962414196,
            0.12812283775059718,
            -0.3838682218515006
        ],
        [
            1.204759357829925,
            -3.064495757478647,
            -0.3924750551441177
        ],
        [
            -8.470436926465815,
            -1.3533635520276661,
            -0.18315659522990058
        ],
        [
            7.078569586799986,
            -3.744087099449702,
            -0.31995564291407885
        ]
    ],
    "nodes": [
        3,
        3,
        3,
        3,
        3
    ],
    "scene": 0
}