{
    "centers": [
        [
            -2.1188079557111683,
            4.2327961877242934,
            -0.10879164806656216
        ],
        [
            3.8346828812174216,
            6.392779517399475,
            -0.15846995085140042
        ],
        [
            6.891528035565571,
            7.681056622003869,
            -0.301182971343973
        ],
        [
            -6.169229174171253,
            8.588405772960698,
            -0.4232906681319765
        ],
        [
            -9.780587080439322,
            -1.1749531811877212,
            -0.27957017539009854
        ],
        [
            9.576640929547441,
            -8.252630794563252,
            -0.4068695577613981
        ],
        [
            -7.973317483361944,
            -7.250916502277551,
            -0.14319575985147553
        ]
    ],
    "nodes": [
        1,
        3,
        3,
        3,
        3,
        3,
        3
    ],
    "scene": 3
}