{
    "centers": [
        [
            2.385389673250728,
            4.1973387193660106,
            -0.123614441466956
        ],
        [
            -1.0774483584125676,
            -7.10170915364367,
            -0.479849046431139
        ],
        [
            -4.218587942413052,
            -9.508405607500983,
            -0.3680589768647702
        ],
        [
            3.252817747253122,
            6.43585214319636,
            -0.10784389486131923
        ],
        [
            5.224901942170897,
            -4.144301199864168,
            -0.18561862867688866
        ],
        [
            4.280806786857996,
            0.6806411005441948,
            -0.3785146570218426
        ],
        [
            8.826334707661768,
            5.7873441121755835,
            -0.46624803323861796
        ],
        [
            9.879382770524284,
            -8.239367069097518,
            -0.1838151776820367
        ]
    ],
    "nodes": [
        1,
        3,
        3,
        3,
        3,
        3,
        3,
        3
    ],
    "scene": 3
}