{
    "centers": [
        [
            -6.1901579660734,
            9.517769893382923,
            -0.1857682520406021
        ],
        [
            -9.329451166512934,
            7.240071482718847,
            -0.3675921442586602
        ],
        [
            -0.5864714730110183,
            -6.978729343989503,
            -0.18851957347771742
        ],
        [
            4.955477182550673,
            -2.886313654371695,
            -0.24404090328931116
        ]
    ],
    "nodes": [
        3,
        3,
        3,
        3
    ],
    "scene": 0
}