{
    "centers": [
        [
            4.87709948684595,
            -4.683871555278422,
            -0.2796480352220745
        ],
        [
            6.338582996666975,
            -9.699046482181071,
            -0.39881967799142104
        ],
        [
            1.8809640417355773,
            -0.7381260525471234,
            -0.23523295633414287
        ],
        [
            2.6002965303571948,
            2.991793307065464,
            -0.3596296946907036
        ],
        [
            -3.6813499070561733,
            5.862817751291992,
            -0.4347304221798963
        ]
    ],
    "nodes": [
        3,
        3,
        3,
        3,
        3
    ],
    "scene": 0
}