{
    "centers": [
        [
            8.263664159845028,
            -0.10384243019536754,
            -0.4096158546933944
        ],
        [
            4.626860890611992,
            -6.5415990603079415,
            -0.47560517110986866
        ],
        [
            7.544704450008499,
            -1.3834757404007263,
            -0.4378103189240891
        ]
    ],
    "nodes": [
        3,
        3,
        3
    ],
    "scene": 0
}