{
    "centers": [
        [
            -8.414854722372894,
            -0.3231320526977637,
            -0.2760729506650733
        ],
        [
            -3.3492820562418473,
            -4.903832717790973,
            -0.48394418920788373
        ],
        [
            -4.564111802450492,
            9.079254498508778,
            -0.3728046865736605
        ],
        [
            6.993050070099226,
            4.568532552715222,
            -0.30559531474491086
        ]
    ],
    "nodes": [
        3,
        3,
        3,
        3
    ],
    "scene": 0
}