{
    "centers": [
        [
            -4.024461838146753,
            -6.8812287266415595,
            -0.1592157085246988
        ],
        [
            1.1148558152444359,
            9.889423427834373,
            -0.1705847725688623
        ],
        [
            9.973746108084597,
            8.89019303765268,
            -0.31582786813833924
        ]
    ],
    "nodes": [
        3,
        3,
        3
    ],
    "scene": 0
}