{
    "centers": [
        [
            -1.4259348927450972,
            -2.3696342975880214,
            -0.4358229056604083
        ],
        [
            -0.5480069540641672,
            -0.6411062538992809,
            -0.42736976946470134
        ],
        [
            -4.91368546460432,
            1.0198578568234211,
            -0.4144549084519205
        ],
        [
            -8.855593533245727,
            6.511235701464248,
            -0.12661735394972018
        ]
    ],
    "nodes": [
        3,
        3,
        3,
        3
    ],
    "scene": 0
}