{
    "centers": [
        [
            -0.11753620995753522,
            0.9310862567016684,
            -0.4635733654244702
        ],
        [
            -8.09384606049588,
            -7.587856350065321,
            -0.4494115373029428
        ],
        [
            2.9180561172872856,
            -9.905561315527741,
            -0.3159104786299331
        ],
        [
            -1.6416294456527716,
            -6.4417798280067835,
            -0.33469905104478803
        ],
        [
            1.0766856824398214,
            -2.903265853358037,
            -0.27519270473723545
        ]
    ],
    "nodes": [
        3,
        3,
        3,
        3,
        3
    ],
    "scene": 0
}