{
    "centers": [
        [
            -7.857023643174868,
            1.492591938757231,
            -0.3487234187701065
        ],
        [
            -8.520600011084223,
            -0.07558322144005558,
            -0.3398120742378858
        ],
        [
            -7.1910091158123794,
            -1.496506435949449,
            -0.47750215347939534
        ],
        [
            -2.12292108566166,
            7.064517739700236,
            -0.1310769302178174
        ]
    ],
    "nodes": [
        3,
        3,
        3,
        3
    ],
    "scene": 0
}