{
    "centers": [
        [
            1.4982017910325816,
            5.128796456697781,
            -0.17127103835908564
        ],
        [
            7.176231067331763,
            -4.568090905848871,
            -0.2590316551913804
        ],
        [
            -9.789557483602913,
            2.446967967340676,
            -0.12178863222111525
        ],
        [
            -0.17493475745828313,
            -5.64212438196773,
            -0.39509462995058886
        ],
        [
            -4.689993717884297,
            6.3240235529513384,
            -0.3654806124066252
        ]
    ],
    "nodes": [
        3,
        3,
        3,
        3,
        3
    ],
    "scene": 0
}