{
    "centers": [
        [
            -9.29410108080194,
            -5.634163992956744,
            -0.18135675678614427
        ],
        [
            -3.5721516279103493,
            -7.230335435208675,
            -0.17558790477029684
        ],
        [
            -8.171369461042088,
            0.7152832531033724,
            -0.2783356844130617
        ],
        [
            0.9527173230696668,
            3.775262052101535,
            -0.24413427043646735
        ]
    ],
    "nodes": [
        3,
        3,
        3,
        3
    ],
    "scene": 0
}