{
    "centers": [
        [
            7.269032910381142,
            1.661270331486385,
            -0.43914562546636476
        ],
        [
            4.162872753838553,
            -6.836206136192715,
            -0.3333864068258039
        ],
        [
            -5.916963263565965,
            -4.481693624439512,
            -0.34801402708443174
        ],
        [
            0.9520865308912203,
            -5.257479464250108,
            -0.3765012815997618
        ],
        [
            -2.296065924890063,
            5.343743264039073,
            -0.49178253150397144
        ],
        [
            -9.177915435702637,
            3.0142030944462164,
            -0.4607549760414945
        ],
        [
            0.03134963752304998,
            -2.203708462058465,
            -0.14756440449718544
        ]
    ],
    "nodes": [
        0,
        0,
        1,
        3,
        3,
        3,
        3
    ],
    "scene": 4
}