{
    "centers": [
        [
            -0.8176661280735171,
            1.6275740527465459,
            -0.33387001903559893
        ],
        [
            -6.3945317328177325,
            7.928472583653338,
            -0.10902846150958345
        ],
        [
            -4.6243622776647,
            -4.448774742296761,
            -0.43095523361763055
        ],
        [
            8.487409571138954,
            4.286552182258788,
            -0.47146225530210273
        ]
    ],
    "nodes": [
        0,
        0,
        3,
        3
    ],
    "scene": 4
}