{
    "centers": [
        [
            -4.008766141033622,
            -0.9260528992872175,
            -0.16011605169045506
        ],
        [
            -2.1583452343496967,
            6.549999186540791,
            -0.377354084099861
        ],
        [
            5.441168514746376,
            8.501999634512831,
            -0.1577274715248438
        ]
    ],
    "nodes": [
        3,
        3,
        3
    ],
    "scene": 0
}