{
    "centers": [
        [
            -3.363440631490162,
            8.162689227330805,
            -0.18503325255124142
        ],
        [
            4.935899834988536,
            8.888157968172859,
            -0.22996685566010994
        ],
        [
            5.634655963786733,
            4.516019147270622,
            -0.39478596824704354
        ],
        [
            -5.032990062063753,
            9.64277143932965,
            -0.2531643937911896
        ]
    ],
    "nodes": [
        3,
        3,
        3,
        3
    ],
    "scene": 0
}