{
    "centers": [
        [
            6.449275775356583,
            -5.362706804512925,
            -0.29774906069147694
        ],
        [
            -4.4062111385819485,
            0.057746248211085316,
            -0.3941400641738018
        ],
        [
            -3.6936494279417946,
            7.856395880791659,
            -0.2636661606593981
        ],
        [
            -9.212543098290663,
            0.7923214175793891,
            -0.1688944772071918
        ]
    ],
    "nodes": [
        3,
        3,
        3,
        3
    ],
    "scene": 0
}