{
    "centers": [
        [
            -5.992183366026069,
            -6.446492361447356,
            -0.21358767519832528
        ],
        [
            9.91677295479381,
            1.3337318816263455,
            -0.4299070044217002
        ],
        [
            1.7957541875831424,
            -0.4562863209176058,
            -0.1907058713471782
        ]
    ],
    "nodes": [
        0,
        3,
        3
    ],
    "scene": 4
}