{
    "centers": [
        [
            -0.8726111523534659,
            -1.414304499057124,
            -0.14984692543701472
        ]
    ],
    "nodes": [
        0
    ],
    "scene": 4
}