{
    "centers": [
        [
            -9.150886766105854,
            -9.942037325160513,
            -0.38464843078273214
        ],
        [
            7.370637106754934,
            4.9040077172791126,
            -0.2949271151539065
        ],
        [
            -5.412788247866869,
            -3.8862406105315017,
            -0.21331296282526352
        ],
        [
            -4.635123000795909,
            -0.5240124830857429,
            -0.35794749442295914
        ],
        [
            -7.703428211444859,
            -8.131872129891898,
            -0.3690738086252953
        ]
    ],
    "nodes": [
        0,
        3,
        3,
        3,
        3
    ],
    "scene": 4
}