{
    "centers": [
        [
            2.7893787859674486,
            -1.5813321534598153,
            -0.22650605572212001
        ],
        [
            1.2523960847016724,
            -0.08028241625044075,
            -0.3269462018632713
        ],
        [
            5.33974878980667,
            3.6838677678102965,
            -0.3065113130282141
        ],
        [
            0.16586517808950418,
            -4.265609350158542,
            -0.3475425460810068
        ],
        [
            9.792119788854944,
            -5.75452923554322,
            -0.1290124346358365
        ]
    ],
    "nodes": [
        3,
        3,
        3,
        3,
        3
    ],
    "scene": 0
}