{
    "centers": [
        [
            -1.821952103979669,
            -9.439983674259668,
            -0.4879418890399364
        ],
        [
            1.4750844841241335,
            -6.536882920359465,
            -0.37290277654644144
        ],
        [
            -9.63085709032374,
            -3.87190785547717,
            -0.15796146587147708
        ]
    ],
    "nodes": [
        3,
        3,
        3
    ],
    "scene": 0
}