{
    "centers": [
        [
            0.7274163235626645,
            -5.6505820617234175,
            -0.46136633243541864
        ],
        [
            6.908104058308467,
            0.44589728410603513,
            -0.17661501205928942
        ],
        [
            9.848336229704678,
            -7.351961471736461,
            -0.20392955932634071
        ]
    ],
    "nodes": [
        3,
        3,
        3
    ],
    "scene": 0
}