{
    "centers": [
        [
            8.130124720670512,
            -0.5537444402858132,
            -0.32816065901921676
        ],
        [
            -6.441394834437258,
            -4.974834524513101,
            -0.3331078238676177
        ],
        [
            5.687050205822191,
            -1.3205281478520714,
            -0.22708076595750964
        ]
    ],
    "nodes": [
        3,
        3,
        3
    ],
    "scene": 0
}