{
    "centers": [
        [
            6.816668603861345,
            -0.3287102457792397,
            -0.447064832283468
        ],
        [
            -5.310650115716049,
            4.317860888393154,
            -0.17433029425825514
        ]
    ],
    "nodes": [
        0,
        0
    ],
    "scene": 4
}