{
    "centers": [
        [
            -8.561871281749994,
            -7.6551605653021575,
            -0.3460446100568553
        ],
        [
            4.140630662737051,
            1.2941000457263137,
            -0.2840982065725017
        ],
        [
            7.061261772695985,
            -3.918938735262161,
            -0.12094205407787734
        ],
        [
            -0.983604993364338,
            5.197023448739904,
            -0.21777139645327753
        ],
        [
            5.916341841984064,
            -0.8816761825526154,
            -0.17498352398166084
        ]
    ],
    "nodes": [
        0,
        0,
        3,
        3,
        3
    ],
    "scene": 4
}