{
    "centers": [
        [
            -1.560001416922848,
            3.8292187677028178,
            -0.13095791014084524
        ],
        [
            3.6983746650225413,
            -0.8211894019885229,
            -0.2922914252393395
        ],
        [
            -5.623990924243434,
            7.72771660240473,
            -0.21780205685366066
        ],
        [
            -9.781728769106985,
            -5.047306531730522,
            -0.22839564065534418
        ]
    ],
    "nodes": [
        3,
        3,
        3,
        3
    ],
    "scene": 0
}