{
    "centers": [
        [
            6.573665552926997,
            7.428386961438385,
            -0.2445438542043626
        ],
        [
            4.3244290978100235,
            4.046981391460324,
            -0.1330960410520487
        ],
        [
            2.430280206355482,
            9.599245742399678,
            -0.42521781695356264
        ],
        [
            -3.4220832130635763,
            5.341587313076415,
            -0.24110206111601523
        ],
        [
            8.632948095736413,
            -8.826902863436715,
            -0.2966846667180424
        ]
    ],
    "nodes": [
        0,
        3,
        3,
        3,
        3
    ],
    "scene": 4
}