{
    "centers": [
        [
            -5.890743364784181,
            9.559118568117125,
            -0.4307943621855315
        ],
        [
            -9.278453603293144,
            -0.26529226395091854,
            -0.28727805104301596
        ],
        [
            -1.4247966930127127,
            1.999765774843345,
            -0.49641893384464286
        ],
        [
            1.1658076128971224,
            -5.594927620957932,
            -0.17028360434453726
        ]
    ],
    "nodes": [
        0,
        0,
        3,
        3
    ],
    "scene": 4
}