{
    "centers": [
        [
            -1.4613730922897883,
            -6.675909483815749,
            -0.14792191758109374
        ],
        [
            -7.044753835468846,
            4.904725238645675,
            -0.43554781284516964
        ],
        [
            6.696887827800907,
            9.158826438442663,
            -0.24693371687603693
        ],
        [
            5.862045913580257,
            -4.250303010485716,
            -0.12236281867136017
        ],
        [
            1.2877870581636621,
            -5.49589811789069,
            -0.465631607984042
        ],
        [
            -4.679661751535418,
            0.6212344482100658,
            -0.2964064111776469
        ]
    ],
    "nodes": [
        2,
        2,
        3,
        3,
        3,
        3
    ],
    "scene": 5
}