{
    "centers": [
        [
            -2.389659550634673,
            -5.546006615738415,
            -0.48617382086141203
        ],
        [
            -9.225233078297755,
            1.033161935736885,
            -0.36604295792023467
        ],
        [
            5.750333623280957,
            4.230065747676084,
            -0.23314418227329187
        ],
        [
            8.795687446024925,
            7.496011672072637,
            -0.11183314651415
        ],
        [
            -3.745980998136387,
            -3.5546587577573385,
            -0.435633694440287
        ]
    ],
    "nodes": [
        2,
        2,
        2,
        3,
        3
    ],
    "scene": 5
}