{
    "centers": [
        [
            -3.555699900248057,
            -6.325800397210244,
            -0.28234351863230195
        ],
        [
            -2.401807887255238,
            3.0409157906543562,
            -0.38767919294036424
        ],
        [
            4.22904455940788,
            9.494139539594265,
            -0.3387603030577157
        ],
        [
            -6.231353034791489,
            7.113244479218967,
            -0.25961810182717304
        ],
        [
            -4.174662724768046,
            -1.186484842846781,
            -0.18752855285540737
        ]
    ],
    "nodes": [
        2,
        2,
        2,
        3,
        3
    ],
    "scene": 5
}