{
    "centers": [
        [
            2.881073705211607,
            4.884752113967997,
            -0.35102989752882285
        ],
        [
            -2.8607818545376578,
            -3.598806598080591,
            -0.3966166840540065
        ],
        [
            7.7189319547910245,
            2.7926333388317186,
            -0.3340392530773464
        ],
        [
            -5.250714010357229,
            0.6053033530224976,
            -0.3415131483944895
        ]
    ],
    "nodes": [
        1,
        2,
        3,
        3
    ],
    "scene": 5
}