{
    "centers": [
        [
            0.26748018905611204,
            -3.8353421086313784,
            -0.4230068482181436
        ],
        [
            -4.7693361864503725,
            -5.583149253767736,
            -0.4447017564923198
        ],
        [
            7.7639524935158875,
            4.788409660321831,
            -0.18978986859004487
        ]
    ],
    "nodes": [
        2,
        2,
        3
    ],
    "scene": 5
}