{
    "centers": [
        [
            0.8543809908810722,
            6.216662816913338,
            -0.40639658279138324
        ],
        [
            -6.67967286739624,
            -3.60204733710437,
            -0.4857737208039424
        ],
        [
            -3.5212027109197397,
            -7.534517566731713,
            -0.34927876098402955
        ],
        [
            0.09528509289363996,
            -5.875191736349223,
            -0.45903524209358365
        ]
    ],
    "nodes": [
        2,
        2,
        3,
        3
    ],
    "scene": 5
}