{
    "centers": [
        [
            6.058204502552869,
            1.145543378693505,
            -0.2774351255020143
        ],
        [
            7.243461658254887,
            -4.763401163906429,
            -0.2671496854546096
        ],
        [
            2.268360494860371,
            3.3705402191872924,
            -0.12007925271156983
        ]
    ],
    "nodes": [
        2,
        3,
        3
    ],
    "scene": 5
}