{
    "centers": [
        [
            6.319774193071975,
            -0.9441594326330822,
            -0.26604161890339384
        ],
        [
            -3.2484968168425095,
            -5.175055399942083,
            -0.21400849543328976
        ],
        [
            3.3191223825084197,
            4.98597868715561,
            -0.1994789135288585
        ]
    ],
    "nodes": [
        2,
        2,
        3
    ],
    "scene": 5
}