{
    "centers": [
        [
            8.654242522898382,
            4.50328994258464,
            -0.4833521165367729
        ],
        [
            -2.6870625890606625,
            7.20502640751954,
            -0.10668984590316927
        ],
        [
            3.1974670994066763,
            -0.2165895890194065,
            -0.12418070423154409
        ],
        [
            1.5407169952051945,
            9.028425102668443,
            -0.3693551410453415
        ],
        [
            -9.33097969938846,
            -9.397309847688334,
            -0.3679514463964259
        ],
        [
            7.05772879571494,
            6.065396726294683,
            -0.42915231112964325
        ],
        [
            9.536983875479706,
            -2.222608677467985,
            -0.14791918408091131
        ]
    ],
    "nodes": [
        1,
        2,
        2,
        2,
        3,
        3,
        3
    ],
    "scene": 5
}