{
    "centers": [
        [
            -8.260531858403947,
            5.916553347037928,
            -0.482778175598933
        ],
        [
            -6.087263838164763,
            8.691846814271955,
            -0.42102782139016737
        ],
        [
            9.092537237818107,
            -1.5375664273656362,
            -0.11884647526917663
        ],
        [
            -4.241640819122734,
            -7.52512221602621,
            -0.2136820329924053
        ],
        [
            0.7899392268772445,
            -9.810106592303834,
            -0.20020175701065018
        ],
        [
            -5.287808491552484,
            -6.534773465888333,
            -0.3806574424941002
        ]
    ],
    "nodes": [
        1,
        2,
        2,
        3,
        3,
        3
    ],
    "scene": 5
}