{
    "centers": [
        [
            -4.186107644161153,
            5.216695315531929,
            -0.14825775881725062
        ],
        [
            4.890851555564913,
            1.6093435300631338,
            -0.1070591694843363
        ],
        [
            -6.687899976792586,
            -4.960638664545012,
            -0.38228531016809136
        ]
    ],
    "nodes": [
        2,
        2,
        2
    ],
    "scene": 5
}