{
    "centers": [
        [
            3.688553740512308,
            8.878549730876543,
            -0.33222585693527223
        ],
        [
            -8.750451361100065,
            -3.817529764891116,
            -0.22769136736395607
        ],
        [
            -0.19257233972492926,
            7.304565926892884,
            -0.49335479731799653
        ]
    ],
    "nodes": [
        2,
        3,
        3
    ],
    "scene": 5
}