{
    "centers": [
        [
            -1.8360703146390893,
            7.700743432582719,
            -0.36260648282851315
        ],
        [
            6.162775854270318,
            0.8601559535620353,
            -0.23164756886481347
        ],
        [
            -5.549075164254226,
            -7.631644905740029,
            -0.12308244108529504
        ],
        [
            -0.26693470467990643,
            -4.831465097814853,
            -0.34313612583284847
        ],
        [
            7.0534054439798695,
            -1.8510959949688122,
            -0.22649770145707576
        ],
        [
            5.19138155576038,
            -2.6033927696209265,
            -0.36374048728146857
        ]
    ],
    "nodes": [
        2,
        2,
        3,
        3,
        3,
        3
    ],
    "scene": 5
}