{
    "centers": [
        [
            -7.308725009602368,
            -1.9273802835069667,
            -0.458370688381813
        ],
        [
            5.361453848511033,
            2.8929019755384715,
            -0.39572218081655136
        ],
        [
            -8.969835970842212,
            0.07935257911291949,
            -0.3012783924459568
        ],
        [
            3.4000080448343013,
            -7.687789762078738,
            -0.285950545923945
        ]
    ],
    "nodes": [
        1,
        2,
        3,
        3
    ],
    "scene": 5
}