{
    "centers": [
        [
            -7.834068501932164,
            0.467709224350088,
            -0.38218986046771086
        ],
        [
            2.4600068921867866,
            6.8243045554943365,
            -0.29901593168083085
        ],
        [
            -8.64168149456129,
            -1.3674730446468413,
            -0.4672549686999411
        ],
        [
            9.01192663196474,
            3.124351981612854,
            -0.43447461448880775
        ],
        [
            4.2164753402796755,
            -4.448592976185138,
            -0.14543942117402947
        ],
        [
            -2.245915531310361,
            -6.262349519354091,
            -0.2930352452309734
        ],
        [
            -9.527052027651546,
            9.709993732946213,
            -0.17082953350249208
        ]
    ],
    "nodes": [
        2,
        2,
        2,
        3,
        3,
        3,
        3
    ],
    "scene": 5
}