{
    "centers": [
        [
            -9.952284530833786,
            -4.299678130076319,
            -0.3620985241134302
        ],
        [
            -1.4977225361738213,
            5.284198666839881,
            -0.25350059803752034
        ],
        [
            -2.9053709612951746,
            7.814848453410164,
            -0.362320785548261
        ],
        [
            9.348347349399994,
            -1.5715115409241331,
            -0.42855029426248964
        ],
        [
            4.027404539334212,
            -6.478397659709525,
            -0.30128905413217455
        ],
        [
            0.29065400640784844,
            -7.877677978276307,
            -0.20732228028107813
        ],
        [
            8.214939650023794,
            9.421312538983582,
            -0.4845384707503425
        ]
    ],
    "nodes": [
        1,
        2,
        2,
        2,
        3,
        3,
        3
    ],
    "scene": 5
}