{
    "centers": [
        [
            9.18838948075894,
            -5.328223059448625,
            -0.1778274745068919
        ],
        [
            -4.977126011130302,
            3.6188422435679097,
            -0.30242353656235943
        ]
    ],
    "nodes": [
        2,
        3
    ],
    "scene": 5
}