{
    "centers": [
        [
            0.5248653921505912,
            -7.687253513987882,
            -0.31138298243206963
        ],
        [
            -4.856339437122374,
            1.6328396527168074,
            -0.2319088545329473
        ],
        [
            -4.200020235420401,
            -4.215109604329276,
            -0.4394161829207779
        ],
        [
            -2.256832245609064,
            -9.402156028454021,
            -0.4558490027089789
        ],
        [
            -1.6060402965012734,
            -6.122524508022771,
            -0.4979273264879705
        ],
        [
            7.067405511306674,
            -0.42379584283120053,
            -0.2916336487323494
        ]
    ],
    "nodes": [
        1,
        2,
        3,
        3,
        3,
        3
    ],
    "scene": 5
}