{
    "centers": [
        [
            -7.708935344529239,
            7.2137366509647975,
            -0.23358702265470943
        ],
        [
            -0.6986897666832821,
            -1.9475244145693793,
            -0.3344296179785138
        ],
        [
            -5.979875022027816,
            3.990442965615067,
            -0.21575507726832505
        ],
        [
            5.2423533945976395,
            8.803574175912857,
            -0.2647137154924889
        ],
        [
            -6.77095169049708,
            -0.3752117898025009,
            -0.11191544029930012
        ],
        [
            -8.739488899832393,
            5.34644745901157,
            -0.22967217221228503
        ],
        [
            -3.053470122689914,
            -5.008174993469503,
            -0.44729745510406144
        ]
    ],
    "nodes": [
        1,
        2,
        2,
        2,
        3,
        3,
        3
    ],
    "scene": 5
}