{
    "centers": [
        [
            -7.089922420868049,
            -1.3472824570709427,
            -0.25120059752066215
        ],
        [
            2.4516455791090763,
            -5.536539697929226,
            -0.30420316760311583
        ],
        [
            5.413487590605188,
            6.361150547230999,
            -0.16863426043238955
        ],
        [
            -5.522441479287461,
            -0.1351320697758922,
            -0.45902257200781127
        ],
        [
            -3.678572943182548,
            -3.3015150289434185,
            -0.26438779734672246
        ],
        [
            8.14445092297343,
            3.747635187805349,
            -0.23198118454927397
        ],
        [
            -1.1323085294807704,
            0.8969840038276828,
            -0.3827608187208729
        ],
        [
            3.226733045524014,
            -8.44276224410086,
            -0.4787112430271022
        ]
    ],
    "nodes": [
        1,
        2,
        2,
        2,
        3,
        3,
        3,
        3
    ],
    "scene": 5
}