{
    "centers": [
        [
            -2.8200598036503877,
            5.869118874473278,
            -0.4545785815928807
        ],
        [
            8.178525517399915,
            -3.9612811090394517,
            -0.29967999236063786
        ]
    ],
    "nodes": [
        1,
        2
    ],
    "scene": 5
}