{
    "centers": [
        [
            4.135684203386765,
            4.353512631453459,
            -0.4807304512550676
        ],
        [
            6.23869064054718,
            -8.607004289487396,
            -0.1855593058855644
        ]
    ],
    "nodes": [
        2,
        2
    ],
    "scene": 5
}