{
    "centers": [
        [
            -1.8023048042417216,
            -6.191596158798345,
            -0.35304331955660756
        ],
        [
            -5.094373621458869,
            1.7776322968773517,
            -0.2842892733220187
        ],
        [
            1.7702323001900684,
            3.793249026692598,
            -0.12054730815868614
        ],
        [
            6.5203167256025765,
            6.518916680969301,
            -0.41114932433598367
        ],
        [
            -4.1547639290802,
            -2.7359516258398253,
            -0.10963040536354579
        ]
    ],
    "nodes": [
        1,
        2,
        3,
        3,
        3
    ],
    "scene": 5
}