{
    "centers": [
        [
            -7.990774832624938,
            -5.908322193905862,
            -0.2513212540953358
        ],
        [
            4.458487776384379,
            3.7287595460893623,
            -0.3121984468764807
        ],
        [
            -5.4840952862311365,
            -4.067337215206111,
            -0.39855406185901265
        ],
        [
            -0.6304734104959628,
            -0.277651249818053,
            -0.33681307323295434
        ],
        [
            -7.209370958116144,
            -2.6869112075910735,
            -0.39149284584658106
        ],
        [
            9.93034495315522,
            1.0555596033195513,
            -0.2510472682041154
        ]
    ],
    "nodes": [
        1,
        2,
        2,
        2,
        3,
        3
    ],
    "scene": 5
}