{
    "centers": [
        [
            5.07084933877546,
            6.688620513855167,
            -0.1381024298419804
        ]
    ],
    "nodes": [
        2
    ],
    "scene": 5
}