{
    "centers": [
        [
            0.8201456654076154,
            -4.881796023400893,
            -0.12583920213593786
        ],
        [
            -3.6931901192211143,
            1.7412217926486058,
            -0.40471620921342477
        ],
        [
            1.6500080643348074,
            -1.0345188667447758,
            -0.35587602994650647
        ],
        [
            4.875985995032728,
            -8.820545851955178,
            -0.16485449312783257
        ],
        [
            3.797742856324417,
            2.7879759608886303,
            -0.18777707454852072
        ]
    ],
    "nodes": [
        2,
        2,
        2,
        3,
        3
    ],
    "scene": 5
}