{
    "centers": [
        [
            -1.9414107671837613,
            4.92790001833189,
            -0.1250072846401482
        ],
        [
            -4.257640419087552,
            8.007866859371216,
            -0.21786998763841448
        ],
        [
            2.0704417844098604,
            -5.230756141901058,
            -0.4117839838920754
        ],
        [
            9.5648872702685,
            2.2028183153520864,
            -0.4341603884473033
        ],
        [
            -9.485672058351646,
            -7.424439994830818,
            -0.2670947105725139
        ],
        [
            1.080114719809842,
            -9.467616470727055,
            -0.35712991470047495
        ]
    ],
    "nodes": [
        1,
        2,
        2,
        2,
        3,
        3
    ],
    "scene": 5
}