{
    "centers": [
        [
            4.486177945509368,
            -2.7767824766926497,
            -0.2997009711060892
        ],
        [
            5.951420196070504,
            1.828923315964154,
            -0.1899046157623553
        ],
        [
            9.752485383355825,
            6.179675640547579,
            -0.12467261581209738
        ],
        [
            -0.25023729449791965,
            -6.828770072725947,
            -0.2222679440836351
        ],
        [
            8.079163572063027,
            8.810026069835736,
            -0.40402866871426724
        ],
        [
            0.9727115986718502,
            -9.561208117478587,
            -0.45938366267958464
        ]
    ],
    "nodes": [
        1,
        2,
        3,
        3,
        3,
        3
    ],
    "scene": 5
}