{
    "centers": [
        [
            -0.41802506978380016,
            3.802021354182635,
            -0.25954357390175187
        ],
        [
            -5.269915507167111,
            7.701424069047288,
            -0.49030987662164216
        ],
        [
            2.4630287524237264,
            -3.787285792838131,
            -0.1021049403351782
        ]
    ],
    "nodes": [
        2,
        2,
        3
    ],
    "scene": 5
}