{
    "centers": [
        [
            4.8202729216009015,
            6.770942863089235,
            -0.22340916961970014
        ],
        [
            2.1284254300239915,
            -9.861926187929592,
            -0.3313027331817118
        ],
        [
            0.349966384318261,
            -6.188226946634943,
            -0.36573703341497094
        ],
        [
            6.783434483104539,
            1.8230688125900425,
            -0.31681571946995585
        ],
        [
            -8.82500260235837,
            5.587875727423228,
            -0.18628427080920035
        ]
    ],
    "nodes": [
        2,
        3,
        3,
        3,
        3
    ],
    "scene": 5
}