{
    "centers": [
        [
            3.5132042836257718,
            9.000707502496606,
            -0.43896597243474733
        ],
        [
            4.797473102190164,
            -2.461171821501247,
            -0.27191299102141964
        ],
        [
            2.911234115188858,
            -9.392800470282348,
            -0.3080134568610844
        ]
    ],
    "nodes": [
        2,
        3,
        3
    ],
    "scene": 5
}