{
    "centers": [
        [
            -9.340620820662481,
            -6.25564531025436,
            -0.3514189701633387
        ],
        [
            -7.76802122649107,
            1.2351296229386257,
            -0.3694319556298683
        ],
        [
            0.5333258522294404,
            -8.199054448131475,
            -0.45313678108049726
        ],
        [
            4.412174903292126,
            4.420622396503067,
            -0.4701822502358322
        ],
        [
            9.596078601625802,
            -0.9392535381040723,
            -0.31402329197503176
        ],
        [
            -1.069107192112801,
            -2.670858637108749,
            -0.24743627381485817
        ]
    ],
    "nodes": [
        1,
        2,
        2,
        3,
        3,
        3
    ],
    "scene": 5
}