{
    "centers": [
        [
            -9.192784650367757,
            8.897895154758686,
            -0.3829167538962192
        ],
        [
            8.655899645494795,
            2.526874416568303,
            -0.22779993983292496
        ],
        [
            4.733746098518514,
            5.007900485454126,
            -0.1905066594285298
        ],
        [
            7.950757364511855,
            8.192117782214165,
            -0.2488203557825001
        ],
        [
            6.042293443016682,
            -8.32716937532544,
            -0.12413565219221101
        ],
        [
            9.804466853267733,
            -9.435320120586688,
            -0.47290365616346597
        ],
        [
            -3.773918319898053,
            -5.6586986725946105,
            -0.3768587515474925
        ]
    ],
    "nodes": [
        1,
        2,
        2,
        3,
        3,
        3,
        3
    ],
    "scene": 5
}