{
    "centers": [
        [
            6.3867513547710395,
            2.83678873719664,
            -0.12810216917480272
        ],
        [
            7.0892263473988955,
            -8.118465181940678,
            -0.34871139564315723
        ],
        [
            -6.6508622024849124,
            1.1340781488780376,
            -0.36757513437097866
        ],
        [
            2.4842814633240664,
            -0.5864223125887058,
            -0.36667544486235015
        ],
        [
            -8.618204062326944,
            4.207735680865687,
            -0.22741710515611996
        ],
        [
            4.911687114341943,
            -4.840983126593297,
            -0.40246234101852657
        ]
    ],
    "nodes": [
        2,
        2,
        2,
        3,
        3,
        3
    ],
    "scene": 5
}