{
    "centers": [
        [
            0.3045403986452797,
            9.136937554952663,
            -0.45728917434213817
        ],
        [
            4.350455457434428,
            -5.50054995499144,
            -0.4179298512531488
        ],
        [
            8.264843065136741,
            -6.533788228668877,
            -0.25343817670102625
        ],
        [
            -8.83569550394271,
            0.6633059564905288,
            -0.24053151758661123
        ]
    ],
    "nodes": [
        1,
        2,
        3,
        3
    ],
    "scene": 5
}