{
    "centers": [
        [
            8.007714610138216,
            3.3663305252592046,
            -0.27509563609638965
        ],
        [
            -6.802892114443142,
            -8.750346841997684,
            -0.18539045109546431
        ],
        [
            1.1252117433227777,
            8.83714274885573,
            -0.317926546974338
        ],
        [
            7.2545710096722225,
            -2.715571774498315,
            -0.1457256245223542
        ],
        [
            -7.799569182312698,
            -6.173446940969289,
            -0.44300117914659637
        ]
    ],
    "nodes": [
        2,
        2,
        3,
        3,
        3
    ],
    "scene": 5
}