{
    "centers": [
        [
            9.278192863530801,
            4.653606532860088,
            -0.20587969750601387
        ],
        [
            3.9174950068872576,
            8.50256703393886,
            -0.35208779570511595
        ],
        [
            -2.3462849426837824,
            -1.9218153631655213,
            -0.28438591872427804
        ],
        [
            6.952698237434415,
            2.2835563394076352,
            -0.2302389459910672
        ]
    ],
    "nodes": [
        1,
        2,
        2,
        2
    ],
    "scene": 5
}