{
    "centers": [
        [
            0.16308522201932796,
            -2.1514170869511284,
            -0.11252738153207487
        ],
        [
            7.351153703152985,
            7.854704324684981,
            -0.415641412732989
        ]
    ],
    "nodes": [
        2,
        2
    ],
    "scene": 5
}