{
    "centers": [
        [
            -8.98124976223313,
            9.159454153417645,
            -0.29478917537952776
        ],
        [
            -3.0615647288195085,
            1.8893741308643968,
            -0.25079370495188225
        ],
        [
            -1.6713755841721234,
            5.7067001805192845,
            -0.18435470878418836
        ],
        [
            3.5086220156695465,
            -4.939788742719919,
            -0.23231228247819385
        ],
        [
            8.239455054129007,
            -6.232215604992952,
            -0.2553458169529318
        ],
        [
            4.825639895886134,
            -2.5863725913264357,
            -0.47322422901581157
        ]
    ],
    "nodes": [
        2,
        2,
        2,
        3,
        3,
        3
    ],
    "scene": 5
}