{
    "centers": [
        [
            4.423432650656643,
            2.0589445131015527,
            -0.49271349221312916
        ],
        [
            7.988112471679109,
            8.650582840930163,
            -0.3904413427344763
        ],
        [
            9.965843064010148,
            0.996337218657029,
            -0.49610662232241937
        ],
        [
            -1.7191292268598968,
            3.7210371020612047,
            -0.29504602014742803
        ]
    ],
    "nodes": [
        2,
        2,
        3,
        3
    ],
    "scene": 5
}