{
    "centers": [
        [
            -2.316439596723181,
            -1.7706957710767295,
            -0.4415455123116337
        ],
        [
            -0.6333522830790717,
            -8.759378966552658,
            -0.4479572731466869
        ],
        [
            -4.654719478967245,
            -5.992353008457874,
            -0.41496843893994156
        ],
        [
            4.818545596787782,
            -4.181419621126592,
            -0.11151052788896054
        ],
        [
            -8.297418344036823,
            9.959758980166121,
            -0.32428112662392494
        ]
    ],
    "nodes": [
        2,
        3,
        3,
        3,
        3
    ],
    "scene": 5
}