{
    "centers": [
        [
            7.96862733017268,
            -7.876240158746246,
            -0.4003363782893916
        ],
        [
            9.782872973987487,
            -4.037611660918195,
            -0.2724462048198275
        ],
        [
            2.762599474403258,
            3.960787939219898,
            -0.26507872621830797
        ],
        [
            -7.899267294198971,
            -0.24665034360507576,
            -0.17296614900446594
        ],
        [
            2.0029915154326634,
            8.120229043475543,
            -0.24696310078029282
        ],
        [
            5.056956604138733,
            -6.210609555470357,
            -0.33883298233259723
        ],
        [
            -2.7091527034772733,
            -9.181640919161387,
            -0.3430344009376264
        ]
    ],
    "nodes": [
        1,
        2,
        2,
        2,
        3,
        3,
        3
    ],
    "scene": 5
}