{
    "centers": [
        [
            2.913873697094111,
            -5.014189610871595,
            -0.38129380642870714
        ],
        [
            -9.73686604567115,
            7.426662977219177,
            -0.35802688048751974
        ],
        [
            -8.478779271745662,
            9.247100364797681,
            -0.2657906287847162
        ],
        [
            5.17009961006873,
            5.1896387945441536,
            -0.15051400219995792
        ],
        [
            -1.6229133322736917,
            6.270462052387337,
            -0.2126043049519455
        ]
    ],
    "nodes": [
        2,
        3,
        3,
        3,
        3
    ],
    "scene": 5
}