{
    "centers": [
        [
            7.53642720370355,
            6.948369499647992,
            -0.4789210754165397
        ],
        [
            0.7665630179784806,
            -7.04068495082516,
            -0.13178716993163975
        ],
        [
            -2.103592856919092,
            1.1123234568639884,
            -0.10137503347446886
        ],
        [
            -6.551313485291537,
            -9.123148757639697,
            -0.1805613418146454
        ],
        [
            -5.244678830612179,
            -2.3482553103809938,
            -0.21291479334668684
        ]
    ],
    "nodes": [
        2,
        2,
        2,
        3,
        3
    ],
    "scene": 5
}