{
    "centers": [
        [
            -9.422460110712214,
            -8.12755223402018,
            -0.29217777819489066
        ],
        [
            -7.57237821120921,
            8.981585590649136,
            -0.46350915385958097
        ]
    ],
    "nodes": [
        2,
        2
    ],
    "scene": 5
}