{
    "centers": [
        [
            -9.113165994287142,
            7.229997465126608,
            -0.45117637439755154
        ],
        [
            9.532108271059382,
            1.522892810147292,
            -0.35810592522390994
        ],
        [
            -5.0358792014705305,
            -5.223465089713326,
            -0.4434229961588775
        ],
        [
            0.8027184799464528,
            8.39041184373961,
            -0.20795493754709032
        ],
        [
            6.744840217076277,
            -9.248749775061091,
            -0.3815541139599128
        ],
        [
            -5.867164580357622,
            -6.900774217675247,
            -0.2608217285978036
        ],
        [
            -1.402747207859008,
            -8.518431380058786,
            -0.17666764825780412
        ]
    ],
    "nodes": [
        1,
        2,
        2,
        2,
        3,
        3,
        3
    ],
    "scene": 5
}