{
    "centers": [
        [
            0.11520435541335416,
            7.616627987103449,
            -0.3384353865432186
        ],
        [
            -0.6593290075580782,
            2.1290118209520177,
            -0.13454148924996961
        ],
        [
            -5.587200016139633,
            8.45798166837072,
            -0.4721694746622124
        ],
        [
            -4.265759607929295,
            -8.686538950299083,
            -0.28414942564331225
        ]
    ],
    "nodes": [
        1,
        2,
        3,
        3
    ],
    "scene": 5
}