{
    "centers": [
        [
            4.484265496466296,
            -0.039861780474311104,
            -0.17572584530894225
        ],
        [
            -6.188170894501653,
            1.7650364569651522,
            -0.48337089734264543
        ],
        [
            -5.400900702927476,
            3.1865322410400854,
            -0.4652374936309265
        ],
        [
            -8.369428120021214,
            9.08450033691696,
            -0.10980605328226123
        ]
    ],
    "nodes": [
        1,
        2,
        3,
        3
    ],
    "scene": 5
}