{
    "centers": [
        [
            7.7576307234892,
            -0.1255340919713639,
            -0.22363905898454967
        ],
        [
            -4.821781816054247,
            6.337777520483716,
            -0.11084582820168382
        ],
        [
            -6.2176416383307265,
            -9.769280394911515,
            -0.29651715975730075
        ],
        [
            -5.48246397404273,
            -5.993534094217674,
            -0.1815462838956311
        ],
        [
            0.9647608864769186,
            4.823585309763871,
            -0.38189491305946593
        ],
        [
            -0.29841740789235516,
            -7.747972091847368,
            -0.1744933019295966
        ]
    ],
    "nodes": [
        1,
        2,
        2,
        3,
        3,
        3
    ],
    "scene": 5
}