{
    "centers": [
        [
            -1.878075494212725,
            -5.870868774146953,
            -0.3807689517059648
        ],
        [
            -8.889586669800352,
            -8.02251145396788,
            -0.1890359087782319
        ]
    ],
    "nodes": [
        1,
        2
    ],
    "scene": 5
}