{
    "centers": [
        [
            1.0903578324264593,
            -4.6458102304495,
            -0.2049840297821991
        ],
        [
            -3.2353449628806104,
            -6.769874484046959,
            -0.2073554180141055
        ],
        [
            0.41028830229296,
            6.993343812568057,
            -0.33452984135191033
        ],
        [
            3.8071603232828153,
            6.100094771044127,
            -0.2855417081943671
        ]
    ],
    "nodes": [
        2,
        2,
        3,
        3
    ],
    "scene": 5
}