{
    "centers": [
        [
            -3.3622018425340077,
            6.218528787725205,
            -0.130603289686349
        ],
        [
            -5.254343464026281,
            -4.240165683793005,
            -0.19418887728413303
        ],
        [
            -7.961514153974331,
            -8.244472374475604,
            -0.11006568612505929
        ]
    ],
    "nodes": [
        1,
        2,
        3
    ],
    "scene": 5
}