{
    "centers": [
        [
            -1.1179731890366043,
            4.286313902042874,
            -0.2959580403586541
        ],
        [
            -4.488747829424435,
            -5.241505335229684,
            -0.35981412195946144
        ],
        [
            2.2002729136089005,
            -8.066770368879329,
            -0.14074408510747005
        ],
        [
            -6.1938968282951805,
            -2.065378882569786,
            -0.18247151363245256
        ],
        [
            5.897482788397692,
            2.394420487585611,
            -0.2825076692149797
        ]
    ],
    "nodes": [
        2,
        2,
        3,
        3,
        3
    ],
    "scene": 5
}