{
    "centers": [
        [
            -4.183241658746903,
            -8.975559328214946,
            -0.2803109862635048
        ],
        [
            5.5694575731814595,
            -3.6066607260637396,
            -0.162698459435193
        ],
        [
            -0.4733348469085037,
            -7.353550098778639,
            -0.10820951270043844
        ],
        [
            -8.036246250856331,
            5.529421848094735,
            -0.32400276035748676
        ],
        [
            -1.1329997398408675,
            1.8197308948901298,
            -0.24618604805244698
        ],
        [
            0.4441739048104676,
            2.584222205203556,
            -0.4576681908168961
        ]
    ],
    "nodes": [
        2,
        2,
        3,
        3,
        3,
        3
    ],
    "scene": 5
}