{
    "centers": [
        [
            -7.7243628413627,
            9.714308645282259,
            -0.3597890703710106
        ],
        [
            -8.958757956235104,
            -3.5584321632309956,
            -0.40948300097730417
        ],
        [
            -6.615360651102897,
            8.680250037024429,
            -0.4979410903341673
        ],
        [
            8.18256115853083,
            -1.6083002711478738,
            -0.25656059462625513
        ],
        [
            9.671905654794482,
            -5.663930763057563,
            -0.43607149572148546
        ],
        [
            -3.1147084050750866,
            4.653720459635927,
            -0.32055856997637633
        ]
    ],
    "nodes": [
        2,
        2,
        3,
        3,
        3,
        3
    ],
    "scene": 5
}