{
    "centers": [
        [
            9.097941617352518,
            3.2540731317559377,
            -0.2501505850051734
        ],
        [
            -2.256823471364891,
            9.838879701095166,
            -0.12572380167299974
        ],
        [
            7.7975698654516705,
            -6.297908800633851,
            -0.37927677682116157
        ]
    ],
    "nodes": [
        1,
        2,
        2
    ],
    "scene": 5
}