{
    "centers": [
        [
            -0.314858257480374,
            -7.473909012066486,
            -0.20183491716129326
        ],
        [
            -1.363851920704711,
            6.733756891846543,
            -0.2933528890894074
        ]
    ],
    "nodes": [
        1,
        2
    ],
    "scene": 5
}