{
    "centers": [
        [
            7.0148816099084925,
            4.502095065960219,
            -0.1448877607190312
        ],
        [
            -4.223373539123598,
            6.889550419590666,
            -0.1579270099590983
        ],
        [
            1.617497709707628,
            -7.787327516763012,
            -0.2882055961484077
        ],
        [
            -8.118809291794038,
            -6.763194377200634,
            -0.22265361606513734
        ],
        [
            6.271007694911319,
            -1.7911515388829642,
            -0.47475801348000385
        ]
    ],
    "nodes": [
        3,
        3,
        3,
        3,
        4
    ],
    "scene": 6
}