{
    "centers": [
        [
            2.87303394337858,
            9.317752057619973,
            -0.4973064237472439
        ],
        [
            -6.607221541343044,
            -7.038122022200777,
            -0.1093179800342493
        ],
        [
            -8.619408406923558,
            0.17465130254223205,
            -0.4278025824413907
        ]
    ],
    "nodes": [
        3,
        3,
        4
    ],
    "scene": 6
}