{
    "centers": [
        [
            -0.7324690283684561,
            -4.007989323893204,
            -0.12315386686458862
        ],
        [
            0.2927285074908035,
            7.528435344071699,
            -0.27891689185092583
        ],
        [
            -9.936640747366194,
            -9.756554811369657,
            -0.11928618860365298
        ],
        [
            9.302298808923062,
            -1.5658408486966362,
            -0.2132671966118041
        ],
        [
            6.313401133852807,
            9.679375612558157,
            -0.24149835072720854
        ],
        [
            -8.936035836572064,
            -7.5359889894306615,
            -0.33957142491801495
        ]
    ],
    "nodes": [
        3,
        3,
        3,
        3,
        4,
        4
    ],
    "scene": 6
}