{
    "centers": [
        [
            -0.14100970943429658,
            -2.375998497961735,
            -0.15794235937846507
        ],
        [
            -8.32972571754809,
            -3.4513226450955408,
            -0.2783427954543952
        ],
        [
            6.334123230966515,
            7.2936216082546,
            -0.46034394649823474
        ],
        [
            1.2975305142117666,
            -4.799409143927324,
            -0.14291333105550091
        ],
        [
            -9.902357448930921,
            -6.947883012140387,
            -0.29951457032287804
        ],
        [
            -6.449413164974008,
            8.661537971619559,
            -0.47513016390445645
        ]
    ],
    "nodes": [
        2,
        3,
        3,
        3,
        4,
        4
    ],
    "scene": 6
}