{
    "centers": [
        [
            8.977289458370464,
            -8.1898514192605,
            -0.3787997563910516
        ],
        [
            -0.7131602782375435,
            3.563806546980036,
            -0.18162237994735358
        ],
        [
            8.120886561971432,
            -9.206789135284332,
            -0.19272004328040326
        ],
        [
            -9.938262623998861,
            2.3375772879536783,
            -0.4111929087873577
        ],
        [
            2.7278853958823817,
            5.908223379025131,
            -0.19487422418147426
        ],
        [
            -5.092478081645013,
            -3.353317473146806,
            -0.4773510462846788
        ]
    ],
    "nodes": [
        2,
        3,
        3,
        3,
        4,
        4
    ],
    "scene": 6
}