{
    "centers": [
        [
            -0.791388933567184,
            4.3245268292629095,
            -0.16617762845269612
        ],
        [
            7.7672796366843,
            -8.160271439204408,
            -0.30968086733751266
        ],
        [
            -5.06232452043434,
            1.6206488048662404,
            -0.4716716859555109
        ],
        [
            -7.257790698052277,
            2.5526497412888194,
            -0.15529437677279778
        ]
    ],
    "nodes": [
        3,
        3,
        3,
        4
    ],
    "scene": 6
}