{
    "centers": [
        [
            -7.147009670376878,
            1.117422302132793,
            -0.3920291256454959
        ],
        [
            7.805738070603887,
            6.018428382642632,
            -0.3459625049988308
        ],
        [
            8.5239822683176,
            1.8992386123277,
            -0.31760194283832316
        ],
        [
            2.9861308519241714,
            -0.41003196641169026,
            -0.24494891590500506
        ],
        [
            9.763067279684122,
            3.0344326235627843,
            -0.4852790833619849
        ]
    ],
    "nodes": [
        3,
        3,
        3,
        4,
        4
    ],
    "scene": 6
}