{
    "centers": [
        [
            -9.495138483271766,
            7.166992393808055,
            -0.2172273149872101
        ],
        [
            -1.5996561602239883,
            9.946534027489868,
            -0.14093062516468324
        ],
        [
            -5.728068332910972,
            -8.160851977903363,
            -0.4094903035523806
        ],
        [
            3.6201675589499516,
            -7.3584086162396485,
            -0.3497120413207716
        ],
        [
            4.70151808723678,
            0.3259675521896135,
            -0.375551755288451
        ]
    ],
    "nodes": [
        2,
        3,
        3,
        4,
        4
    ],
    "scene": 6
}