{
    "centers": [
        [
            0.2848443059142518,
            -3.286206497189788,
            -0.29379290262502694
        ],
        [
            5.0820068512426495,
            2.581001363524626,
            -0.28158702450687967
        ],
        [
            -5.813487219962119,
            8.712804849336592,
            -0.11969248563169482
        ],
        [
            -7.458675059710414,
            9.900092155552915,
            -0.4160484005809343
        ],
        [
            -9.385728869052397,
            -5.441785953751104,
            -0.40589414497356757
        ]
    ],
    "nodes": [
        2,
        3,
        3,
        4,
        4
    ],
    "scene": 6
}