{
    "centers": [
        [
            -5.418853842416535,
            6.5856582308015525,
            -0.4947831914152373
        ],
        [
            -7.6978187575429935,
            -3.9474752113862692,
            -0.44391659549218804
        ],
        [
            -2.9281097710981063,
            -2.2449053328863773,
            -0.30384725552884617
        ],
        [
            -9.304856558005907,
            -7.407915547013156,
            -0.1913505297221848
        ],
        [
            0.9192045785335612,
            8.219793092623618,
            -0.38611871938258396
        ],
        [
            7.626747458618073,
            5.092342117576532,
            -0.3520244516112196
        ]
    ],
    "nodes": [
        2,
        3,
        3,
        3,
        4,
        4
    ],
    "scene": 6
}