{
    "centers": [
        [
            -5.204727982655271,
            0.05008210673214464,
            -0.38899601203415585
        ],
        [
            8.074491668848353,
            1.9647624950995475,
            -0.28417998319645454
        ],
        [
            4.596354069932158,
            2.5915273378980768,
            -0.37815166293855096
        ],
        [
            9.337543647061107,
            3.735872736638953,
            -0.30313860291316014
        ],
        [
            3.377705165430701,
            -5.1319489974769965,
            -0.26785298947514014
        ]
    ],
    "nodes": [
        3,
        3,
        3,
        4,
        4
    ],
    "scene": 6
}