{
    "centers": [
        [
            -7.734057082429864,
            1.1219237187568751,
            -0.4325339719023004
        ],
        [
            8.895020164265695,
            9.030875557712903,
            -0.12403849491158214
        ],
        [
            -2.8978351127911806,
            -2.7889672766327456,
            -0.137845070656671
        ],
        [
            8.273929613506898,
            -8.595091856297907,
            -0.421782541779894
        ]
    ],
    "nodes": [
        3,
        3,
        4,
        4
    ],
    "scene": 6
}