{
    "centers": [
        [
            9.058068711797969,
            -5.866787569952818,
            -0.36586157004498665
        ],
        [
            -5.001515604296967,
            -4.395465033014501,
            -0.10451113661203859
        ],
        [
            7.0586236241961196,
            5.00583303525319,
            -0.27355795152492524
        ],
        [
            -8.888018589889374,
            -7.986044942275658,
            -0.4113878011721934
        ],
        [
            4.43574117440728,
            -3.005911918673383,
            -0.47860763956416685
        ],
        [
            5.231073162650851,
            -9.882074233699354,
            -0.2216859498208617
        ],
        [
            0.7912216819348679,
            -0.626957499264476,
            -0.44739213260760685
        ]
    ],
    "nodes": [
        2,
        3,
        3,
        3,
        3,
        4,
        4
    ],
    "scene": 6
}