{
    "centers": [
        [
            -4.687150998536074,
            3.886287994593342,
            -0.3006864740483361
        ],
        [
            -5.343596747022072,
            -2.742594417242583,
            -0.213251201387951
        ],
        [
            -1.489734834112319,
            0.43839621655924965,
            -0.3353473846333701
        ],
        [
            -9.506898005905558,
            -5.501803299954635,
            -0.19024435698558617
        ],
        [
            1.022277354360945,
            -6.671560432595218,
            -0.2222418726302242
        ]
    ],
    "nodes": [
        3,
        3,
        3,
        4,
        4
    ],
    "scene": 6
}