{
    "centers": [
        [
            -0.2139075306114222,
            -9.771919694067336,
            -0.43083483879966816
        ],
        [
            -6.8020650984330056,
            -3.772445032729106,
            -0.13765816652580826
        ],
        [
            6.510277091962632,
            -7.864675547700668,
            -0.2737354324138572
        ],
        [
            2.4128636686928644,
            -0.5009479187943455,
            -0.1862609644915476
        ],
        [
            -2.2386525731781592,
            4.077626606420333,
            -0.26249357420673436
        ],
        [
            -9.70603173880728,
            -1.4390044266547726,
            -0.34921751811137225
        ]
    ],
    "nodes": [
        2,
        3,
        3,
        3,
        3,
        4
    ],
    "scene": 6
}