{
    "centers": [
        [
            -8.69802444901711,
            7.787889060119802,
            -0.31149137712575475
        ],
        [
            7.282128782679109,
            -3.1679143855930825,
            -0.2864288903279376
        ],
        [
            -2.4325881050054132,
            2.861130457301755,
            -0.10665141685628104
        ],
        [
            4.444670829874035,
            -9.46720006135264,
            -0.3638265541533203
        ],
        [
            9.179426364642993,
            4.427601267066542,
            -0.3461682064019965
        ]
    ],
    "nodes": [
        3,
        3,
        3,
        3,
        4
    ],
    "scene": 6
}