{
    "centers": [
        [
            9.055941830302515,
            5.52000092922728,
            -0.294936854195603
        ],
        [
            7.331349029685363,
            -2.406205599155193,
            -0.3825098734621124
        ],
        [
            0.9322867915993012,
            0.43831240324907483,
            -0.47216613389255047
        ],
        [
            -3.3987258343372995,
            -3.276092362900429,
            -0.12681532925363764
        ],
        [
            -4.160315942873883,
            -5.30673114398621,
            -0.4623212515932204
        ]
    ],
    "nodes": [
        3,
        3,
        3,
        3,
        4
    ],
    "scene": 6
}