{
    "centers": [
        [
            4.240869285544935,
            -8.25272629999041,
            -0.2972191055182001
        ],
        [
            -5.266549805557139,
            3.46231791924283,
            -0.2845410394318001
        ],
        [
            -4.161233503515249,
            2.7410724767940327,
            -0.41312914198773537
        ],
        [
            -6.549987706676712,
            -4.456198021930522,
            -0.14865591195629263
        ],
        [
            0.4256747890285624,
            5.256563337569769,
            -0.2877648003304829
        ],
        [
            1.638320670304438,
            -5.165845140490335,
            -0.35801563608877907
        ]
    ],
    "nodes": [
        2,
        3,
        3,
        3,
        3,
        4
    ],
    "scene": 6
}