{
    "centers": [
        [
            -5.201446764860622,
            -7.824073342219043,
            -0.3913172955348958
        ],
        [
            -7.004214865873704,
            5.3392604111335125,
            -0.3331662695396971
        ],
        [
            5.270780961979341,
            9.697039961368695,
            -0.44097856587022066
        ],
        [
            6.61778702095398,
            6.745876368654791,
            -0.3162796690807332
        ],
        [
            -1.149225774360069,
            -1.1960640563192761,
            -0.43164050617701355
        ],
        [
            -8.48502237195784,
            3.4973141858558687,
            -0.12951269063517445
        ]
    ],
    "nodes": [
        2,
        3,
        3,
        3,
        3,
        4
    ],
    "scene": 6
}