{
    "centers": [
        [
            -5.394257374764271,
            -5.833907122139978,
            -0.18783025622191718
        ],
        [
            4.994805226838752,
            0.9613814633794089,
            -0.318626210862716
        ],
        [
            7.828853887859054,
            -2.80598782815928,
            -0.4077072999691971
        ],
        [
            -7.287497370839242,
            5.307868393222934,
            -0.15017064405561625
        ],
        [
            0.7656691141467942,
            4.216988125512657,
            -0.2909070148706731
        ],
        [
            -1.573496853393447,
            -4.463139942924428,
            -0.30632173259252576
        ]
    ],
    "nodes": [
        3,
        3,
        3,
        3,
        4,
        4
    ],
    "scene": 6
}