{
    "centers": [
        [
            -0.08805664629938903,
            -0.6586948387886853,
            -0.11045255716111241
        ],
        [
            4.8691770894525614,
            7.087077889308709,
            -0.13328032812768542
        ],
        [
            -3.204460449052946,
            2.838156473352182,
            -0.2122478588121237
        ],
        [
            6.200641339426365,
            -7.175003035970205,
            -0.12988991844430592
        ],
        [
            -9.05679645676379,
            9.787010751975696,
            -0.2055181643323128
        ]
    ],
    "nodes": [
        3,
        3,
        3,
        4,
        4
    ],
    "scene": 6
}