{
    "centers": [
        [
            -6.812251440387131,
            0.7227856555886802,
            -0.4553779601655457
        ],
        [
            6.8958123464329795,
            2.828036181471113,
            -0.4917443070934394
        ],
        [
            -0.28525732186306385,
            6.805253039414943,
            -0.3189913766813237
        ],
        [
            -8.132025281778738,
            7.623720968504163,
            -0.22514059492291366
        ],
        [
            3.4734339307499447,
            -7.084784140438836,
            -0.2198407156467181
        ],
        [
            5.496666938351201,
            9.313157489561124,
            -0.11872948391829907
        ]
    ],
    "nodes": [
        2,
        3,
        3,
        3,
        4,
        4
    ],
    "scene": 6
}