{
    "centers": [
        [
            0.5471350197437914,
            -4.706066194724368,
            -0.21661089902546327
        ],
        [
            -6.160331025097081,
            9.38675370785252,
            -0.2026841934678804
        ],
        [
            -5.4982938113110436,
            -1.0715839355444938,
            -0.34141751178230606
        ],
        [
            -1.7391436165042506,
            7.727939526992408,
            -0.26875270097588655
        ]
    ],
    "nodes": [
        3,
        3,
        3,
        4
    ],
    "scene": 6
}