{
    "centers": [
        [
            -4.0430456952735945,
            1.6806669918546504,
            -0.20804394738240317
        ],
        [
            9.277815409001839,
            -5.975129339593521,
            -0.12633146025474112
        ],
        [
            5.21020716479728,
            6.667488167735161,
            -0.3254750595223514
        ],
        [
            -6.556834216544414,
            -2.3701675090501473,
            -0.36000208844343307
        ]
    ],
    "nodes": [
        3,
        3,
        4,
        4
    ],
    "scene": 6
}