{
    "centers": [
        [
            1.1986131173181658,
            2.4837019290489533,
            -0.25514165133471994
        ],
        [
            -8.825897403647947,
            -6.343934104886026,
            -0.31618309306807146
        ],
        [
            -0.6842451587502261,
            -8.455427388933245,
            -0.39269098887331516
        ],
        [
            4.9543942792330515,
            -3.178908047906881,
            -0.3973449474448581
        ],
        [
            0.13450781968908387,
            -0.44990439369423285,
            -0.43216591444434804
        ]
    ],
    "nodes": [
        2,
        3,
        3,
        3,
        4
    ],
    "scene": 6
}