{
    "centers": [
        [
            -7.973111595882334,
            -8.310508693779985,
            -0.40977546030209766
        ],
        [
            -8.667582507636332,
            2.1250564306253956,
            -0.2162319925912914
        ],
        [
            1.1276449812271512,
            -4.073603842915537,
            -0.23526741473321794
        ],
        [
            -3.148659719634974,
            7.752834483853917,
            -0.18962208029171723
        ],
        [
            -5.168111367147501,
            3.989873013340471,
            -0.2083020686292602
        ]
    ],
    "nodes": [
        2,
        3,
        3,
        4,
        4
    ],
    "scene": 6
}