{
    "centers": [
        [
            -5.69384894413187,
            9.709703316057848,
            -0.4733480807294649
        ],
        [
            -8.764256395383192,
            7.953046686780638,
            -0.22356074891999783
        ],
        [
            -6.859473245437055,
            4.030486275224801,
            -0.3551151007547202
        ],
        [
            -3.9586955683436535,
            -7.765809107455059,
            -0.39425298894010374
        ],
        [
            -0.6455213453778175,
            -4.097131954036541,
            -0.4632916890422567
        ],
        [
            6.345397657452125,
            1.588852122821816,
            -0.18606017859508261
        ],
        [
            -9.429617192231483,
            0.8538850275691612,
            -0.20507635964776094
        ]
    ],
    "nodes": [
        2,
        3,
        3,
        3,
        3,
        4,
        4
    ],
    "scene": 6
}