{
    "centers": [
        [
            -3.4613225850773643,
            1.0813948819442807,
            -0.41000678568314053
        ],
        [
            -7.113391072028026,
            -2.987716971403267,
            -0.19783437639820345
        ],
        [
            -2.75271022298599,
            0.41316889844157245,
            -0.4054845920655985
        ],
        [
            9.741840995951797,
            8.073398594601894,
            -0.11922322980875616
        ],
        [
            3.7678122017961186,
            -1.919921895694035,
            -0.1454931020763317
        ]
    ],
    "nodes": [
        3,
        3,
        3,
        4,
        4
    ],
    "scene": 6
}