{
    "centers": [
        [
            2.2178766615151453,
            0.7916902006930666,
            -0.13992738879855088
        ],
        [
            3.4063517870999345,
            -5.464732392849482,
            -0.12144716454742155
        ],
        [
            9.092516643219504,
            -1.775850657364204,
            -0.33763744313378824
        ],
        [
            -4.626538141670076,
            7.231266997163914,
            -0.21883220517283636
        ]
    ],
    "nodes": [
        3,
        3,
        3,
        4
    ],
    "scene": 6
}