{
    "centers": [
        [
            1.252235875193648,
            -3.3489746424233964,
            -0.11876204773828064
        ],
        [
            -0.11253330722197674,
            -7.702787331186027,
            -0.175413067655675
        ],
        [
            -2.500359788998267,
            -9.859647219546288,
            -0.24026317144157555
        ],
        [
            9.705006210042978,
            9.329641716059925,
            -0.14417400747842035
        ],
        [
            3.870503118665983,
            -4.597007042996637,
            -0.33077218249023843
        ],
        [
            7.2204969034463105,
            4.79046370299147,
            -0.1842747437948689
        ]
    ],
    "nodes": [
        2,
        3,
        3,
        3,
        3,
        4
    ],
    "scene": 6
}