{
    "centers": [
        [
            3.429414310433067,
            -9.147404603112134,
            -0.3694350139197417
        ],
        [
            -4.506268779454567,
            5.890796340294504,
            -0.1152197035569813
        ],
        [
            -9.036907356289571,
            -4.876039749977221,
            -0.2861608046452372
        ],
        [
            -3.6352669642857656,
            -1.556102617864017,
            -0.2602199525804513
        ],
        [
            -6.538499955887356,
            4.404205801141771,
            -0.27821599959135035
        ]
    ],
    "nodes": [
        3,
        3,
        3,
        4,
        4
    ],
    "scene": 6
}