{
    "centers": [
        [
            -4.949542254648116,
            7.274808858758256,
            -0.3039159979061218
        ],
        [
            -1.1143423549878761,
            -7.233434674991981,
            -0.2511052112202582
        ],
        [
            2.5968613868130657,
            -5.550815046973778,
            -0.184034283198016
        ],
        [
            -2.794891901850873,
            3.952981163348328,
            -0.1210762516791572
        ],
        [
            -4.054832136330866,
            6.012673719179261,
            -0.25943203670882026
        ],
        [
            0.27142139155667877,
            -3.616613787184755,
            -0.2271149708852604
        ]
    ],
    "nodes": [
        2,
        3,
        3,
        3,
        4,
        4
    ],
    "scene": 6
}