{
    "centers": [
        [
            -0.5708145091754186,
            -1.0438883264016514,
            -0.24906790938555884
        ],
        [
            -7.4231587543466375,
            -6.278105714974567,
            -0.12728128410275824
        ],
        [
            -1.3109238571785813,
            4.5253677720489165,
            -0.4232508944204395
        ],
        [
            -6.728785701167467,
            -4.118461675731182,
            -0.46905299598615374
        ]
    ],
    "nodes": [
        2,
        3,
        3,
        4
    ],
    "scene": 6
}