{
    "centers": [
        [
            5.280531770761046,
            1.206842203891183,
            -0.41918670070137304
        ],
        [
            -7.05174180177954,
            6.007396288938743,
            -0.36351529029981033
        ],
        [
            -7.920088202101776,
            -5.537852086024957,
            -0.4014526598000503
        ],
        [
            -2.7802150038694435,
            7.392942821103734,
            -0.15916305056145497
        ],
        [
            1.292485947324277,
            -1.9119357453231967,
            -0.1496645510234757
        ]
    ],
    "nodes": [
        2,
        3,
        3,
        3,
        4
    ],
    "scene": 6
}