{
    "centers": [
        [
            8.857007448088034,
            -6.448195285846077,
            -0.10072986838622733
        ],
        [
            4.195246588818037,
            -7.575378587645116,
            -0.10467133342902851
        ],
        [
            2.526497255233714,
            4.67467279645879,
            -0.4988360090979307
        ],
        [
            6.66421284458508,
            3.0279640978282014,
            -0.46208823143002214
        ],
        [
            -5.7991836721916385,
            -9.764944538390495,
            -0.11521769882227995
        ]
    ],
    "nodes": [
        2,
        3,
        3,
        4,
        4
    ],
    "scene": 6
}