{
    "centers": [
        [
            -4.213621830876932,
            -7.390500841127476,
            -0.14573519271721036
        ],
        [
            5.183552914152667,
            3.774437964397821,
            -0.20561017341491172
        ],
        [
            9.420357371471738,
            0.22831637293766605,
            -0.49791518738748775
        ],
        [
            0.5453346916195141,
            -6.2439649818372,
            -0.2936820486448232
        ]
    ],
    "nodes": [
        3,
        3,
        3,
        4
    ],
    "scene": 6
}