{
    "centers": [
        [
            4.926861271193431,
            3.2660189635050543,
            -0.21351679460295292
        ],
        [
            -4.0118417943285944,
            5.289779517072585,
            -0.24639126706627695
        ],
        [
            1.9168806580051108,
            -7.177356496583201,
            -0.3240918209402708
        ],
        [
            8.025209590816473,
            -3.775057113913789,
            -0.47356563227891585
        ],
        [
            -9.43590680315322,
            -4.7852828023941125,
            -0.12690623266875317
        ],
        [
            -5.912024056523566,
            9.57268243001009,
            -0.12895031321684702
        ]
    ],
    "nodes": [
        2,
        3,
        3,
        3,
        3,
        4
    ],
    "scene": 6
}