{
    "centers": [
        [
            -9.121346159241845,
            2.5899538823632344,
            -0.41782436799315603
        ],
        [
            1.2426001121686134,
            -6.391849057697643,
            -0.2337220468043017
        ],
        [
            4.551608591414176,
            -7.430600018100925,
            -0.14583587054249225
        ],
        [
            8.704319823678674,
            8.31654130634708,
            -0.1832599080423618
        ],
        [
            0.14679948789064312,
            -8.803602263076991,
            -0.261755781986449
        ]
    ],
    "nodes": [
        3,
        3,
        3,
        4,
        4
    ],
    "scene": 6
}