{
    "centers": [
        [
            1.2237098425193782,
            -4.1688141957026525,
            -0.1985308801981821
        ],
        [
            2.1156303864342156,
            8.813342819445293,
            -0.35782426825634206
        ],
        [
            3.8588338463383316,
            -9.443095902760119,
            -0.492874264713733
        ],
        [
            -6.689151923515196,
            3.061657239527518,
            -0.2134614487543311
        ]
    ],
    "nodes": [
        3,
        3,
        3,
        4
    ],
    "scene": 6
}