{
    "centers": [
        [
            2.1946532729226575,
            8.17119826898007,
            -0.455301234350047
        ],
        [
            -7.9378321706854855,
            -9.13729874139272,
            -0.48897783503472747
        ],
        [
            9.179542379137104,
            5.705235638578719,
            -0.11818938915705857
        ],
        [
            -4.004511927173391,
            4.202455495997723,
            -0.2531961168026295
        ],
        [
            -2.5991085234594298,
            -3.4366314966218203,
            -0.18524067341468858
        ]
    ],
    "nodes": [
        2,
        3,
        3,
        3,
        4
    ],
    "scene": 6
}