{
    "centers": [
        [
            -5.321421712286902,
            9.770373877085426,
            -0.10617455488364702
        ],
        [
            -2.3272095522866394,
            -4.660795274101089,
            -0.4393768916995417
        ],
        [
            -7.964750392992441,
            1.701261179136175,
            -0.39449520217625195
        ],
        [
            -5.952108992711304,
            6.376357043525964,
            -0.15824613550484695
        ],
        [
            -8.79754340699958,
            3.4959686075877734,
            -0.3144108362086194
        ],
        [
            -1.5675622335600217,
            -9.785073798299223,
            -0.13372081419444676
        ]
    ],
    "nodes": [
        2,
        3,
        3,
        3,
        4,
        4
    ],
    "scene": 6
}