{
    "centers": [
        [
            -4.770903777394255,
            3.784937539986796,
            -0.4939671653101084
        ],
        [
            4.384802635518181,
            -9.862449175951745,
            -0.33769811600231947
        ],
        [
            -0.7820212972011138,
            -3.1140528919287913,
            -0.30731732179285143
        ],
        [
            -3.12209739818067,
            -0.7845726095662755,
            -0.19824868904198106
        ],
        [
            0.9168329492964631,
            5.238941502174514,
            -0.31848390588782477
        ],
        [
            8.591367566552336,
            -4.010725693625363,
            -0.2724240064159857
        ],
        [
            -6.625722488772481,
            7.499041992714741,
            -0.3762826851190547
        ]
    ],
    "nodes": [
        2,
        3,
        3,
        3,
        3,
        4,
        4
    ],
    "scene": 6
}