{
    "centers": [
        [
            -9.016325992195702,
            -5.406568569666874,
            -0.21345748050218433
        ],
        [
            -9.987704962019501,
            -3.6655022697493607,
            -0.21349962057106864
        ],
        [
            7.03694116021353,
            0.1264569387540444,
            -0.44472472992648954
        ],
        [
            7.973734755166856,
            1.7331496968719495,
            -0.4172601359672579
        ]
    ],
    "nodes": [
        3,
        3,
        4,
        4
    ],
    "scene": 6
}