{
    "centers": [
        [
            -3.503576154340335,
            2.281029480455352,
            -0.2027881618620852
        ],
        [
            2.7923363431385937,
            9.68837931620931,
            -0.23901016289139548
        ],
        [
            -2.195206580880054,
            -9.767166653929653,
            -0.2883594555307484
        ],
        [
            7.211037685426078,
            -4.372571506303668,
            -0.3396751945958014
        ],
        [
            -1.5105337636862117,
            -2.5381400157562117,
            -0.13259660868731693
        ]
    ],
    "nodes": [
        3,
        3,
        3,
        3,
        4
    ],
    "scene": 6
}