{
    "centers": [
        [
            -8.058551178097147,
            3.769230103725615,
            -0.14485482087634471
        ],
        [
            -4.374925172744475,
            -6.993936373516729,
            -0.1384928399605736
        ],
        [
            4.907695420674813,
            1.932346956072685,
            -0.306714356719182
        ],
        [
            -6.0471276719894895,
            7.948113017650055,
            -0.2781060560459132
        ],
        [
            3.3716684827921117,
            -4.3854155690790275,
            -0.38318179862640894
        ],
        [
            1.8389777106842118,
            6.443622935886641,
            -0.16942738628843412
        ]
    ],
    "nodes": [
        2,
        3,
        3,
        3,
        4,
        4
    ],
    "scene": 6
}