{
    "centers": [
        [
            9.318005233557486,
            2.7487973495829117,
            -0.4983279933730762
        ],
        [
            -7.111029628461505,
            -7.117112150728482,
            -0.13273521322335685
        ],
        [
            -6.419840682964599,
            -9.542725805609901,
            -0.3289602357210927
        ],
        [
            -9.296706398090997,
            -6.182946159676748,
            -0.3480791071748538
        ],
        [
            8.68146321803886,
            6.1749333788725735,
            -0.3135865385773865
        ],
        [
            -1.275716413961696,
            4.220493081618585,
            -0.24949582843457557
        ]
    ],
    "nodes": [
        3,
        3,
        3,
        3,
        4,
        4
    ],
    "scene": 6
}