{
    "centers": [
        [
            1.3200049982012168,
            7.818506548978192,
            -0.2509872525237302
        ],
        [
            -1.0129152934471541,
            -0.49161537420694046,
            -0.4251275437500839
        ],
        [
            5.928144738519132,
            -9.499436213414835,
            -0.4424955714872519
        ],
        [
            -3.3076512166326815,
            -1.6140152517253163,
            -0.48008931535572424
        ],
        [
            8.449124586033324,
            -5.974279510579543,
            -0.1979205885008023
        ]
    ],
    "nodes": [
        3,
        3,
        3,
        4,
        4
    ],
    "scene": 6
}