{
    "centers": [
        [
            -7.842517393559511,
            -2.268653246152301,
            -0.44341571395514784
        ],
        [
            3.3863053038769024,
            -0.7978666653971764,
            -0.14280160862917113
        ],
        [
            0.5887645429918074,
            4.900521315850227,
            -0.3752733166787486
        ],
        [
            7.619558324808203,
            2.6601981332643696,
            -0.1446038498657714
        ],
        [
            4.2105194338989005,
            -3.486356016549939,
            -0.12097571261138895
        ]
    ],
    "nodes": [
        3,
        3,
        3,
        4,
        4
    ],
    "scene": 6
}