{
    "centers": [
        [
            -1.4520345848150455,
            0.5352820883383274,
            -0.24001070230899357
        ],
        [
            -8.084181200278646,
            7.129675062159588,
            -0.46892781189067745
        ],
        [
            9.76537858030331,
            -9.98045454041698,
            -0.3053857151054217
        ],
        [
            -4.181319895348807,
            -9.064433159110523,
            -0.107175835879327
        ],
        [
            -9.24760549777619,
            9.507461421766692,
            -0.4362031349071937
        ],
        [
            -5.142198026851991,
            2.3464353084090384,
            -0.46753891210168624
        ]
    ],
    "nodes": [
        2,
        3,
        3,
        3,
        3,
        4
    ],
    "scene": 6
}