{
    "centers": [
        [
            9.452682669209803,
            9.832157650689105,
            -0.3862061589209439
        ],
        [
            1.753034003196145,
            1.4524953851501703,
            -0.41454627534810184
        ],
        [
            4.563849146849213,
            0.6010961672741537,
            -0.38049679989314195
        ],
        [
            -1.6063565874887882,
            3.0867416569817525,
            -0.36679278830492834
        ],
        [
            5.529933234873223,
            6.191402789982643,
            -0.20057056321254496
        ]
    ],
    "nodes": [
        3,
        3,
        3,
        3,
        4
    ],
    "scene": 6
}