{
    "centers": [
        [
            -1.856099932470741,
            -6.597851618329211,
            -0.22006220832145945
        ],
        [
            9.12990505145434,
            2.9084540049393652,
            -0.19774198214203992
        ],
        [
            -6.822154172673551,
            -3.149267281663013,
            -0.10946420147536773
        ],
        [
            -7.804511854745959,
            -2.0488002756648482,
            -0.4056766693515511
        ],
        [
            -1.129900496457644,
            9.456993932659955,
            -0.14140728215500337
        ]
    ],
    "nodes": [
        3,
        3,
        3,
        3,
        4
    ],
    "scene": 6
}