{
    "centers": [
        [
            7.89260833485794,
            -6.9338174368391625,
            -0.2810464009552156
        ],
        [
            -3.444940754778316,
            -2.8086802953423966,
            -0.3103434164644433
        ],
        [
            -6.071953396541874,
            8.550593777341085,
            -0.2018873956393843
        ],
        [
            -7.701306335381117,
            9.440206740771359,
            -0.44180479535201067
        ],
        [
            2.3994989907415167,
            4.158605854281092,
            -0.14814207551949088
        ],
        [
            -4.338762567619305,
            2.1420114822790417,
            -0.29926512755168966
        ]
    ],
    "nodes": [
        3,
        3,
        3,
        3,
        4,
        4
    ],
    "scene": 6
}