{
    "centers": [
        [
            2.9781253568832096,
            -7.117120902192877,
            -0.30442226327643673
        ],
        [
            -1.131803437330392,
            9.083436301412327,
            -0.28164718478016826
        ],
        [
            0.47217644267181313,
            -5.0339714768347,
            -0.4484652669692361
        ],
        [
            -8.23955348370896,
            -1.6034587571145842,
            -0.44355231108309234
        ],
        [
            -2.1258899183865676,
            -9.07541583709522,
            -0.15901715327714694
        ],
        [
            9.615943682954416,
            8.263271578738614,
            -0.33718004218948167
        ]
    ],
    "nodes": [
        2,
        3,
        3,
        3,
        4,
        4
    ],
    "scene": 6
}