{
    "centers": [
        [
            2.190828554619813,
            -2.202019919738105,
            -0.39355151108423014
        ],
        [
            4.420110648178275,
            0.3865709901561427,
            -0.34687459894160466
        ],
        [
            -4.712798225953976,
            -5.139484371975991,
            -0.3311449870717793
        ],
        [
            5.8799604121226245,
            3.057472184373239,
            -0.24918421796393392
        ]
    ],
    "nodes": [
        3,
        3,
        4,
        4
    ],
    "scene": 6
}