{
    "centers": [
        [
            3.5670639983854553,
            -6.431579330055679,
            -0.46228476670403695
        ],
        [
            -3.433705640171933,
            -9.50756670436048,
            -0.4001592406829384
        ],
        [
            0.6034431471382575,
            -8.021345511825622,
            -0.2898711524188086
        ],
        [
            8.247295009328234,
            7.04157710228872,
            -0.48971971757599303
        ],
        [
            4.696055777264018,
            0.9855010119224517,
            -0.4318331224259995
        ],
        [
            1.801404485493519,
            8.369921529526675,
            -0.178918925177264
        ]
    ],
    "nodes": [
        2,
        3,
        3,
        3,
        4,
        4
    ],
    "scene": 6
}