{
    "centers": [
        [
            5.439546753307859,
            -9.132618833632629,
            -0.4620461842990939
        ],
        [
            0.9972665887164602,
            -7.620251045624549,
            -0.3924936222693649
        ],
        [
            -5.4307408916096716,
            3.879941372616088,
            -0.42545877255463516
        ],
        [
            2.7721446033043033,
            9.358516142142665,
            -0.4658128694179892
        ],
        [
            -6.9651109030736125,
            2.8247322677100755,
            -0.2876851926643471
        ]
    ],
    "nodes": [
        2,
        3,
        3,
        3,
        4
    ],
    "scene": 6
}