{
    "centers": [
        [
            -2.7313109571854532,
            7.380546257756976,
            -0.45861815645365417
        ],
        [
            8.800481133435753,
            -1.1814548960507754,
            -0.35949194206568147
        ],
        [
            1.8245419753824148,
            6.420106676746041,
            -0.3315833848445642
        ],
        [
            -6.331366379169488,
            1.1445156601519546,
            -0.30219393853858895
        ]
    ],
    "nodes": [
        3,
        3,
        4,
        4
    ],
    "scene": 6
}