{
    "centers": [
        [
            3.768134553564348,
            -9.463695260644695,
            -0.4617594232075507
        ],
        [
            -8.788161027552919,
            -2.4091220422843147,
            -0.39996281246062904
        ],
        [
            -3.892705772899858,
            6.744897827029426,
            -0.3384677896674004
        ],
        [
            -6.960100445142117,
            4.28116872260097,
            -0.11392069397093074
        ]
    ],
    "nodes": [
        2,
        3,
        3,
        4
    ],
    "scene": 6
}