{
    "centers": [
        [
            -8.402873779655291,
            8.15079124815081,
            -0.17243400154192756
        ],
        [
            6.738956218125345,
            -3.707139190623665,
            -0.3823916816427675
        ],
        [
            9.569799379039683,
            3.492426113662656,
            -0.11736887587091732
        ]
    ],
    "nodes": [
        3,
        3,
        4
    ],
    "scene": 6
}