{
    "centers": [
        [
            -2.7894300080623395,
            -2.945495830672174,
            -0.30842678167581916
        ],
        [
            -9.889064477053175,
            -3.9030057872102226,
            -0.4308266198677656
        ],
        [
            7.601889189004101,
            7.1283838605383245,
            -0.19958235819267
        ],
        [
            -1.8674830994858915,
            -5.241883447562319,
            -0.1460635224784787
        ]
    ],
    "nodes": [
        3,
        3,
        4,
        4
    ],
    "scene": 6
}