{
    "centers": [
        [
            7.582176639032575,
            6.937294544663921,
            -0.41770486238456916
        ],
        [
            -8.083138724625902,
            3.7373964292343267,
            -0.19631228752270857
        ],
        [
            6.118480141288817,
            -0.9196354418804589,
            -0.15690493186604604
        ],
        [
            -2.070715832259782,
            -8.969025032662206,
            -0.4175257902152459
        ],
        [
            -5.213722189986281,
            -4.101456296930463,
            -0.283863568508347
        ],
        [
            4.626209486910344,
            5.584142456279382,
            -0.27719455570363927
        ]
    ],
    "nodes": [
        2,
        3,
        3,
        3,
        4,
        4
    ],
    "scene": 6
}