{
    "centers": [
        [
            -2.2849142014382284,
            1.7540880615179493,
            -0.1538715489585455
        ],
        [
            -4.794545649209924,
            9.554135709278729,
            -0.25790186855840197
        ],
        [
            -8.543192368283325,
            -9.11927498269154,
            -0.4063936208118809
        ],
        [
            -6.847544360930264,
            7.7397466421988135,
            -0.1691140369331503
        ],
        [
            -5.666912249555091,
            5.470486604377561,
            -0.4877799216400746
        ],
        [
            -7.452045173043462,
            -4.351569952895742,
            -0.47767590646641306
        ]
    ],
    "nodes": [
        2,
        3,
        3,
        3,
        3,
        4
    ],
    "scene": 6
}