{
    "centers": [
        [
            4.49996188542487,
            -3.173322721607999,
            -0.49114492214420247
        ],
        [
            -4.396551877462597,
            2.5310127158633655,
            -0.4636104204441547
        ],
        [
            9.544939837756367,
            0.7067585465958501,
            -0.15312417443982024
        ]
    ],
    "nodes": [
        3,
        3,
        4
    ],
    "scene": 6
}