{
    "centers": [
        [
            -9.97350921383938,
            7.180394832417832,
            -0.1435381067279839
        ],
        [
            -4.738341236136005,
            8.207324102267606,
            -0.35273307144256105
        ],
        [
            9.398667768839893,
            -3.776447124478091,
            -0.3430146616726141
        ],
        [
            -9.049151055279282,
            0.35936646732189104,
            -0.24137703539396377
        ]
    ],
    "nodes": [
        2,
        3,
        3,
        4
    ],
    "scene": 6
}