{
    "centers": [
        [
            9.598414614957179,
            -0.06551091240385531,
            -0.3021645103374201
        ],
        [
            2.4613791831418617,
            9.346310817088117,
            -0.36752076758730196
        ],
        [
            -6.10077107760776,
            -6.710593604815567,
            -0.26103089284469827
        ]
    ],
    "nodes": [
        3,
        3,
        4
    ],
    "scene": 6
}