{
    "centers": [
        [
            7.028647950692445,
            -2.730048772927187,
            -0.4236755645888468
        ],
        [
            0.29838566643217135,
            -9.652798322028321,
            -0.22991908979265635
        ],
        [
            1.2472943244716213,
            -4.268508666092787,
            -0.1855989909668923
        ],
        [
            4.683589301182934,
            -0.2616183376315071,
            -0.3304494005203375
        ]
    ],
    "nodes": [
        3,
        3,
        4,
        4
    ],
    "scene": 6
}