{
    "centers": [
        [
            -9.048353830916792,
            -3.9882280895392714,
            -0.27998100256578395
        ],
        [
            -4.044504980699177,
            -9.335703784596465,
            -0.37583134901146786
        ],
        [
            -5.315457452590553,
            7.486635973687296,
            -0.15417595375741255
        ],
        [
            1.770699261917386,
            3.6370542763608036,
            -0.3662299268254685
        ],
        [
            -9.74314424474207,
            -1.7185109726875076,
            -0.23634139388437753
        ]
    ],
    "nodes": [
        3,
        3,
        3,
        4,
        4
    ],
    "scene": 6
}