{
    "centers": [
        [
            5.132489854634398,
            8.602723398953096,
            -0.46499952439993447
        ],
        [
            4.465584197666995,
            -4.672203349815329,
            -0.4043494930381847
        ],
        [
            2.1106860472741484,
            -0.8957235516386763,
            -0.14583587795724245
        ],
        [
            -7.5737012220791105,
            7.1011868315419875,
            -0.432539523579456
        ],
        [
            7.424086809823038,
            -7.575699869181165,
            -0.3310671183773951
        ],
        [
            -4.267955941411719,
            -3.6898181049052026,
            -0.32816782257981514
        ]
    ],
    "nodes": [
        2,
        3,
        3,
        3,
        4,
        4
    ],
    "scene": 6
}