{
    "centers": [
        [
            -7.198014798486893,
            -9.052272950348963,
            -0.15355316355235632
        ],
        [
            -5.2274198299594765,
            -2.668445490143741,
            -0.12541903042521874
        ],
        [
            -6.4714314452586414,
            4.350864401185618,
            -0.46277561964547065
        ],
        [
            -3.109992808566684,
            0.9394824919608791,
            -0.19746816081830348
        ],
        [
            9.586494142630194,
            1.610651720209031,
            -0.3868025758421253
        ]
    ],
    "nodes": [
        3,
        3,
        3,
        3,
        4
    ],
    "scene": 6
}