{
    "centers": [
        [
            5.057118414149977,
            -3.596773442073493,
            -0.2882454976964461
        ],
        [
            -7.892514192580995,
            -1.0610507417400328,
            -0.21562674208683896
        ],
        [
            0.7589764681073579,
            5.291587687228249,
            -0.4826919510224371
        ],
        [
            -4.065673378629109,
            6.120911378232272,
            -0.16182486715128785
        ],
        [
            -8.640860089416961,
            -7.04513344714883,
            -0.16380084034560333
        ],
        [
            -1.4383372935948522,
            2.545852925497085,
            -0.10593910659943218
        ]
    ],
    "nodes": [
        3,
        3,
        3,
        3,
        4,
        4
    ],
    "scene": 6
}