{
    "centers": [
        [
            -8.778167298032502,
            1.7387072595298942,
            -0.15539978229237383
        ],
        [
            6.184450619502439,
            3.138860295936148,
            -0.18506523464113783
        ],
        [
            7.743336979253577,
            0.009896816677230191,
            -0.3192534551019044
        ]
    ],
    "nodes": [
        3,
        3,
        4
    ],
    "scene": 6
}