{
    "centers": [
        [
            7.242976839778134,
            4.440098780671335,
            -0.20988429342210885
        ],
        [
            -6.579682361008354,
            -3.4834922141281215,
            -0.4526098074725874
        ],
        [
            4.755040401652469,
            9.742797120403537,
            -0.4181675212016348
        ],
        [
            -2.262269771551537,
            -9.3771709975095,
            -0.49174202020530194
        ],
        [
            2.640266036501611,
            1.5961540004800554,
            -0.37365451771911595
        ],
        [
            -3.4129592223117777,
            -4.896604117715309,
            -0.338096065409765
        ]
    ],
    "nodes": [
        3,
        3,
        3,
        3,
        4,
        4
    ],
    "scene": 6
}