{
    "centers": [
        [
            -7.550242016654753,
            -1.6666456544263148,
            -0.17082148344053893
        ],
        [
            9.958788802785687,
            -6.448672744877677,
            -0.16325405112435126
        ],
        [
            -1.3129622754985348,
            8.220658189102622,
            -0.2855695535091486
        ],
        [
            9.153322156140344,
            2.275000362641519,
            -0.227875682660996
        ],
        [
            -9.69178153827141,
            -4.490413466795089,
            -0.28626875391843376
        ],
        [
            -3.3893340831315673,
            9.021465514016363,
            -0.32026351010339343
        ],
        [
            0.9812223624824483,
            0.4330445697683736,
            -0.2537754180430374
        ]
    ],
    "nodes": [
        2,
        3,
        3,
        3,
        3,
        4,
        4
    ],
    "scene": 6
}