{
    "centers": [
        [
            1.2540431931112845,
            2.6331007830466184,
            -0.3776327512249217
        ],
        [
            5.949713138835621,
            9.84906742255777,
            -0.17678680780941364
        ],
        [
            3.3889625176324785,
            -6.603738976570066,
            -0.34261521957978824
        ],
        [
            -0.09968248556329051,
            -0.6272432174424463,
            -0.2586204050912163
        ],
        [
            -8.621777530513128,
            6.177699420985753,
            -0.25593092644445115
        ]
    ],
    "nodes": [
        2,
        3,
        3,
        4,
        4
    ],
    "scene": 6
}