{
    "centers": [
        [
            0.7158457841598231,
            -2.4031740198470786,
            -0.12036071769069556
        ],
        [
            -0.9563276978514814,
            2.4764283162097236,
            -0.3633757577644473
        ],
        [
            -5.510256876856183,
            -7.366008327296112,
            -0.1627496873719897
        ]
    ],
    "nodes": [
        3,
        3,
        4
    ],
    "scene": 6
}