{
    "centers": [
        [
            -5.796377420826644,
            3.135387930321409,
            -0.3632770828148999
        ],
        [
            0.49733278334537623,
            1.253110068282366,
            -0.23653707938937513
        ],
        [
            -1.3750620272183838,
            -6.633042886994525,
            -0.47037253414748575
        ],
        [
            -8.61749082644385,
            -4.912770035090319,
            -0.12389556216541919
        ],
        [
            1.2459937236045686,
            6.5955778000070495,
            -0.32864091047576194
        ]
    ],
    "nodes": [
        2,
        3,
        3,
        4,
        4
    ],
    "scene": 6
}