{
    "centers": [
        [
            -0.22511496331663494,
            -3.615433432931024,
            -0.4073456691213695
        ],
        [
            -3.0180464073701874,
            7.092457634091247,
            -0.39524539630170435
        ],
        [
            -5.657082777305695,
            5.4383325093357335,
            -0.15752312836418003
        ],
        [
            5.347591684946579,
            -9.992285120989601,
            -0.10116509244967109
        ],
        [
            3.5818144855971425,
            -6.774155434938132,
            -0.1934427907105219
        ],
        [
            6.057151640559027,
            -8.251168436495206,
            -0.29981625595466543
        ]
    ],
    "nodes": [
        3,
        3,
        3,
        3,
        4,
        4
    ],
    "scene": 6
}