{
    "centers": [
        [
            4.007624459895666,
            0.9001518481801067,
            -0.37834026569575707
        ],
        [
            0.34832678330920963,
            -7.58415204148249,
            -0.2803232247380093
        ],
        [
            -3.3326631119936394,
            -9.514061442442063,
            -0.10262897371721263
        ],
        [
            -4.927967904573983,
            9.63682017142958,
            -0.17799843353775885
        ],
        [
            7.989778842463856,
            8.734249100607599,
            -0.1444826872079541
        ],
        [
            -0.7676217843039108,
            3.1985819137910436,
            -0.35635160191850973
        ],
        [
            6.67540773466683,
            -0.2632812274199363,
            -0.2631429272923524
        ]
    ],
    "nodes": [
        2,
        3,
        3,
        3,
        3,
        4,
        4
    ],
    "scene": 6
}