{
    "centers": [
        [
            -5.690410375326566,
            5.621153777338549,
            -0.22275030687145408
        ],
        [
            9.10757770229149,
            4.466307026820617,
            -0.2521203411245907
        ],
        [
            1.8688565803106165,
            -6.9989164420326855,
            -0.29685158276494616
        ],
        [
            0.9845995272175205,
            -8.134420637642226,
            -0.2301983031972904
        ]
    ],
    "nodes": [
        2,
        3,
        3,
        4
    ],
    "scene": 6
}