{
    "centers": [
        [
            -7.2423262808924305,
            7.220127562597966,
            -0.45602061088859136
        ],
        [
            -5.719633468028073,
            4.517713350398413,
            -0.15255587314487556
        ],
        [
            -6.4556518406155305,
            -8.24781661028627,
            -0.4347214605570955
        ],
        [
            9.157899799027199,
            -5.575145803116868,
            -0.14554444831236824
        ],
        [
            3.8590354698736906,
            -3.6882629428509457,
            -0.46521900801413735
        ],
        [
            5.689473297091663,
            -4.875661417304109,
            -0.4424260371330397
        ]
    ],
    "nodes": [
        2,
        3,
        3,
        3,
        3,
        4
    ],
    "scene": 6
}