{
    "centers": [
        [
            -0.02129811017094596,
            -7.132360529756772,
            -0.28250934888031737
        ],
        [
            4.34420249562935,
            4.061708186539235,
            -0.3421293996992717
        ],
        [
            -8.007750541335055,
            8.136530028611467,
            -0.46957372530663427
        ],
        [
            2.0059814053837997,
            -0.8124138928572968,
            -0.2486912157925918
        ],
        [
            9.934101565441217,
            6.817657917039412,
            -0.10772954446941108
        ]
    ],
    "nodes": [
        3,
        3,
        3,
        4,
        4
    ],
    "scene": 6
}