{
    "centers": [
        [
            1.072025308546479,
            -6.669364952150141,
            -0.3515604487663868
        ],
        [
            -6.109353134329574,
            -7.953358275710308,
            -0.3830575419837186
        ],
        [
            -0.4780900390832308,
            2.291940225000131,
            -0.28040518428038286
        ],
        [
            -7.170061809642667,
            -3.0934573680558053,
            -0.41003593530229304
        ],
        [
            -2.197739735518958,
            8.668833696191282,
            -0.1522023450919004
        ],
        [
            8.773089877512458,
            -0.14955817510836233,
            -0.28558438561815946
        ]
    ],
    "nodes": [
        2,
        3,
        3,
        3,
        3,
        4
    ],
    "scene": 6
}