{
    "centers": [
        [
            6.837459636246564,
            -3.4167422427488425,
            -0.269094291535092
        ],
        [
            8.087944649638711,
            -9.85082817614785,
            -0.4985058458027991
        ],
        [
            2.901802599331946,
            -8.411494210183648,
            -0.4822028267287323
        ],
        [
            0.9361989110401847,
            -0.20808008016248536,
            -0.18810705196651606
        ]
    ],
    "nodes": [
        3,
        3,
        4,
        4
    ],
    "scene": 6
}