{
    "centers": [
        [
            6.503281602342888,
            0.12699514292479108,
            -0.40265441147463116
        ],
        [
            1.780309809456016,
            -6.867831370859574,
            -0.3429150466783899
        ],
        [
            -6.436275730296453,
            5.869805809482731,
            -0.12425671800188098
        ],
        [
            -5.667970907669517,
            8.726070889766095,
            -0.2576111620110202
        ],
        [
            8.611929994079262,
            -7.852360971014594,
            -0.12524949464666557
        ]
    ],
    "nodes": [
        2,
        3,
        3,
        3,
        4
    ],
    "scene": 6
}