{
    "centers": [
        [
            4.769941532973078,
            -3.699760051000885,
            -0.239401602775912
        ],
        [
            -2.71323788145639,
            5.2208344956389645,
            -0.1280407641338293
        ],
        [
            -4.138310359718059,
            3.3431367777074463,
            -0.38673669080177575
        ],
        [
            -5.016667341381684,
            -8.508921426323226,
            -0.47172179896093797
        ],
        [
            8.445111214227893,
            2.665900232550353,
            -0.41018232181962766
        ],
        [
            -3.313314489212427,
            8.403104156624298,
            -0.30795557899073134
        ]
    ],
    "nodes": [
        3,
        3,
        3,
        3,
        4,
        4
    ],
    "scene": 6
}