{
    "centers": [
        [
            -6.7285526668638695,
            9.675647750834528,
            -0.2060721257693387
        ],
        [
            -0.9559849461897763,
            5.083550781479111,
            -0.4007198285449747
        ],
        [
            1.6326738647499823,
            -7.938120036273522,
            -0.475001631164139
        ]
    ],
    "nodes": [
        3,
        3,
        4
    ],
    "scene": 6
}