{
    "centers": [
        [
            -4.025334172729438,
            9.223264730212858,
            -0.15037409850617522
        ],
        [
            7.905681491787796,
            -8.829540444796983,
            -0.37597053703805344
        ],
        [
            -9.092146003056655,
            6.641681307839114,
            -0.2815245001398453
        ],
        [
            1.0399218339898457,
            -6.157796181905537,
            -0.3623800446960257
        ],
        [
            5.867717239397837,
            1.4171613253829634,
            -0.45623395824416146
        ],
        [
            4.627070675534959,
            3.003627728036662,
            -0.3073460225278616
        ]
    ],
    "nodes": [
        2,
        3,
        3,
        3,
        3,
        4
    ],
    "scene": 6
}