{
    "centers": [
        [
            -0.12466942152648386,
            0.5891464547709404,
            -0.23501826143834004
        ],
        [
            5.748395870536523,
            -5.136412593510373,
            -0.45357845580230216
        ]
    ],
    "nodes": [
        1,
        1
    ],
    "scene": 7
}