{
    "centers": [
        [
            0.04951395577801421,
            5.692115877134471,
            -0.10290079001897773
        ],
        [
            -1.3907042804008807,
            -4.080655627111202,
            -0.49446602282413277
        ],
        [
            4.429039698389438,
            -1.561636729955513,
            -0.353360055551044
        ],
        [
            -6.875163788348693,
            1.3073736742793862,
            -0.22946341468774922
        ]
    ],
    "nodes": [
        1,
        1,
        1,
        3
    ],
    "scene": 7
}