{
    "centers": [
        [
            1.7962018810520846,
            6.05707794133053,
            -0.35514128217865315
        ],
        [
            6.321246164682378,
            4.046844629194911,
            -0.26628719341487583
        ]
    ],
    "nodes": [
        1,
        1
    ],
    "scene": 7
}