{
    "centers": [
        [
            -6.6085410302436,
            -4.27674576439506,
            -0.4375789332915186
        ],
        [
            3.480564631243791,
            6.394913453967661,
            -0.17275076424107833
        ],
        [
            -0.4724828617064176,
            -6.279669585966888,
            -0.17033819245948673
        ],
        [
            9.800888981957701,
            -7.804066250554786,
            -0.40966909282666497
        ]
    ],
    "nodes": [
        1,
        1,
        1,
        1
    ],
    "scene": 7
}