{
    "centers": [
        [
            -2.321327076770796,
            5.384850981896484,
            -0.3569415444789048
        ],
        [
            4.817955903405567,
            -5.6451582336745005,
            -0.27903096118111326
        ]
    ],
    "nodes": [
        1,
        1
    ],
    "scene": 7
}