{
    "centers": [
        [
            -6.277022380022634,
            0.23632952700259047,
            -0.4893185675070368
        ],
        [
            9.86905305011576,
            -8.554591895935156,
            -0.3145720780898532
        ],
        [
            1.0931836702564919,
            1.178562349681009,
            -0.35143975365302793
        ],
        [
            -4.360029615420904,
            5.609116167982789,
            -0.14407009064337084
        ]
    ],
    "nodes": [
        1,
        1,
        1,
        3
    ],
    "scene": 7
}