{
    "centers": [
        [
            -1.420755631721569,
            -4.560214042145829,
            -0.4992335281372873
        ],
        [
            -7.628286864788674,
            6.445920129819104,
            -0.3145581299448016
        ],
        [
            -2.5149983313471047,
            7.260346345718808,
            -0.23649155571057984
        ]
    ],
    "nodes": [
        1,
        1,
        1
    ],
    "scene": 7
}