{
    "centers": [
        [
            -0.14604678544348282,
            -3.154966751982311,
            -0.47391304998822475
        ],
        [
            9.598186352404184,
            -6.303391897543014,
            -0.4355074832437348
        ],
        [
            4.279428515982666,
            3.3165829853932713,
            -0.25164457433340315
        ],
        [
            -6.540543916016173,
            -7.994875630507741,
            -0.18477490070638808
        ]
    ],
    "nodes": [
        1,
        1,
        1,
        1
    ],
    "scene": 7
}