{
    "centers": [
        [
            6.489649458197,
            -6.113329002496375,
            -0.39311985599279264
        ],
        [
            3.515903854795141,
            5.686221256723627,
            -0.35492579742696767
        ],
        [
            5.402594785513221,
            3.544945500524946,
            -0.32839827808928707
        ]
    ],
    "nodes": [
        1,
        1,
        3
    ],
    "scene": 7
}