{
    "centers": [
        [
            0.19063896233663336,
            1.7014995084512776,
            -0.4341040854477125
        ],
        [
            6.873133171713448,
            -9.128592199901558,
            -0.46209856213842393
        ],
        [
            7.903822329874661,
            7.564853112271948,
            -0.2943769459297204
        ]
    ],
    "nodes": [
        1,
        1,
        1
    ],
    "scene": 7
}