{
    "centers": [
        [
            -7.592027385743236,
            -3.3440321999347162,
            -0.447940564054231
        ],
        [
            -9.66285798564866,
            -1.0994340465933874,
            -0.15401288984904343
        ],
        [
            -6.465954372630531,
            -9.090947974344788,
            -0.4244971106045848
        ],
        [
            -5.188302604645541,
            8.510822824209903,
            -0.45713059661402566
        ]
    ],
    "nodes": [
        1,
        1,
        1,
        3
    ],
    "scene": 7
}