{
    "centers": [
        [
            -1.094410215526425,
            8.47181301889496,
            -0.41332286120065154
        ],
        [
            0.5474972721658755,
            -2.1468997771677305,
            -0.34813454897936813
        ]
    ],
    "nodes": [
        1,
        1
    ],
    "scene": 7
}