{
    "centers": [
        [
            -4.973242019523836,
            9.381698646825743,
            -0.4000284710926447
        ],
        [
            -0.6542160819327751,
            6.735955125586091,
            -0.15923005646361732
        ],
        [
            9.95251417808825,
            -6.215067590345107,
            -0.1372501567784648
        ],
        [
            1.714305985294322,
            5.114869662200457,
            -0.20814980080879397
        ],
        [
            -4.054750514393135,
            -8.10478185610191,
            -0.4298577561184113
        ]
    ],
    "nodes": [
        1,
        1,
        1,
        1,
        3
    ],
    "scene": 7
}