{
    "centers": [
        [
            -2.11154968299883,
            2.728579372416192,
            -0.16875615092520446
        ],
        [
            -7.8110490211971495,
            -1.1103198533285212,
            -0.15937934343329369
        ],
        [
            -9.513293797745025,
            -2.0368597529577492,
            -0.13740096769414117
        ],
        [
            -5.636007816063975,
            -6.987987813510532,
            -0.32944742361464785
        ]
    ],
    "nodes": [
        1,
        1,
        1,
        1
    ],
    "scene": 7
}