{
    "centers": [
        [
            4.597928763994815,
            1.5609391075307748,
            -0.4430060454499824
        ],
        [
            -9.5331619679823,
            -4.925235452108998,
            -0.4241502762668743
        ],
        [
            0.7661171924847405,
            4.5025184814529275,
            -0.34815864401132524
        ]
    ],
    "nodes": [
        1,
        1,
        3
    ],
    "scene": 7
}