{
    "centers": [
        [
            7.922025180155053,
            -4.871909344587486,
            -0.10368413082198813
        ],
        [
            -6.369940072534468,
            7.426509594546214,
            -0.3575269751826733
        ],
        [
            9.806801149166539,
            -6.1009793349465635,
            -0.4785957891489093
        ],
        [
            -4.955181562509116,
            3.8045579976266204,
            -0.11259497526143242
        ],
        [
            -7.98366370420595,
            -2.3655994961572375,
            -0.2187605156727207
        ]
    ],
    "nodes": [
        1,
        1,
        1,
        1,
        3
    ],
    "scene": 7
}