{
    "centers": [
        [
            0.3857827508714955,
            -1.1400556824228865,
            -0.12156158542787648
        ],
        [
            -1.4959964243002979,
            2.83480097238626,
            -0.41322632474278814
        ],
        [
            -7.461458875531379,
            -3.675101444462845,
            -0.2849553903653883
        ],
        [
            4.566312746028521,
            8.337039976593395,
            -0.32685268174642246
        ]
    ],
    "nodes": [
        1,
        1,
        1,
        3
    ],
    "scene": 7
}