{
    "centers": [
        [
            1.4637412293089263,
            2.340865341468918,
            -0.18219821017246562
        ],
        [
            -2.8169284125550265,
            -9.962322473683745,
            -0.453081248349681
        ],
        [
            -3.960745495204476,
            -7.1821918650204974,
            -0.21464532805196607
        ],
        [
            2.8021211717161485,
            7.640932551599327,
            -0.21066715072234665
        ],
        [
            -8.710054226755247,
            -5.816624355825855,
            -0.25366215815597914
        ]
    ],
    "nodes": [
        1,
        1,
        1,
        1,
        3
    ],
    "scene": 7
}