{
    "centers": [
        [
            2.572042921781412,
            8.69821179918359,
            -0.10720842868317393
        ],
        [
            -3.7066216054496355,
            3.9660321378397363,
            -0.45054336695491587
        ],
        [
            -0.22680053159941593,
            -0.011115501993238297,
            -0.34183343333456556
        ]
    ],
    "nodes": [
        1,
        1,
        1
    ],
    "scene": 7
}