{
    "centers": [
        [
            9.727552680250557,
            -8.72593162262496,
            -0.46312590459980324
        ],
        [
            5.8273161288759585,
            -2.634488775823616,
            -0.3067198130979437
        ],
        [
            4.286274475753093,
            2.216327964685693,
            -0.2775395695858111
        ],
        [
            -6.353489602621545,
            5.962737168242278,
            -0.39944099974031644
        ]
    ],
    "nodes": [
        1,
        1,
        1,
        1
    ],
    "scene": 7
}