{
    "centers": [
        [
            9.24587749763996,
            8.262289329007274,
            -0.3453933672754978
        ],
        [
            -0.8177894304760365,
            -4.030386378116162,
            -0.13143623405007931
        ]
    ],
    "nodes": [
        1,
        1
    ],
    "scene": 7
}