{
    "centers": [
        [
            -1.1058818742442096,
            8.112187280591026,
            -0.4459952859313802
        ],
        [
            -7.804216726736377,
            9.126043306354532,
            -0.143272241188458
        ]
    ],
    "nodes": [
        1,
        1
    ],
    "scene": 7
}