{
    "centers": [
        [
            -9.123677501667341,
            -3.5325627420911925,
            -0.45192547038852876
        ],
        [
            3.1653777926535653,
            9.098400047588285,
            -0.4040740617690474
        ],
        [
            -0.761046152317185,
            7.825399620117441,
            -0.3507713628136687
        ],
        [
            -5.454740111656897,
            -1.6236374399088742,
            -0.12235736076262305
        ]
    ],
    "nodes": [
        1,
        1,
        1,
        1
    ],
    "scene": 7
}