{
    "centers": [
        [
            -2.240913942181189,
            -9.206808075058913,
            -0.18234476672867905
        ],
        [
            -3.054825735135738,
            -7.394377834725557,
            -0.11856174923205715
        ]
    ],
    "nodes": [
        1,
        1
    ],
    "scene": 7
}