{
    "centers": [
        [
            -7.874943299402495,
            -8.075617811085776,
            -0.4959861521546951
        ],
        [
            9.176187000219777,
            3.978658838509544,
            -0.4821812519650862
        ],
        [
            6.817252532057758,
            2.2272898541429935,
            -0.46132632404829227
        ],
        [
            3.9468625483746216,
            6.806332264237305,
            -0.22134213670619113
        ]
    ],
    "nodes": [
        1,
        1,
        1,
        3
    ],
    "scene": 7
}