{
    "centers": [
        [
            -7.8131678290704665,
            -9.069093644954174,
            -0.23120977842760526
        ],
        [
            4.535695630705586,
            4.836657577420764,
            -0.46485539140410675
        ],
        [
            7.23158164943743,
            -6.6849279414380725,
            -0.36151497422007445
        ],
        [
            8.428610849856394,
            6.778216840414192,
            -0.21019702802110213
        ]
    ],
    "nodes": [
        1,
        1,
        1,
        1
    ],
    "scene": 7
}