{
    "centers": [
        [
            2.465422587237704,
            2.4652908764653105,
            -0.13361431629600967
        ],
        [
            -7.331272134658471,
            5.1357777811046645,
            -0.19054476062144304
        ],
        [
            3.6292531381192745,
            -7.380468890983254,
            -0.17820903470147864
        ],
        [
            4.665831964703157,
            7.728226616696471,
            -0.29941840599473485
        ]
    ],
    "nodes": [
        1,
        1,
        1,
        3
    ],
    "scene": 7
}