{
    "centers": [
        [
            0.34095501631865943,
            7.344154731682952,
            -0.21039698955439046
        ],
        [
            8.904882831430672,
            -3.815778151389657,
            -0.3041639544371164
        ],
        [
            -6.178778449069768,
            1.1101544959290024,
            -0.42035806071642934
        ],
        [
            -2.136962553668229,
            -1.8996016790200407,
            -0.30108169904659254
        ],
        [
            7.319439672799668,
            -3.0322559938650384,
            -0.37065547116198083
        ]
    ],
    "nodes": [
        1,
        1,
        1,
        1,
        3
    ],
    "scene": 7
}