{
    "centers": [
        [
            -8.694980416563428,
            1.3852424639122418,
            -0.3446509079802399
        ],
        [
            9.324238387095189,
            9.01497937073816,
            -0.47769639486013826
        ],
        [
            -9.526151948232783,
            -9.519180260054947,
            -0.4368188336374993
        ]
    ],
    "nodes": [
        1,
        1,
        1
    ],
    "scene": 7
}