{
    "centers": [
        [
            -8.210415836860445,
            9.946418509565738,
            -0.4090259419081499
        ],
        [
            0.9661924911916415,
            -7.645517278357989,
            -0.4378286265468239
        ],
        [
            1.8840990697465578,
            5.822127124721746,
            -0.22493384294731994
        ]
    ],
    "nodes": [
        1,
        1,
        3
    ],
    "scene": 7
}