{
    "centers": [
        [
            -6.290329951739282,
            3.85919779828032,
            -0.3245393782455821
        ],
        [
            -3.9239885423906973,
            6.288202316074514,
            -0.46435581118169567
        ],
        [
            -1.3344611462866247,
            -3.5539484105579477,
            -0.1705972559995671
        ],
        [
            8.274785902026466,
            -0.2879115321001322,
            -0.48379912933932806
        ]
    ],
    "nodes": [
        1,
        1,
        1,
        3
    ],
    "scene": 7
}