{
    "centers": [
        [
            9.398887828009368,
            -6.7708200805616965,
            -0.2032420809697547
        ],
        [
            2.688940416324426,
            2.2548390059839267,
            -0.11139385158901005
        ],
        [
            -6.143707933488722,
            6.4675597731546475,
            -0.3584930285207589
        ],
        [
            1.586467843091068,
            5.088251391925159,
            -0.3382448416901145
        ],
        [
            -5.300460817765753,
            -7.74823086437022,
            -0.2568083877245648
        ]
    ],
    "nodes": [
        1,
        1,
        1,
        1,
        3
    ],
    "scene": 7
}