{
    "centers": [
        [
            6.397924295716393,
            1.0810652119613184,
            -0.10578400151122508
        ],
        [
            -1.3082615237840063,
            7.927692861620912,
            -0.2633719573498695
        ]
    ],
    "nodes": [
        1,
        1
    ],
    "scene": 7
}