{
    "centers": [
        [
            -2.271852017679336,
            4.32871164525616,
            -0.3512079202412217
        ],
        [
            -9.59672025278405,
            -1.5592875896651197,
            -0.20405387696786353
        ],
        [
            7.461283107647073,
            -3.0940250521492434,
            -0.3657056787779033
        ]
    ],
    "nodes": [
        1,
        1,
        1
    ],
    "scene": 7
}