{
    "centers": [
        [
            5.68157712002227,
            0.1671647962440872,
            -0.4369939807180818
        ],
        [
            2.142368701290332,
            -3.1195451525017104,
            -0.3414965149513499
        ],
        [
            -7.22625146396545,
            -2.169740361950259,
            -0.4954446810587237
        ]
    ],
    "nodes": [
        1,
        1,
        3
    ],
    "scene": 7
}