{
    "centers": [
        [
            4.173230093899747,
            -5.314104341245214,
            -0.3616625669700805
        ],
        [
            6.964173703970928,
            -1.892904956980777,
            -0.3328191404902727
        ]
    ],
    "nodes": [
        2,
        2
    ],
    "scene": 8
}