{
    "centers": [
        [
            8.200711017829015,
            -8.685254583170412,
            -0.4264144276412269
        ],
        [
            2.8779925083753213,
            4.210250023248305,
            -0.4713133334614078
        ],
        [
            -9.297958381608517,
            6.211343711561298,
            -0.37057882453463414
        ],
        [
            5.209540403744516,
            -1.2770995872226187,
            -0.2578914566971796
        ]
    ],
    "nodes": [
        2,
        2,
        2,
        3
    ],
    "scene": 8
}