{
    "centers": [
        [
            -1.1652251052609444,
            4.622217893464985,
            -0.32458746767980884
        ],
        [
            4.912247643790979,
            -2.6904603567842784,
            -0.33857874284321954
        ],
        [
            -1.8364192815546971,
            -1.0857079306895283,
            -0.4617581398893346
        ],
        [
            -0.45403499129314007,
            -4.848931792398734,
            -0.49801079508779555
        ],
        [
            6.760850212689419,
            7.056886307935454,
            -0.1921572848773503
        ]
    ],
    "nodes": [
        2,
        2,
        2,
        2,
        2
    ],
    "scene": 8
}