{
    "centers": [
        [
            -2.8009221560698983,
            -8.616917984239112,
            -0.18702003508684606
        ],
        [
            5.025907586025699,
            4.648445620452165,
            -0.19664243538432746
        ],
        [
            6.012340788785696,
            -3.0415991494934325,
            -0.49866978791244104
        ]
    ],
    "nodes": [
        2,
        2,
        3
    ],
    "scene": 8
}