{
    "centers": [
        [
            2.7143515236293965,
            5.29185597689221,
            -0.23252804400412902
        ],
        [
            5.57428898601453,
            -4.9307242360948695,
            -0.3308562254504638
        ],
        [
            -3.939464025200799,
            9.97539260308534,
            -0.19604046371591377
        ]
    ],
    "nodes": [
        2,
        2,
        3
    ],
    "scene": 8
}