{
    "centers": [
        [
            8.269893134816797,
            7.7529743757897265,
            -0.22742805394578436
        ],
        [
            -1.4127021779107825,
            -4.220385721784526,
            -0.1147811028578492
        ],
        [
            5.254234420348624,
            -1.2090857498962126,
            -0.2687858696860177
        ],
        [
            0.504588888424486,
            3.659862275292845,
            -0.20187458015352644
        ],
        [
            3.3776055969857683,
            5.876272186609864,
            -0.3088671989263002
        ],
        [
            -8.261552586351193,
            -0.10356797942902318,
            -0.15665180325033196
        ],
        [
            -7.299959563907534,
            2.59855026303876,
            -0.19481924383725568
        ]
    ],
    "nodes": [
        3,
        4,
        4,
        4,
        4,
        4,
        4
    ],
    "scene": 9
}