{
    "centers": [
        [
            2.2741607529366785,
            1.2986277136918627,
            -0.33458983274411297
        ],
        [
            6.146173708306456,
            -2.879355958677632,
            -0.419361555661964
        ],
        [
            -7.503394086458859,
            9.843635128776931,
            -0.46183704743517817
        ],
        [
            -3.6906022639734903,
            -2.2014930932782324,
            -0.31651833239131966
        ],
        [
            -1.236774142713987,
            5.059053197743729,
            -0.2128822750153272
        ],
        [
            6.748499120128233,
            -7.059991630719294,
            -0.450931986072579
        ]
    ],
    "nodes": [
        3,
        4,
        4,
        4,
        4,
        4
    ],
    "scene": 9
}