{
    "centers": [
        [
            -8.61840726624379,
            2.4476524869303873,
            -0.48966025083481834
        ],
        [
            -2.8953803806482803,
            -9.967128342016489,
            -0.327767530442405
        ],
        [
            -5.770144979134493,
            -5.783863335146611,
            -0.3621004290876945
        ],
        [
            -4.327883580141362,
            7.090863494128893,
            -0.39846616744909863
        ]
    ],
    "nodes": [
        4,
        4,
        4,
        4
    ],
    "scene": 9
}