{
    "centers": [
        [
            -3.1688070048923533,
            7.174281201588549,
            -0.4458675339141783
        ],
        [
            -9.346470064023729,
            -0.4929333593404053,
            -0.3305702333688915
        ],
        [
            -1.1310273630440015,
            5.782627717437347,
            -0.442021089352963
        ],
        [
            2.256111435388126,
            9.686483337026402,
            -0.3751138908631321
        ],
        [
            5.205831990037277,
            0.9775639368216105,
            -0.31433391212272976
        ],
        [
            9.266811581702001,
            4.167976297371453,
            -0.4537983673533239
        ],
        [
            6.427050688889246,
            -8.075082741702747,
            -0.12281302345737366
        ]
    ],
    "nodes": [
        3,
        4,
        4,
        4,
        4,
        4,
        4
    ],
    "scene": 9
}