{
    "centers": [
        [
            6.289628215162942,
            -6.723182691420777,
            -0.3421124895853415
        ],
        [
            8.074472682760142,
            1.9811289728062693,
            -0.21240467171062344
        ],
        [
            0.10782003019775033,
            3.5675178791966466,
            -0.36336265820184677
        ],
        [
            -8.826727954432139,
            -8.376426128327786,
            -0.3637774824071904
        ],
        [
            4.908559918431312,
            4.946088784903434,
            -0.4684787650241014
        ]
    ],
    "nodes": [
        4,
        4,
        4,
        4,
        4
    ],
    "scene": 9
}