{
    "centers": [
        [
            6.1830711590148155,
            4.740579837966434,
            -0.45030526760795564
        ],
        [
            -8.417870607718656,
            -9.58301111708206,
            -0.3733429711396842
        ],
        [
            -7.689048076393559,
            -5.64215545553316,
            -0.1852606330575925
        ],
        [
            5.459663783783711,
            9.855495131724314,
            -0.24844786719883105
        ],
        [
            -4.873074856848197,
            6.333537701595922,
            -0.12175362031480097
        ],
        [
            1.0324136751138582,
            2.017004665658833,
            -0.2998395262508155
        ],
        [
            -2.5254077084926996,
            3.2875928761935356,
            -0.2908107728876723
        ]
    ],
    "nodes": [
        3,
        4,
        4,
        4,
        4,
        4,
        4
    ],
    "scene": 9
}