{
    "centers": [
        [
            5.85054405211006,
            9.65765953877488,
            -0.41378261611506345
        ],
        [
            -9.262078536592215,
            0.2825484941009311,
            -0.2134163017604334
        ],
        [
            -3.247727675853815,
            -4.501431755451668,
            -0.1916185844339795
        ],
        [
            -8.009813628465432,
            3.734248494325225,
            -0.30738880020887394
        ],
        [
            -1.5659415808586061,
            5.916585792662893,
            -0.4639656207698637
        ],
        [
            1.679634294388734,
            -7.941432570991309,
            -0.49469124276021226
        ],
        [
            0.49825377347581146,
            5.139740644386915,
            -0.28537289041760994
        ]
    ],
    "nodes": [
        3,
        4,
        4,
        4,
        4,
        4,
        4
    ],
    "scene": 9
}