{
    "centers": [
        [
            -6.3000934975708915,
            1.3703365581196199,
            -0.17102338473962153
        ],
        [
            -5.266312037719551,
            -1.4389625920134375,
            -0.44856499676272904
        ],
        [
            8.045118336735282,
            -3.999144934595482,
            -0.11140934950664994
        ],
        [
            5.890779110394011,
            7.982888524895458,
            -0.33280411980605096
        ],
        [
            -7.533869437592564,
            2.905544518047394,
            -0.20739176049386548
        ],
        [
            2.2981642115950596,
            -0.648063985873863,
            -0.22127378492410665
        ]
    ],
    "nodes": [
        4,
        4,
        4,
        4,
        4,
        4
    ],
    "scene": 9
}