{
    "centers": [
        [
            4.03816558186238,
            4.300883401026837,
            -0.29474013763726403
        ],
        [
            -5.667197697971198,
            -9.318710480001766,
            -0.23188781278632126
        ],
        [
            0.45809229417127284,
            -5.423867990466357,
            -0.10055978343752231
        ],
        [
            -7.102929730675928,
            -4.185362442325184,
            -0.2203204024089826
        ],
        [
            1.234669103686791,
            -1.4883453898355548,
            -0.3369046762497356
        ],
        [
            2.889580369885481,
            -2.6182208163628617,
            -0.4001046893266936
        ]
    ],
    "nodes": [
        3,
        4,
        4,
        4,
        4,
        4
    ],
    "scene": 9
}