{
    "centers": [
        [
            5.1037199513366645,
            0.8329438926414205,
            -0.26640151243453813
        ],
        [
            8.698012848530315,
            -8.31968514597075,
            -0.25931334252972504
        ],
        [
            -1.6241882362704274,
            -2.640103706120069,
            -0.30988569489072937
        ],
        [
            0.24946899473278172,
            -4.3690905197750585,
            -0.3390538761766568
        ],
        [
            6.833697316359647,
            4.470235741027658,
            -0.32767154876155025
        ],
        [
            7.5703253609719745,
            1.8151960586619893,
            -0.34483212245894646
        ]
    ],
    "nodes": [
        4,
        4,
        4,
        4,
        4,
        4
    ],
    "scene": 9
}