{
    "centers": [
        [
            5.257267517193329,
            5.821455639464235,
            -0.36645983252956604
        ],
        [
            -8.749814267442355,
            9.771160167885512,
            -0.3929083752715976
        ],
        [
            2.2815679943728266,
            2.3470996669858923,
            -0.3759691953532246
        ],
        [
            6.756474234803093,
            -5.968912900298831,
            -0.10947491315981361
        ],
        [
            8.563619730001342,
            1.5304045888443625,
            -0.18796819587431568
        ],
        [
            -0.6532735260844227,
            0.46493917673313234,
            -0.37407942598332355
        ]
    ],
    "nodes": [
        3,
        4,
        4,
        4,
        4,
        4
    ],
    "scene": 9
}