{
    "centers": [
        [
            4.218457389566648,
            -7.304236832923802,
            -0.19448094202434763
        ],
        [
            -3.0663291757094058,
            -3.6965380130719705,
            -0.12417853506448706
        ],
        [
            -7.659357774721918,
            0.3001068251047485,
            -0.1309737144708299
        ]
    ],
    "nodes": [
        4,
        4,
        4
    ],
    "scene": 9
}