{
    "centers": [
        [
            -1.6666091341647196,
            -9.042795563070225,
            -0.45694796604353155
        ],
        [
            5.408398453905832,
            5.561665117247792,
            -0.17872168188213644
        ],
        [
            8.564137702793072,
            2.682412608447276,
            -0.380614985077156
        ],
        [
            -4.213625275593693,
            7.320124856547004,
            -0.22763883284094394
        ],
        [
            1.67314404419926,
            -6.794317433835431,
            -0.3595130311122778
        ]
    ],
    "nodes": [
        3,
        4,
        4,
        4,
        4
    ],
    "scene": 9
}