{
    "centers": [
        [
            -0.30058930603376766,
            -6.451727065903199,
            -0.18178836830778494
        ],
        [
            4.646346231595956,
            -7.929317723953875,
            -0.3844990268935495
        ],
        [
            -3.4448705883027504,
            6.995692227083939,
            -0.4651397900750317
        ],
        [
            1.9694058138565822,
            -2.974562410425614,
            -0.3997933498555698
        ],
        [
            -8.016965320305884,
            -1.0463490337539376,
            -0.40543562240213565
        ]
    ],
    "nodes": [
        3,
        4,
        4,
        4,
        4
    ],
    "scene": 9
}