{
    "centers": [
        [
            -4.694134814929363,
            -1.7637229349223364,
            -0.48803064655352524
        ],
        [
            -3.1940148402194213,
            4.814978083273829,
            -0.16601959859727672
        ],
        [
            -0.5255925799096755,
            -9.742494556244539,
            -0.3415147145342669
        ],
        [
            -6.001842504592105,
            7.610096305564188,
            -0.11315350348230829
        ],
        [
            -8.86766569626552,
            -4.147734292878424,
            -0.32050577684494636
        ],
        [
            -8.18786332830805,
            -4.881149826757161,
            -0.37783331977030876
        ]
    ],
    "nodes": [
        3,
        4,
        4,
        4,
        4,
        4
    ],
    "scene": 9
}