{
    "centers": [
        [
            -2.237987798600587,
            -0.47440846206202814,
            -0.32222286679904116
        ],
        [
            -5.596103865899861,
            5.651265372014883,
            -0.1828719074267724
        ],
        [
            2.8392623389329703,
            4.12624678433156,
            -0.43497799654314306
        ],
        [
            -6.200983254849133,
            -7.738396026357104,
            -0.21542933685657906
        ]
    ],
    "nodes": [
        4,
        4,
        4,
        4
    ],
    "scene": 9
}