{
    "centers": [
        [
            -6.049214661853615,
            5.773202699643553,
            -0.3863703624197899
        ],
        [
            -2.3772787009721537,
            9.608019360513158,
            -0.24923178693599018
        ],
        [
            -8.562333759588263,
            -5.835125201030622,
            -0.1263315350139182
        ],
        [
            9.22331197253467,
            1.6724028621780658,
            -0.43230348194708446
        ],
        [
            6.1140333532335625,
            -4.064806117480419,
            -0.19398031718854564
        ]
    ],
    "nodes": [
        4,
        4,
        4,
        4,
        4
    ],
    "scene": 9
}