{
    "centers": [
        [
            7.141389587213883,
            0.6949638425833911,
            -0.1960618629170892
        ],
        [
            0.9044997109871638,
            -2.759890308962767,
            -0.36750791637570907
        ],
        [
            -5.584687667421235,
            9.125082846857023,
            -0.3711365512606255
        ],
        [
            9.864537107555943,
            -1.828396745252899,
            -0.10305032246212548
        ],
        [
            -0.42915927110452756,
            -4.312681870949186,
            -0.3816356929345398
        ]
    ],
    "nodes": [
        4,
        4,
        4,
        4,
        4
    ],
    "scene": 9
}