{
    "centers": [
        [
            2.721051172382623,
            8.935602859224549,
            -0.34434286645375656
        ],
        [
            -0.5979677584461349,
            -3.9080036124691393,
            -0.29529678752910093
        ],
        [
            4.903422240749581,
            6.099298469558324,
            -0.22939417609016904
        ],
        [
            -5.713857419083441,
            -0.17444046136617786,
            -0.433836559126389
        ],
        [
            2.0996936559675525,
            -5.05678989794686,
            -0.4111220647789434
        ]
    ],
    "nodes": [
        4,
        4,
        4,
        4,
        4
    ],
    "scene": 9
}