{
    "centers": [
        [
            8.59427816650706,
            5.336167666766528,
            -0.44042137139423293
        ],
        [
            -7.644720846979793,
            -4.833724118386884,
            -0.18738403909446077
        ],
        [
            -8.971720186408177,
            6.952003158777302,
            -0.31240334327006536
        ]
    ],
    "nodes": [
        4,
        4,
        4
    ],
    "scene": 9
}