{
    "centers": [
        [
            -5.998608616322709,
            -7.002623555857188,
            -0.3485201661655747
        ],
        [
            2.5366053478795934,
            -5.005396262663597,
            -0.23440410841529158
        ],
        [
            -1.6339282856458759,
            7.644031413080722,
            -0.4482614056070222
        ],
        [
            1.0330480894335796,
            0.12743692028217524,
            -0.26544186020361527
        ],
        [
            8.672408848235456,
            1.5187844588910675,
            -0.48145610014898604
        ],
        [
            -9.96109083532862,
            -1.4512154096572552,
            -0.399916533482722
        ]
    ],
    "nodes": [
        3,
        4,
        4,
        4,
        4,
        4
    ],
    "scene": 9
}