{
    "centers": [
        [
            -6.467200785144824,
            3.8201391498958,
            -0.3830246363271449
        ],
        [
            -9.86643592487174,
            6.0624066929027585,
            -0.4553864676740284
        ],
        [
            -5.363541942118772,
            -3.261472898434345,
            -0.44841507548019377
        ],
        [
            -3.2664377700440834,
            2.42412751960069,
            -0.3826336874738135
        ]
    ],
    "nodes": [
        3,
        4,
        4,
        4
    ],
    "scene": 9
}