{
    "centers": [
        [
            6.79201947555066,
            -1.0650487366145551,
            -0.27598526386784406
        ],
        [
            7.729532455443021,
            -9.311411500985356,
            -0.16587249645858027
        ],
        [
            1.14950900834984,
            -8.561263782114716,
            -0.3070369089542505
        ],
        [
            8.942126528113906,
            7.209162382851044,
            -0.24088884288944118
        ],
        [
            2.0038696988846834,
            4.759252283386994,
            -0.159192107130035
        ]
    ],
    "nodes": [
        3,
        4,
        4,
        4,
        4
    ],
    "scene": 9
}