{
    "centers": [
        [
            -0.2349328279027656,
            -4.082790614579059,
            -0.3657262837414509
        ],
        [
            -9.570087134353418,
            9.690439559672829,
            -0.3419014796401011
        ],
        [
            9.063734955071226,
            0.9637934288693888,
            -0.4690147152717682
        ],
        [
            -5.359735597253749,
            -5.312277149610969,
            -0.3116217386355752
        ]
    ],
    "nodes": [
        4,
        4,
        4,
        4
    ],
    "scene": 9
}