{
    "centers": [
        [
            -3.8850397003976074,
            1.1264327427724208,
            -0.18667026087490207
        ],
        [
            -3.2642394728810515,
            8.673945835399056,
            -0.45574813934058966
        ],
        [
            -8.72707286586695,
            2.289927944123253,
            -0.150289805775357
        ],
        [
            2.432482414982452,
            5.325044478187092,
            -0.1749060808819778
        ],
        [
            1.4825078816237074,
            -9.066019162789514,
            -0.19724083068781884
        ],
        [
            0.3719935735761446,
            0.010909313505070628,
            -0.49490375729366504
        ],
        [
            -2.658117500041362,
            -6.479438896327103,
            -0.4149290609939038
        ]
    ],
    "nodes": [
        3,
        4,
        4,
        4,
        4,
        4,
        4
    ],
    "scene": 9
}