{
    "centers": [
        [
            4.92640060102608,
            -6.16157418883237,
            -0.17639598609450036
        ],
        [
            5.956502562495709,
            0.49205890699760246,
            -0.3372122445792231
        ],
        [
            -6.802558377892744,
            2.871258187550181,
            -0.1545048523054131
        ],
        [
            -1.5583065133762481,
            6.88644581286211,
            -0.16234507962466865
        ],
        [
            -7.898066973751307,
            8.179348059410952,
            -0.15546903463039607
        ]
    ],
    "nodes": [
        4,
        4,
        4,
        4,
        4
    ],
    "scene": 9
}