{
    "centers": [
        [
            -6.692414851969122,
            -7.003159056458841,
            -0.3882277631525294
        ],
        [
            -0.6028338065600547,
            7.720851554576871,
            -0.3514767973399836
        ],
        [
            -5.592345789346735,
            -0.7831969289693284,
            -0.46151414787262
        ],
        [
            5.243908794227309,
            -7.89859937215712,
            -0.12863640569247708
        ],
        [
            3.317855116307255,
            6.196571201224028,
            -0.25851781516458056
        ],
        [
            7.364103156210092,
            0.017340643548664048,
            -0.1420513328498098
        ]
    ],
    "nodes": [
        3,
        4,
        4,
        4,
        4,
        4
    ],
    "scene": 9
}