{
    "centers": [
        [
            3.6736596619547974,
            -4.5279804232176035,
            -0.17938975577455363
        ],
        [
            2.3010188958731526,
            1.0344609403511473,
            -0.44414068553029196
        ],
        [
            9.061731310172846,
            4.038276304189788,
            -0.390338844034813
        ],
        [
            7.540486964994706,
            8.636553865435815,
            -0.41844733011624463
        ],
        [
            -2.5374316767900673,
            -1.1347201201084118,
            -0.3014531769044063
        ],
        [
            -6.333046493242501,
            6.0961947964740695,
            -0.18699816952673448
        ]
    ],
    "nodes": [
        3,
        4,
        4,
        4,
        4,
        4
    ],
    "scene": 9
}