{
    "centers": [
        [
            7.326488125410336,
            1.4709704548412752,
            -0.1320228243540762
        ],
        [
            9.990327105159547,
            4.3102983954909995,
            -0.2708034425840401
        ],
        [
            9.221354010400553,
            0.0024399979276790162,
            -0.31065582032387073
        ],
        [
            -5.772797995251507,
            -1.8295097267246252,
            -0.3361443102705237
        ]
    ],
    "nodes": [
        3,
        4,
        4,
        4
    ],
    "scene": 9
}