{
    "centers": [
        [
            4.917264356875492,
            0.485508655104546,
            -0.4426996629153384
        ],
        [
            -5.601226890780204,
            7.0421959913178895,
            -0.46922503080477695
        ],
        [
            -0.36286990036938427,
            -5.828294878299842,
            -0.48211045278814263
        ],
        [
            -9.600469024659972,
            -6.949093746718418,
            -0.10404443354770582
        ],
        [
            7.588614265511165,
            6.00347837794196,
            -0.2561482348702542
        ],
        [
            0.8519009982815362,
            -1.0703097002637207,
            -0.29150126427966827
        ],
        [
            9.626499252287406,
            2.8267413907798655,
            -0.48066171096014204
        ]
    ],
    "nodes": [
        3,
        4,
        4,
        4,
        4,
        4,
        4
    ],
    "scene": 9
}