{
    "centers": [
        [
            6.4581040042275895,
            0.21413303785403137,
            -0.48268697435335195
        ],
        [
            -6.133077321943812,
            6.446273777317192,
            -0.42133338321013325
        ],
        [
            -7.694332634848009,
            9.036352441452092,
            -0.4728050251678519
        ],
        [
            -1.071588724262762,
            8.27436496563751,
            -0.306793966735045
        ],
        [
            -3.5139033385339413,
            -7.5642442927393745,
            -0.2215093552915675
        ],
        [
            9.095476386430569,
            -9.980332442878279,
            -0.2821252689416649
        ]
    ],
    "nodes": [
        3,
        4,
        4,
        4,
        4,
        4
    ],
    "scene": 9
}