{
    "centers": [
        [
            -6.677594151937452,
            -9.641648335252315,
            -0.14274040458561138
        ],
        [
            4.386591345368352,
            7.189933719503614,
            -0.12825721470437407
        ],
        [
            3.5577476100627266,
            9.054154544066101,
            -0.1134017978377026
        ],
        [
            -5.866834458777932,
            -3.1708065591896917,
            -0.41641425283566064
        ]
    ],
    "nodes": [
        3,
        4,
        4,
        4
    ],
    "scene": 9
}