{
    "centers": [
        [
            -4.924355141376704,
            -5.282253426274986,
            -0.12624057000248345
        ],
        [
            -7.065978367921142,
            9.953709477547562,
            -0.21861651245033875
        ],
        [
            7.86404481713835,
            -1.3784899802204151,
            -0.2255889432395935
        ],
        [
            -1.2402822752711735,
            -7.519223074954631,
            -0.24175246727083605
        ]
    ],
    "nodes": [
        3,
        4,
        4,
        4
    ],
    "scene": 9
}