{
    "centers": [
        [
            8.121976298385377,
            7.189827324265039,
            -0.2087452094650627
        ],
        [
            -2.589376246765802,
            -9.260061013042195,
            -0.37679329087983915
        ],
        [
            6.333259870556262,
            5.357999957204582,
            -0.2630190511046866
        ],
        [
            1.5028154681626624,
            0.8569991901804563,
            -0.24999444289551637
        ],
        [
            -3.834717952752653,
            -2.2828596126390854,
            -0.31279968940193065
        ]
    ],
    "nodes": [
        3,
        4,
        4,
        4,
        4
    ],
    "scene": 9
}