{
    "centers": [
        [
            7.662696475816524,
            9.157989242420165,
            -0.3271513303491307
        ],
        [
            0.22850646933685148,
            -5.63169010718326,
            -0.43276234862288626
        ],
        [
            8.279773857527466,
            -9.652067935998145,
            -0.46296257266133745
        ],
        [
            -5.249855117678139,
            1.0588016367835067,
            -0.3972047721938209
        ],
        [
            9.699661919018553,
            4.207592604261098,
            -0.3889986352105136
        ]
    ],
    "nodes": [
        3,
        4,
        4,
        4,
        4
    ],
    "scene": 9
}