{
    "centers": [
        [
            1.0279365904989408,
            5.720869456418145,
            -0.21196527664769566
        ],
        [
            -1.372862956602587,
            -7.770279162393319,
            -0.19192496297860484
        ],
        [
            -2.618258309184311,
            6.398640910748668,
            -0.1304169181169043
        ]
    ],
    "nodes": [
        4,
        4,
        4
    ],
    "scene": 9
}