{
    "centers": [
        [
            -8.925649948532294,
            -2.2063040300640946,
            -0.3822881575150597
        ],
        [
            7.427023404070656,
            0.7520300432253038,
            -0.36799834408647125
        ],
        [
            -5.703028420851135,
            -9.942701660369647,
            -0.2947981394559691
        ],
        [
            4.930540017736597,
            -0.8487954038979986,
            -0.3238601464341714
        ],
        [
            5.7918989072306495,
            2.207263825256776,
            -0.4063420684010641
        ]
    ],
    "nodes": [
        4,
        4,
        4,
        4,
        4
    ],
    "scene": 9
}