{
    "centers": [
        [
            0.27833279864936955,
            0.758132796620492,
            -0.3871361908167728
        ],
        [
            -0.7277916687914399,
            6.490687243732474,
            -0.4331217566294794
        ],
        [
            -3.7011706663951056,
            9.135320436504266,
            -0.13982162834490858
        ],
        [
            7.772363951494185,
            -4.175167493218737,
            -0.18270705107147306
        ],
        [
            4.386871385469281,
            2.670791076142308,
            -0.2457194393198242
        ],
        [
            -5.211280731661816,
            0.013419967823772083,
            -0.49178433360308504
        ]
    ],
    "nodes": [
        4,
        4,
        4,
        4,
        4,
        4
    ],
    "scene": 9
}