{
    "centers": [
        [
            1.9251088137898122,
            7.9561317565667835,
            -0.33020963611745885
        ],
        [
            -9.925943431653145,
            -3.6875671236492185,
            -0.18647856462347012
        ],
        [
            -5.834827839845933,
            -7.726069700598071,
            -0.4150408510104473
        ],
        [
            -8.108311320720622,
            3.1885747865105287,
            -0.3842114666699997
        ]
    ],
    "nodes": [
        4,
        4,
        4,
        4
    ],
    "scene": 9
}