{
    "centers": [
        [
            2.4012667361088607,
            -2.5890897073263863,
            -0.46826591947924445
        ],
        [
            8.152828061792782,
            2.7341515468484463,
            -0.46811932218992736
        ],
        [
            3.192345119221404,
            0.30605200356716367,
            -0.22125906042126148
        ],
        [
            5.242706134569113,
            -6.702343329619966,
            -0.1686902330982316
        ]
    ],
    "nodes": [
        4,
        4,
        4,
        4
    ],
    "scene": 9
}