{
    "centers": [
        [
            6.661351988662766,
            9.658493989969188,
            -0.3994903434874066
        ],
        [
            -9.907664222369732,
            -9.635116637588247,
            -0.4002734001625486
        ],
        [
            7.824188905314845,
            -0.5081282832950951,
            -0.37095649898176075
        ],
        [
            2.9286183529680105,
            8.733935018019782,
            -0.31384527209258095
        ],
        [
            -1.0309965834008121,
            -8.65318463710938,
            -0.10554255634811066
        ]
    ],
    "nodes": [
        1,
        1,
        3,
        3,
        3
    ],
    "scene": 2
}