{
    "centers": [
        [
            -9.146807757989425,
            -3.490578860361504,
            -0.2507510782648512
        ],
        [
            -8.016520039526805,
            -0.5474429974260993,
            -0.4838863353980319
        ],
        [
            7.835873364392821,
            -4.893020684618817,
            -0.3517472298245755
        ],
        [
            2.2872338451520857,
            -7.137615833066995,
            -0.21909228118949547
        ],
        [
            -0.0784553704786699,
            7.438403494752812,
            -0.17967216676217257
        ]
    ],
    "nodes": [
        1,
        1,
        3,
        3,
        3
    ],
    "scene": 2
}