{
    "centers": [
        [
            7.1584994569808345,
            -0.889871939885051,
            -0.3041592955392176
        ],
        [
            1.0410098373591872,
            3.39955025898427,
            -0.4890627209076204
        ],
        [
            9.98560878161907,
            -7.097343507804446,
            -0.4444671137780677
        ],
        [
            -7.586883349951677,
            0.47897953406383564,
            -0.29867490867872826
        ],
        [
            -6.130426310752306,
            8.773984504707258,
            -0.22760145783533348
        ],
        [
            -3.2215913401636946,
            7.976783467206996,
            -0.14758412082824024
        ]
    ],
    "nodes": [
        1,
        1,
        3,
        3,
        3,
        3
    ],
    "scene": 2
}