{
    "centers": [
        [
            -0.5336690473725643,
            -2.3559097240797966,
            -0.4046520049676664
        ],
        [
            0.4027373604467783,
            4.03002590337973,
            -0.12278183425595562
        ],
        [
            -8.656785491075034,
            -8.688116742074303,
            -0.30696162380582476
        ],
        [
            4.30245360404518,
            6.334846569650363,
            -0.41407594008520776
        ],
        [
            -7.166781572816527,
            -4.412545680269384,
            -0.4582962703313743
        ]
    ],
    "nodes": [
        1,
        1,
        3,
        3,
        3
    ],
    "scene": 2
}