{
    "centers": [
        [
            -4.308221791719089,
            -3.6646221639050385,
            -0.36128707727422993
        ],
        [
            2.8686697263835903,
            -9.768929567088954,
            -0.4175008000472493
        ],
        [
            -9.521678995556965,
            -6.313201799010342,
            -0.47407557997961436
        ],
        [
            -2.376156067717412,
            -2.1751981161735774,
            -0.14278620104400397
        ],
        [
            -1.4306299605906592,
            -8.667650661077902,
            -0.18313030795342083
        ],
        [
            5.813965908656529,
            -0.41652950763450214,
            -0.45935230313341757
        ]
    ],
    "nodes": [
        1,
        1,
        3,
        3,
        3,
        3
    ],
    "scene": 2
}