{
    "centers": [
        [
            -2.0381731194685653,
            -7.5770564962728955,
            -0.24632100351186403
        ],
        [
            -5.448783582960976,
            7.377299904273389,
            -0.4542691688548321
        ],
        [
            3.4112655756593746,
            -5.216134420944529,
            -0.37136750336468116
        ],
        [
            1.851727018940192,
            6.357270809184897,
            -0.25699926577081744
        ],
        [
            -4.607926974082101,
            -3.3093679136001874,
            -0.4419845933545821
        ],
        [
            7.250349427089844,
            -9.836724996952285,
            -0.14413477739399305
        ],
        [
            8.673808698657965,
            -0.3438976315497033,
            -0.16754437894559931
        ]
    ],
    "nodes": [
        1,
        3,
        3,
        3,
        3,
        3,
        3
    ],
    "scene": 3
}