{
    "centers": [
        [
            1.4662927747237458,
            3.6613999790386096,
            -0.3946964007304491
        ],
        [
            -1.9661343245098664,
            -4.674193251650774,
            -0.3508099241164526
        ],
        [
            -4.054624663781034,
            1.116668920764365,
            -0.3602240996750772
        ],
        [
            -2.971890229337408,
            -7.078067190270989,
            -0.2370740406123259
        ],
        [
            -4.682780745311293,
            -0.9256813652762563,
            -0.13279378620318633
        ]
    ],
    "nodes": [
        1,
        3,
        3,
        3,
        3
    ],
    "scene": 3
}