{
    "centers": [
        [
            6.207280795041239,
            -2.4144916562315117,
            -0.1162271464541858
        ],
        [
            -8.384574277024676,
            -7.751432092002615,
            -0.15816333841329233
        ],
        [
            4.744167762930292,
            2.017845421325063,
            -0.35254807831834956
        ],
        [
            8.60359099726001,
            -0.055998007757063206,
            -0.46280255078078886
        ],
        [
            3.3133420308679185,
            3.6139248664407724,
            -0.3809776398817853
        ],
        [
            -9.917701852832062,
            8.874597657322958,
            -0.10742745937377807
        ]
    ],
    "nodes": [
        1,
        3,
        3,
        3,
        3,
        3
    ],
    "scene": 3
}