{
    "centers": [
        [
            7.430698717304715,
            5.674582245227921,
            -0.2624469485752336
        ],
        [
            -9.855694432445848,
            3.9419290594696115,
            -0.21140914618083168
        ],
        [
            0.25972754302966905,
            -1.867975344643849,
            -0.40004287802245236
        ],
        [
            8.49106244629506,
            0.040682870403090376,
            -0.19337304628358964
        ],
        [
            -4.818125798124795,
            -7.556976077804576,
            -0.23284677837701834
        ],
        [
            -1.9807791214010155,
            -1.1928183634376825,
            -0.2849715245184635
        ],
        [
            -3.3521159502100195,
            6.784529899814345,
            -0.17753163888945828
        ],
        [
            -0.503768770080546,
            -8.572625774449786,
            -0.18209187239438995
        ],
        [
            4.263972382714838,
            8.092587606261048,
            -0.1460821800937646
        ],
        [
            5.502650515161756,
            1.4844803876304464,
            -0.19371850434866472
        ]
    ],
    "nodes": [
        1,
        3,
        3,
        3,
        3,
        3,
        3,
        3,
        3,
        3
    ],
    "scene": 3
}