{
    "centers": [
        [
            -9.607052728218973,
            8.3606236055534,
            -0.2162048517703382
        ],
        [
            9.46670250783366,
            7.338836464976026,
            -0.11905021291486917
        ],
        [
            -8.752052566973578,
            -1.6464307027163887,
            -0.20889588328429726
        ],
        [
            3.765519771013416,
            -5.875206447533889,
            -0.30319692648008534
        ],
        [
            1.2359618467821676,
            -3.3967943025871232,
            -0.3575992020283376
        ],
        [
            -7.963630153024626,
            6.425049879639818,
            -0.13271149786658493
        ],
        [
            -4.372529766181135,
            -4.514475245702485,
            -0.18968674222734777
        ],
        [
            -1.3666856683369843,
            1.5014504756960338,
            -0.32449534572566563
        ]
    ],
    "nodes": [
        1,
        3,
        3,
        3,
        3,
        3,
        3,
        3
    ],
    "scene": 3
}