{
    "centers": [
        [
            9.777586282433713,
            4.189078408712621,
            -0.18015154263580369
        ],
        [
            5.092365197368771,
            5.264834700391301,
            -0.39963263583266406
        ],
        [
            -7.3124162022015415,
            -6.9812504905375805,
            -0.2656516221859535
        ],
        [
            3.580950628855531,
            -3.680832744694291,
            -0.14526617203651282
        ],
        [
            -3.0858601188527164,
            -4.669130411599265,
            -0.36486101789580716
        ],
        [
            -8.076702752464485,
            0.09739047692006508,
            -0.16762588685178714
        ],
        [
            2.021103993346074,
            -1.8079346663095706,
            -0.28784139800780933
        ],
        [
            0.8487169121499232,
            1.0626046871694825,
            -0.18789299295353712
        ],
        [
            -2.3752672011536724,
            -8.431604978013084,
            -0.47005217278096484
        ]
    ],
    "nodes": [
        1,
        3,
        3,
        3,
        3,
        3,
        3,
        3,
        3
    ],
    "scene": 3
}