{
    "centers": [
        [
            -0.8745721397805717,
            1.2524321226284094,
            -0.12801641737003494
        ],
        [
            6.875901293757419,
            8.898414872731358,
            -0.14044623729908978
        ],
        [
            -3.829343292071739,
            -5.87680487818538,
            -0.4778470044396227
        ],
        [
            -8.901844710653267,
            -0.032693090922977674,
            -0.4862402557146344
        ],
        [
            8.320414117578373,
            -1.3086392113964962,
            -0.43173919856490983
        ],
        [
            -4.739011283846109,
            -4.907157357578143,
            -0.12931073334982196
        ],
        [
            1.3727322848963315,
            5.843916720200333,
            -0.4923157821034711
        ],
        [
            -1.7907758960847868,
            -8.929182421798343,
            -0.1624744952006567
        ]
    ],
    "nodes": [
        1,
        3,
        3,
        3,
        3,
        3,
        3,
        3
    ],
    "scene": 3
}