{
    "centers": [
        [
            -7.567839104808818,
            -6.610164768215279,
            -0.4337213983938057
        ],
        [
            6.715671083534307,
            1.206592423403258,
            -0.40011073654344254
        ],
        [
            -9.871198599185956,
            -1.437329288488451,
            -0.3593439623253968
        ],
        [
            5.784293611513956,
            -8.567421408073335,
            -0.17362453674554001
        ],
        [
            -2.0074480863917277,
            2.023882819271014,
            -0.18068706374220822
        ],
        [
            -0.019052252614052634,
            9.31712167645998,
            -0.3799653753856036
        ],
        [
            2.017431942495131,
            -2.117610136118911,
            -0.24282191968310113
        ]
    ],
    "nodes": [
        1,
        3,
        3,
        3,
        3,
        3,
        3
    ],
    "scene": 3
}