{
    "centers": [
        [
            5.825184296973704,
            -2.193485982191614,
            -0.17408111717830677
        ],
        [
            -0.28502045523835307,
            7.980367984888833,
            -0.1054164327096262
        ],
        [
            -3.681241256235368,
            1.3395504370447426,
            -0.23558929422322922
        ],
        [
            6.831549412040687,
            -7.7596985376606575,
            -0.12898014480666298
        ],
        [
            -2.7602314225685802,
            -5.14236098428563,
            -0.2069664622114925
        ]
    ],
    "nodes": [
        1,
        3,
        3,
        3,
        3
    ],
    "scene": 3
}