{
    "centers": [
        [
            0.020114424505791817,
            2.7587999010145463,
            -0.49317767213643077
        ],
        [
            2.5956311185845102,
            -3.5239161908284933,
            -0.4686076490011507
        ],
        [
            -7.958725738356769,
            2.019567965768175,
            -0.4130657079520061
        ],
        [
            7.786841376346164,
            8.603070463423776,
            -0.26199947999072987
        ],
        [
            -5.4810395513060755,
            -2.6497774024484544,
            -0.4155675470996465
        ],
        [
            6.622729004521226,
            0.029845995138405357,
            -0.3927484184247858
        ]
    ],
    "nodes": [
        1,
        3,
        3,
        3,
        3,
        3
    ],
    "scene": 3
}