{
    "centers": [
        [
            6.983655293884986,
            2.295452024296562,
            -0.27719082790920324
        ],
        [
            -1.3129429069090204,
            6.481671983950324,
            -0.24547272432838607
        ]
    ],
    "nodes": [
        0,
        1
    ],
    "scene": 4
}