{
    "centers": [
        [
            -4.963180963852221,
            -0.056810325512630655,
            -0.12977937163409797
        ],
        [
            2.339877364905149,
            -5.759170652302492,
            -0.43780717335422337
        ],
        [
            -1.4904461224094572,
            6.378306867907536,
            -0.21554655837843012
        ]
    ],
    "nodes": [
        0,
        1,
        3
    ],
    "scene": 4
}