{
    "centers": [
        [
            1.0838503621900024,
            1.598257689594595,
            -0.37652616481118323
        ],
        [
            4.529353526599362,
            8.346930459048796,
            -0.4571868808467464
        ],
        [
            -0.24276419530984406,
            -8.903497029532673,
            -0.27357519161278654
        ],
        [
            -1.7058388374241957,
            -3.888641871468037,
            -0.1046498609745165
        ],
        [
            7.189261012772022,
            -1.3302771031080773,
            -0.19983274496962045
        ]
    ],
    "nodes": [
        0,
        0,
        1,
        3,
        3
    ],
    "scene": 4
}