{
    "centers": [
        [
            0.6591907607787757,
            -5.665334046583517,
            -0.3316328568303938
        ],
        [
            9.877681927440051,
            5.338150432317592,
            -0.44492471780819304
        ],
        [
            7.1193523626392405,
            9.750259287698022,
            -0.30461723583846445
        ],
        [
            -6.37037800812309,
            6.663333937616866,
            -0.44056362983599917
        ],
        [
            -5.336592563705224,
            2.573803210893166,
            -0.2842392200697029
        ]
    ],
    "nodes": [
        0,
        1,
        3,
        3,
        3
    ],
    "scene": 4
}