{
    "centers": [
        [
            9.13711403615255,
            -8.544607051907159,
            -0.37954982107586677
        ],
        [
            -7.451806686140532,
            6.891387188783142,
            -0.2821241041277899
        ],
        [
            5.476014672334218,
            -5.365336071344464,
            -0.10083533579650111
        ],
        [
            -6.52006241056887,
            -4.151237236091989,
            -0.3965438283411382
        ],
        [
            1.890029262946772,
            -6.8781853674519855,
            -0.3446217573998829
        ]
    ],
    "nodes": [
        0,
        0,
        3,
        3,
        3
    ],
    "scene": 4
}