{
    "centers": [
        [
            6.285427092019344,
            -2.765912702210132,
            -0.18299536588204263
        ],
        [
            -5.681539666505147,
            4.089238376071929,
            -0.3818510186147873
        ],
        [
            -2.6123030949424813,
            -7.392122252925153,
            -0.3709850032636285
        ],
        [
            7.141393671452185,
            -5.946712286191296,
            -0.25198165993354216
        ]
    ],
    "nodes": [
        0,
        0,
        3,
        3
    ],
    "scene": 4
}