{
    "centers": [
        [
            -1.135215341303791,
            6.038865829963203,
            -0.121473818827598
        ],
        [
            6.283763024019493,
            -8.516029468475733,
            -0.19912451742818577
        ],
        [
            2.8634889262987606,
            1.2267673142236326,
            -0.1621090843871728
        ],
        [
            8.79408341677323,
            -6.17585238713149,
            -0.18959063246274838
        ],
        [
            -3.2969703433396287,
            -2.3158295952181014,
            -0.10521909733214169
        ],
        [
            -2.297809349760989,
            4.3603892337248755,
            -0.4900998842032981
        ]
    ],
    "nodes": [
        0,
        0,
        3,
        3,
        3,
        3
    ],
    "scene": 4
}