{
    "centers": [
        [
            -5.911945447082154,
            -3.415110099081737,
            -0.3623671626988434
        ],
        [
            -7.7182360571883235,
            3.2437019930571136,
            -0.3036953305737375
        ],
        [
            2.008668917335756,
            6.6244815856647605,
            -0.44765125308921794
        ],
        [
            8.275921247272407,
            -0.8806914756115329,
            -0.4849792765589215
        ]
    ],
    "nodes": [
        0,
        0,
        3,
        3
    ],
    "scene": 4
}