{
    "centers": [
        [
            -7.941077584284968,
            3.327545143334916,
            -0.256543206420015
        ],
        [
            -9.220719291641785,
            -8.254083698155252,
            -0.2539673497662883
        ],
        [
            -3.9204414417829003,
            -9.930900260011523,
            -0.4610788910289956
        ],
        [
            -6.6870416917274955,
            8.560032430453308,
            -0.12090227611095367
        ],
        [
            -2.4462992318768855,
            2.0593038151579393,
            -0.22829896566971386
        ]
    ],
    "nodes": [
        0,
        1,
        3,
        3,
        3
    ],
    "scene": 4
}