{
    "centers": [
        [
            -0.5847365945817202,
            0.0964619454252702,
            -0.45465742487074084
        ],
        [
            1.9453942396494188,
            -3.092186055172929,
            -0.2433638969885039
        ],
        [
            1.1410166631750567,
            -7.636624867765596,
            -0.3487036672287391
        ],
        [
            -8.091955193752439,
            -6.906406493278254,
            -0.4911779439134258
        ],
        [
            4.41465828428321,
            -1.711787973909031,
            -0.17436261033811085
        ]
    ],
    "nodes": [
        0,
        3,
        3,
        3,
        3
    ],
    "scene": 4
}