{
    "centers": [
        [
            -0.253194683570646,
            -7.965475239644291,
            -0.4066338281992385
        ],
        [
            -7.372588046400043,
            -3.2558910576981903,
            -0.20618238866244898
        ],
        [
            7.8076051887373445,
            1.775610326759324,
            -0.4416362393983641
        ],
        [
            -9.109525173564801,
            4.410254164117349,
            -0.37036011181292694
        ],
        [
            8.478768755794302,
            7.727672171308225,
            -0.47391412262088944
        ]
    ],
    "nodes": [
        0,
        0,
        3,
        3,
        3
    ],
    "scene": 4
}