{
    "centers": [
        [
            6.814489534750962,
            -4.617675510639392,
            -0.4197790856581266
        ],
        [
            -9.35267674660591,
            2.1150855907888086,
            -0.41237373748728817
        ],
        [
            2.77931978319387,
            -2.3715920958532077,
            -0.28531764998832465
        ],
        [
            7.821760989598538,
            3.435714634738286,
            -0.3964615088490135
        ],
        [
            -7.344632398448909,
            -0.6347193115921961,
            -0.11570869163118558
        ],
        [
            1.740394005078338,
            7.663815129333777,
            -0.3247425822669613
        ]
    ],
    "nodes": [
        0,
        0,
        1,
        3,
        3,
        3
    ],
    "scene": 4
}