{
    "centers": [
        [
            3.8762120042241293,
            8.44697641108609,
            -0.1304087996844286
        ],
        [
            0.1502406670618015,
            -9.029234043436746,
            -0.3962021286960985
        ],
        [
            -7.388818345503083,
            -5.171502637347851,
            -0.42346833953092344
        ],
        [
            8.505338862394012,
            -0.3145125494473433,
            -0.36324145569285976
        ]
    ],
    "nodes": [
        0,
        0,
        1,
        3
    ],
    "scene": 4
}