{
    "centers": [
        [
            6.163207428527404,
            1.3430230109931056,
            -0.42043836935139733
        ],
        [
            8.961864707207063,
            9.721401732275051,
            -0.17806553760679839
        ]
    ],
    "nodes": [
        0,
        0
    ],
    "scene": 4
}