{
    "centers": [
        [
            -4.908097876689432,
            -8.150994214308763,
            -0.1813764417715406
        ],
        [
            4.227133294722014,
            -3.8270035272334013,
            -0.372453725386781
        ],
        [
            2.593260739097417,
            -9.364391007430015,
            -0.46708622637406155
        ]
    ],
    "nodes": [
        0,
        0,
        1
    ],
    "scene": 4
}