{
    "centers": [
        [
            -1.2243629972619434,
            -5.152303562186356,
            -0.20705032791502115
        ],
        [
            -3.44878091009305,
            1.5962036175255747,
            -0.29236230108447314
        ]
    ],
    "nodes": [
        0,
        1
    ],
    "scene": 4
}