{
    "centers": [
        [
            1.7082185172875768,
            2.8937004246974,
            -0.18944200348554413
        ],
        [
            9.72706544928927,
            -1.7713407469430447,
            -0.20912886697813743
        ]
    ],
    "nodes": [
        0,
        3
    ],
    "scene": 4
}