{
    "centers": [
        [
            3.9282996045967717,
            2.320662272512287,
            -0.12460671769098747
        ],
        [
            8.517524281530562,
            -5.194102846733699,
            -0.1723088908649173
        ],
        [
            -2.8556185092408226,
            -2.332977339545545,
            -0.3791344820126773
        ]
    ],
    "nodes": [
        0,
        3,
        3
    ],
    "scene": 4
}