{
    "centers": [
        [
            2.0729917381438145,
            1.0320695038494616,
            -0.22797362847282687
        ],
        [
            6.522496009532279,
            -5.309858010238586,
            -0.2348694857952503
        ],
        [
            -7.195443595643427,
            8.053214334733909,
            -0.33783160316342165
        ],
        [
            -0.9291570573647174,
            -3.931120326330677,
            -0.4393209637463257
        ],
        [
            0.936280545427179,
            6.810442254567356,
            -0.10640433975774544
        ]
    ],
    "nodes": [
        0,
        0,
        3,
        3,
        3
    ],
    "scene": 4
}