{
    "centers": [
        [
            6.844973051461054,
            5.319327653528255,
            -0.3310306457006975
        ],
        [
            2.634064024965152,
            -2.6256241603228947,
            -0.1430088504930817
        ],
        [
            -4.578415593389131,
            9.214295555274582,
            -0.13556618775310614
        ],
        [
            -1.2775263466083597,
            -9.25972739796746,
            -0.4900383375484322
        ],
        [
            -5.592464089788702,
            7.291592736314623,
            -0.10976032232426891
        ],
        [
            5.19520412532027,
            -6.7378391499455415,
            -0.49459930485252956
        ],
        [
            -9.7841760755549,
            -0.6181779059160277,
            -0.45517047202046224
        ]
    ],
    "nodes": [
        0,
        0,
        1,
        3,
        3,
        3,
        3
    ],
    "scene": 4
}