{
    "centers": [
        [
            -8.777496276619157,
            9.576084862341805,
            -0.17470546597901054
        ],
        [
            -4.0846852536372875,
            -3.8471682551477144,
            -0.10101562300845701
        ],
        [
            -5.969325578462044,
            7.922991999567174,
            -0.31105117153048734
        ],
        [
            5.8451333981267375,
            4.62382531793315,
            -0.13369895546930233
        ]
    ],
    "nodes": [
        0,
        0,
        1,
        3
    ],
    "scene": 4
}