{
    "centers": [
        [
            1.8143514593619017,
            6.088240560719264,
            -0.3778663148068898
        ],
        [
            -3.2633967241332478,
            -9.104465702108481,
            -0.1658283620998955
        ],
        [
            -8.049436885791879,
            -2.1854011412256025,
            -0.4872572649717888
        ]
    ],
    "nodes": [
        3,
        3,
        3
    ],
    "scene": 0
}