{
    "centers": [
        [
            4.465218146279195,
            8.579177161311627,
            -0.1798342666274937
        ],
        [
            -9.503236757080025,
            6.409672490301713,
            -0.19570892694349784
        ],
        [
            7.030385477995662,
            -7.814688956309681,
            -0.4941817812900378
        ],
        [
            -8.433286707693844,
            2.4504426453304102,
            -0.35255035531007994
        ],
        [
            -0.24719472010864152,
            0.40522515324972375,
            -0.14542382206785742
        ],
        [
            -6.259965359246468,
            -3.92190339599982,
            -0.38413752876309054
        ]
    ],
    "nodes": [
        1,
        2,
        2,
        3,
        3,
        3
    ],
    "scene": 5
}