{
    "centers": [
        [
            8.115989059100983,
            5.767516256313854,
            -0.305779005407818
        ],
        [
            -4.173471866096223,
            2.6854734200824595,
            -0.4075482389945798
        ],
        [
            -3.5376122821913842,
            -2.6270631365410964,
            -0.18827676506456648
        ],
        [
            5.802231873077613,
            7.280360894097871,
            -0.12923569963752035
        ]
    ],
    "nodes": [
        1,
        2,
        3,
        3
    ],
    "scene": 5
}