{
    "centers": [
        [
            -5.48026382620411,
            1.6792053375062395,
            -0.14705410580677797
        ],
        [
            3.9081614587480367,
            -7.611203219422227,
            -0.28075489936659637
        ],
        [
            -0.42941743200781346,
            -2.1796033730790683,
            -0.47992270394576586
        ],
        [
            -4.511272645149694,
            -9.01226473700055,
            -0.376241424337772
        ]
    ],
    "nodes": [
        3,
        3,
        3,
        3
    ],
    "scene": 0
}