{
    "centers": [
        [
            -0.2989745032597746,
            1.786466450525575,
            -0.12660191079207933
        ],
        [
            2.697921681804793,
            -5.269108076202764,
            -0.29036891021064437
        ],
        [
            -2.2199451438375517,
            -8.997970824398374,
            -0.10714341735924532
        ]
    ],
    "nodes": [
        2,
        3,
        3
    ],
    "scene": 5
}