{
    "centers": [
        [
            -5.472387447436997,
            0.05470766989087039,
            -0.16418587995330836
        ],
        [
            -7.191383881845084,
            -1.1767016789975457,
            -0.3347022956349208
        ],
        [
            -8.53354068557775,
            7.510070984238016,
            -0.21314018893671483
        ],
        [
            -9.96277070100925,
            -5.1352992354941644,
            -0.2828263320508082
        ],
        [
            -2.897783611804046,
            5.938296700542763,
            -0.4525341410089545
        ]
    ],
    "nodes": [
        3,
        3,
        3,
        3,
        3
    ],
    "scene": 0
}