{
    "centers": [
        [
            -4.22525505517126,
            6.357193054568146,
            -0.19209762317107265
        ],
        [
            -7.086855664094469,
            -0.6507607738309069,
            -0.30637303375474273
        ],
        [
            -2.221352340217635,
            -4.9104031884632775,
            -0.34998066095907165
        ]
    ],
    "nodes": [
        3,
        3,
        3
    ],
    "scene": 0
}