{
    "centers": [
        [
            -8.330298106405971,
            -0.00830327968822786,
            -0.2950949485221409
        ],
        [
            -6.007521780431615,
            8.592805101193992,
            -0.13679456615641516
        ],
        [
            -3.4183156344273113,
            -4.182818338300351,
            -0.4645746537091412
        ],
        [
            7.348385403582604,
            -8.38208395198828,
            -0.4248647719490543
        ],
        [
            -1.3734363704812758,
            -1.049431686015616,
            -0.3033811428579953
        ]
    ],
    "nodes": [
        3,
        3,
        3,
        3,
        3
    ],
    "scene": 0
}