{
    "centers": [
        [
            -3.5801427698620447,
            5.15519129574356,
            -0.3300432699479574
        ],
        [
            0.014031864463529331,
            8.44900090282302,
            -0.12077627811612651
        ],
        [
            5.284269418771254,
            -3.2250110188360726,
            -0.35319884942883706
        ]
    ],
    "nodes": [
        3,
        3,
        3
    ],
    "scene": 0
}