{
    "centers": [
        [
            -0.8384760961532667,
            0.3700615402036167,
            -0.26942551724001906
        ],
        [
            9.167680906601799,
            -5.588465553532913,
            -0.4254552374377087
        ]
    ],
    "nodes": [
        1,
        2
    ],
    "scene": 5
}