{
    "centers": [
        [
            4.751496787147644,
            -8.185902432140992,
            -0.30619410202991726
        ],
        [
            -9.90475655224862,
            -6.590712807556718,
            -0.38373775281617534
        ],
        [
            3.00868033611415,
            7.0927208656173875,
            -0.3099394098664321
        ]
    ],
    "nodes": [
        1,
        2,
        2
    ],
    "scene": 5
}