{
    "centers": [
        [
            0.03757715572402631,
            -1.8642337487727687,
            -0.26300584183746023
        ],
        [
            -8.677987700583538,
            0.8308098127598935,
            -0.4866982083804299
        ]
    ],
    "nodes": [
        2,
        3
    ],
    "scene": 5
}