{
    "centers": [
        [
            -0.28485721553080623,
            6.750102628762992,
            -0.22557578172691028
        ],
        [
            5.744479781202887,
            -1.2351786720026574,
            -0.31814947038116126
        ]
    ],
    "nodes": [
        2,
        3
    ],
    "scene": 5
}