{
    "centers": [
        [
            2.772186107408814,
            4.267662227827644,
            -0.42844998053897204
        ],
        [
            1.8347775817562262,
            -7.922004003293108,
            -0.2885894163916084
        ],
        [
            8.946593413791557,
            -6.250738003005236,
            -0.26069714539613653
        ]
    ],
    "nodes": [
        3,
        3,
        3
    ],
    "scene": 0
}