{
    "centers": [
        [
            -7.62428263015326,
            9.585886193680068,
            -0.344657682069398
        ],
        [
            -9.517871583028494,
            -6.4031001215962835,
            -0.1813450499510475
        ],
        [
            -4.0073467610935225,
            0.31506900043735797,
            -0.44219547638006335
        ],
        [
            -3.3238583921786224,
            6.561069555810448,
            -0.3834561613095013
        ],
        [
            8.01400065913489,
            -3.1331284721540253,
            -0.17034950810318805
        ]
    ],
    "nodes": [
        3,
        3,
        3,
        3,
        3
    ],
    "scene": 0
}