{
    "centers": [
        [
            -4.293523644132682,
            8.626988976583327,
            -0.36267206858155776
        ],
        [
            -1.594410202230275,
            7.050404336139977,
            -0.10644845867490371
        ],
        [
            7.81823360757625,
            1.1804037516942536,
            -0.19102096351923858
        ]
    ],
    "nodes": [
        2,
        3,
        3
    ],
    "scene": 5
}