{
    "centers": [
        [
            5.854396375224582,
            4.8989354309514415,
            -0.4168875864084627
        ],
        [
            -3.698181201791451,
            -9.752157072973821,
            -0.3454887701268995
        ],
        [
            -4.543310307830581,
            1.1554710531311017,
            -0.22607818170632948
        ],
        [
            4.225866763088902,
            -8.13185968226058,
            -0.276090274257809
        ],
        [
            -5.529987048406286,
            -6.010097487476919,
            -0.18327234322224223
        ]
    ],
    "nodes": [
        3,
        3,
        3,
        3,
        3
    ],
    "scene": 0
}