{
    "centers": [
        [
            2.5250378916225493,
            -6.929966117397594,
            -0.36137991662771474
        ],
        [
            6.662939811907222,
            -5.74163842634454,
            -0.10730953486603079
        ],
        [
            5.596017049705257,
            3.4681012682908836,
            -0.48346777700057875
        ],
        [
            -6.7979787569961525,
            9.17274539805996,
            -0.13616949795781075
        ],
        [
            -7.480634485266295,
            6.086107326610353,
            -0.2590353174080483
        ]
    ],
    "nodes": [
        1,
        2,
        2,
        2,
        3
    ],
    "scene": 5
}