{
    "centers": [
        [
            -2.3751182080159268,
            -5.589604979409879,
            -0.11271283975122126
        ],
        [
            -9.168376921676817,
            -8.209772771355567,
            -0.45940510991199424
        ],
        [
            7.1969448000492235,
            -9.381894978447525,
            -0.4091440445281719
        ],
        [
            -1.4531820114621947,
            -3.8582349255954007,
            -0.46076749799288985
        ],
        [
            2.95123809715256,
            5.916365807324011,
            -0.19303559554924066
        ]
    ],
    "nodes": [
        1,
        2,
        3,
        3,
        3
    ],
    "scene": 5
}