{
    "centers": [
        [
            -6.699944537870934,
            -7.36381565130854,
            -0.13316924167167332
        ],
        [
            3.5417099718059504,
            3.9354869972170654,
            -0.10279506421994578
        ],
        [
            -8.489577751278723,
            9.34341764579974,
            -0.2842927940440096
        ],
        [
            5.797468315665206,
            8.530840684095779,
            -0.27073465723851586
        ]
    ],
    "nodes": [
        1,
        2,
        3,
        3
    ],
    "scene": 5
}