{
    "centers": [
        [
            4.081875363796939,
            8.632799336547464,
            -0.43662207468742986
        ],
        [
            -9.995060796545367,
            0.8061791730460559,
            -0.44976106904459995
        ],
        [
            7.434940957078286,
            6.754708655629628,
            -0.3337712607970559
        ],
        [
            5.466737950845177,
            -6.363566024955789,
            -0.4079940300232526
        ],
        [
            -3.3116972021215467,
            7.90016350639031,
            -0.22300451536024146
        ]
    ],
    "nodes": [
        3,
        3,
        3,
        3,
        3
    ],
    "scene": 0
}