{
    "centers": [
        [
            1.8580177853417368,
            -4.406636336386702,
            -0.28485974057956137
        ],
        [
            9.509254617617128,
            5.463174175466399,
            -0.3973284876764327
        ],
        [
            -2.7024295298220764,
            -5.945644667595782,
            -0.36909270855122733
        ],
        [
            -7.085194095742624,
            4.1333134603651125,
            -0.15537446958878254
        ],
        [
            7.426975580941523,
            -0.7833838672977649,
            -0.18726169417847677
        ]
    ],
    "nodes": [
        2,
        3,
        3,
        4,
        4
    ],
    "scene": 6
}