{
    "centers": [
        [
            -9.236220586160726,
            -6.891587666998951,
            -0.3718702043539026
        ],
        [
            -1.74181561203965,
            -4.996767382843272,
            -0.26605328578046095
        ],
        [
            -2.668641076360389,
            7.0855647509527095,
            -0.1672540365390217
        ],
        [
            -6.747503980761058,
            -9.379228564036882,
            -0.4379236937323291
        ],
        [
            7.5575383812324475,
            0.7831935538092694,
            -0.24714587785182146
        ],
        [
            -5.642929212986269,
            9.482700667610612,
            -0.1945288847983081
        ]
    ],
    "nodes": [
        2,
        3,
        3,
        3,
        3,
        4
    ],
    "scene": 6
}