{
    "centers": [
        [
            -6.222766355354052,
            6.583748763218285,
            -0.42978792005922284
        ],
        [
            6.1791760208905195,
            -0.4356338181317092,
            -0.14674073205621424
        ],
        [
            -1.5717536059404313,
            -7.636544948454372,
            -0.44731840427809544
        ],
        [
            0.26621630964925025,
            -6.5402116301865565,
            -0.39763623833728745
        ]
    ],
    "nodes": [
        3,
        3,
        4,
        4
    ],
    "scene": 6
}