{
    "centers": [
        [
            -4.542774698551984,
            7.515540060638298,
            -0.27930217510918876
        ],
        [
            -3.5907646395649406,
            -1.2253164544407547,
            -0.4059476518445382
        ],
        [
            -8.300624032929008,
            -8.785366898051176,
            -0.22050306652093538
        ],
        [
            3.578661130868749,
            -7.012130601455164,
            -0.35949372180571093
        ],
        [
            -2.9651165209134067,
            -3.958725868356008,
            -0.3842197528115131
        ],
        [
            5.4094479128816975,
            5.194707270926832,
            -0.3878796893186274
        ]
    ],
    "nodes": [
        2,
        3,
        3,
        3,
        3,
        4
    ],
    "scene": 6
}