{
    "centers": [
        [
            5.307614712466913,
            2.527399039750609,
            -0.16486741322481713
        ],
        [
            -2.3134987124738764,
            0.8173860580743142,
            -0.4803857111843875
        ],
        [
            1.4181953008477155,
            -7.074160493985793,
            -0.37455202937717136
        ],
        [
            -2.9542316255775525,
            8.5764338144693,
            -0.18049494153134893
        ],
        [
            2.5446826025906013,
            -3.5333884451670343,
            -0.3832860339745535
        ]
    ],
    "nodes": [
        2,
        3,
        3,
        4,
        4
    ],
    "scene": 6
}