{
    "centers": [
        [
            -4.2973077414656995,
            7.427966095989113,
            -0.4567229080560467
        ],
        [
            9.726543084006131,
            2.9813426931444624,
            -0.24213372996146781
        ],
        [
            6.252512515300346,
            -8.402670013699847,
            -0.32256366008708215
        ],
        [
            2.946730921787788,
            5.980423905454558,
            -0.41223141404720837
        ],
        [
            8.69745619504971,
            -9.282139177449684,
            -0.25556875866733025
        ]
    ],
    "nodes": [
        2,
        3,
        3,
        4,
        4
    ],
    "scene": 6
}