{
    "centers": [
        [
            6.772631235101819,
            -3.322709704008508,
            -0.15870670373397416
        ],
        [
            5.330514743208017,
            9.245756046058887,
            -0.22643653617606763
        ],
        [
            7.63246178470316,
            6.357871728529322,
            -0.1466643757379309
        ],
        [
            -2.5641062218181343,
            -4.286070557793664,
            -0.18969821010416943
        ],
        [
            -1.613649017162107,
            -1.2339843801601713,
            -0.15678115809511034
        ]
    ],
    "nodes": [
        3,
        3,
        3,
        3,
        4
    ],
    "scene": 6
}