{
    "centers": [
        [
            -0.25327598756516956,
            0.56893291487631,
            -0.32348101100477533
        ],
        [
            -7.16531533169904,
            1.2063552070141181,
            -0.1380416773157917
        ],
        [
            4.211002155606735,
            4.0721761778487515,
            -0.21271646931817678
        ],
        [
            -5.764019236100511,
            7.809981199552823,
            -0.327249521050081
        ],
        [
            0.8342090439128906,
            -9.596766489452207,
            -0.18991513110473313
        ],
        [
            -8.55223391827381,
            -4.575653983607197,
            -0.3291066493060565
        ]
    ],
    "nodes": [
        3,
        3,
        3,
        3,
        4,
        4
    ],
    "scene": 6
}