{
    "centers": [
        [
            7.774132262410578,
            7.258660040535322,
            -0.4831489344865473
        ],
        [
            -3.3627704448887963,
            4.904867160376343,
            -0.47351648298783444
        ],
        [
            -5.288438379913685,
            1.2913072419055922,
            -0.3806473628681465
        ],
        [
            -7.818518687397706,
            -3.412735067057449,
            -0.18538146581772535
        ],
        [
            -6.9189736237857025,
            -7.157294073614631,
            -0.4032019072027462
        ],
        [
            6.806654512042975,
            -1.3151633800016072,
            -0.4095522170059154
        ]
    ],
    "nodes": [
        2,
        3,
        3,
        3,
        3,
        4
    ],
    "scene": 6
}