{
    "centers": [
        [
            5.395392793474507,
            9.47906317120831,
            -0.2164848774213703
        ],
        [
            -2.163262068367084,
            2.6701429877479015,
            -0.3108299194007833
        ],
        [
            6.195544557490258,
            -2.8553274678971956,
            -0.16624154790035678
        ],
        [
            7.939730767625534,
            4.1858568600927075,
            -0.49672484330893635
        ],
        [
            2.2747478326425394,
            -5.456236068918785,
            -0.17631608308544222
        ],
        [
            -5.121035653258854,
            4.8885282684991616,
            -0.19489385945890098
        ]
    ],
    "nodes": [
        2,
        3,
        3,
        3,
        4,
        4
    ],
    "scene": 6
}