{
    "centers": [
        [
            3.443476608421454,
            -5.143515895582114,
            -0.41596855987705117
        ],
        [
            -6.238155520619593,
            3.1407287436478732,
            -0.12019798788054303
        ],
        [
            6.622583477854469,
            -8.220023504709646,
            -0.2648347646765221
        ],
        [
            8.001241690731572,
            -2.646263629739723,
            -0.2598398298018577
        ],
        [
            -9.334741255640878,
            -9.622902215324858,
            -0.29420033085153485
        ],
        [
            -0.46304492499036165,
            5.309620676897511,
            -0.4246334982261952
        ]
    ],
    "nodes": [
        3,
        3,
        3,
        3,
        4,
        4
    ],
    "scene": 6
}