{
    "centers": [
        [
            -3.774746658370944,
            8.017512151179826,
            -0.354060966102021
        ],
        [
            -0.9267709757700349,
            8.869387518126025,
            -0.2537887607628623
        ],
        [
            1.1454351211912712,
            -1.92351237516821,
            -0.15175799934798806
        ],
        [
            7.19680414186411,
            1.6577041548120626,
            -0.35281583526153404
        ],
        [
            -1.6426436519596983,
            5.9333046491822845,
            -0.4659960381720743
        ]
    ],
    "nodes": [
        3,
        3,
        3,
        4,
        4
    ],
    "scene": 6
}