{
    "centers": [
        [
            5.752195009982515,
            2.2762594922409907,
            -0.11793029340111971
        ],
        [
            6.720511496478345,
            -7.883502015899007,
            -0.4975455905269574
        ],
        [
            2.276889596352035,
            1.516062139319267,
            -0.256084167061437
        ],
        [
            -6.618214700150283,
            4.40756407219177,
            -0.1388127687041284
        ],
        [
            -3.2375978792745634,
            -7.178371236817645,
            -0.19648015592918405
        ]
    ],
    "nodes": [
        3,
        3,
        3,
        3,
        3
    ],
    "scene": 0
}