{
    "centers": [
        [
            -9.64219739108904,
            0.6819022489570052,
            -0.4573341669926139
        ],
        [
            -4.047604666286109,
            5.736423135026721,
            -0.21184103512750302
        ],
        [
            -3.3355189913835375,
            4.304045454080912,
            -0.45700655195969386
        ],
        [
            8.624791274317623,
            -6.087480826489207,
            -0.4714952303608976
        ]
    ],
    "nodes": [
        3,
        3,
        3,
        3
    ],
    "scene": 0
}