{
    "centers": [
        [
            -6.227243314886898,
            5.5111926810546645,
            -0.4088752442031941
        ],
        [
            -5.028217459938709,
            -5.335675446187285,
            -0.3147149712635292
        ],
        [
            -7.596138291577681,
            0.031554894562384916,
            -0.1347024298987894
        ],
        [
            -9.259051678449818,
            9.926910041196546,
            -0.2007798055759345
        ],
        [
            4.452476389521795,
            -4.589950671638432,
            -0.20429867974908322
        ]
    ],
    "nodes": [
        2,
        3,
        3,
        4,
        4
    ],
    "scene": 6
}