{
    "centers": [
        [
            -2.507225632938253,
            -3.511868286977638,
            -0.4404370472781392
        ],
        [
            5.058098470604257,
            -0.22952991230580544,
            -0.13255918834033453
        ],
        [
            0.425409785206476,
            3.515596397639813,
            -0.23215529553440378
        ],
        [
            -5.272762185603299,
            7.634292773724312,
            -0.3854861185362399
        ],
        [
            -7.6541137163023,
            2.27769193502996,
            -0.34500775347544715
        ]
    ],
    "nodes": [
        3,
        3,
        3,
        3,
        3
    ],
    "scene": 0
}