{
    "centers": [
        [
            -1.0876124091888606,
            2.813258532759054,
            -0.15448710984195313
        ],
        [
            -9.119217632979304,
            -7.24360128726228,
            -0.22458594635880552
        ],
        [
            2.2728821537873127,
            9.200417510539893,
            -0.4531622321662014
        ],
        [
            7.34113667028787,
            -6.214853529142634,
            -0.45837584128133696
        ],
        [
            -4.502259122455006,
            -2.722297688386486,
            -0.21167113825755335
        ]
    ],
    "nodes": [
        2,
        3,
        3,
        3,
        4
    ],
    "scene": 6
}