{
    "centers": [
        [
            -1.9321279907358146,
            8.131669780230972,
            -0.3008586350658955
        ],
        [
            8.249890239504396,
            -5.322255623509653,
            -0.25353650724028154
        ],
        [
            -0.32284973272716044,
            4.1755204747016865,
            -0.30942085263686814
        ]
    ],
    "nodes": [
        3,
        3,
        3
    ],
    "scene": 0
}