{
    "centers": [
        [
            1.0541868140287054,
            8.90417365524845,
            -0.4231718166007342
        ],
        [
            7.223457523025832,
            -6.090023102920896,
            -0.4760678453778683
        ],
        [
            -7.161560924093882,
            4.425556528223675,
            -0.37799192584503094
        ]
    ],
    "nodes": [
        3,
        3,
        3
    ],
    "scene": 0
}