{
    "centers": [
        [
            4.228075169365155,
            -7.6832079057489056,
            -0.3682301599901069
        ],
        [
            -7.250378827706583,
            -0.6796906974083328,
            -0.46505145065212644
        ],
        [
            -0.7509575175861762,
            5.200822015827324,
            -0.37746801862979573
        ],
        [
            -2.5595123436964755,
            -9.203220409759393,
            -0.11740382854032766
        ],
        [
            -4.515756703729146,
            0.7041369235985577,
            -0.28596729213844907
        ]
    ],
    "nodes": [
        3,
        3,
        3,
        3,
        3
    ],
    "scene": 0
}