{
    "centers": [
        [
            8.261699828078637,
            -3.3682965116401213,
            -0.17089630659719868
        ],
        [
            -6.32488707038676,
            4.952389678377539,
            -0.3056757393024543
        ],
        [
            9.546255664868543,
            -4.575916973966483,
            -0.26474713745797235
        ],
        [
            7.310022745916783,
            6.968200714159046,
            -0.13812026738735034
        ],
        [
            1.721030578465836,
            0.9280438144849228,
            -0.3664916414293055
        ]
    ],
    "nodes": [
        3,
        3,
        3,
        3,
        3
    ],
    "scene": 0
}