{
    "centers": [
        [
            7.287708699324828,
            1.5988793701800201,
            -0.24599524022670555
        ],
        [
            -8.165600597985243,
            -8.637543811154405,
            -0.35614098407657113
        ],
        [
            0.981780705319192,
            5.515245131517812,
            -0.29018621697572405
        ]
    ],
    "nodes": [
        1,
        1,
        1
    ],
    "scene": 7
}