{
    "centers": [
        [
            -6.083688878614426,
            0.1157259981501717,
            -0.15890737750097828
        ],
        [
            -9.360911759148093,
            -6.373080542487044,
            -0.1781079727140436
        ],
        [
            6.197124734247588,
            -4.750886659152673,
            -0.4940717088337516
        ],
        [
            5.187886045490522,
            -2.480295365579348,
            -0.18183635673768422
        ]
    ],
    "nodes": [
        1,
        1,
        1,
        3
    ],
    "scene": 7
}