{
    "centers": [
        [
            1.9333401736506861,
            0.8207337935929182,
            -0.19540178159238247
        ],
        [
            4.941088819234203,
            -3.90188807062043,
            -0.4292641988336771
        ],
        [
            -6.528545456397059,
            7.677335743450673,
            -0.10779289548374887
        ],
        [
            8.584831944348124,
            5.727536733844701,
            -0.13088102738813157
        ]
    ],
    "nodes": [
        1,
        1,
        1,
        1
    ],
    "scene": 7
}