{
    "centers": [
        [
            9.82422228883944,
            -8.557670857789024,
            -0.19270766366540332
        ],
        [
            2.183129218346382,
            -3.8582739090819373,
            -0.19706113340832032
        ],
        [
            5.85031835923073,
            4.449237819210536,
            -0.334609518949163
        ],
        [
            -0.8393345863834529,
            7.785347000464014,
            -0.18110994605831454
        ]
    ],
    "nodes": [
        1,
        1,
        1,
        3
    ],
    "scene": 7
}