{
    "centers": [
        [
            -9.759257584535458,
            -1.8777312298910687,
            -0.314038960161405
        ],
        [
            3.168074956249793,
            -0.23997983787857002,
            -0.4228837836566067
        ],
        [
            4.6579464498654986,
            -3.9508727334058946,
            -0.45905283059689195
        ],
        [
            -6.747646958465987,
            7.3365451382189555,
            -0.23090315688256874
        ],
        [
            7.549263215853333,
            8.994105234741795,
            -0.3234628641733486
        ]
    ],
    "nodes": [
        1,
        1,
        1,
        1,
        3
    ],
    "scene": 7
}