{
    "centers": [
        [
            9.2383684805731,
            -6.848406269544882,
            -0.4164422136287447
        ],
        [
            -6.6084045687632305,
            7.775413271298255,
            -0.47267823349604027
        ],
        [
            0.4471306976182259,
            4.957609844683031,
            -0.12668327703454957
        ],
        [
            -1.3843106742117133,
            -5.903316499505873,
            -0.4545184768969921
        ],
        [
            4.191623815297131,
            -2.241254209565118,
            -0.4204567705444765
        ]
    ],
    "nodes": [
        1,
        1,
        1,
        1,
        3
    ],
    "scene": 7
}