{
    "centers": [
        [
            1.0654683318239382,
            0.2146728465295631,
            -0.4942132857616109
        ],
        [
            3.100983207487097,
            -1.4030013158559491,
            -0.11513006360424766
        ]
    ],
    "nodes": [
        1,
        1
    ],
    "scene": 7
}