{
    "centers": [
        [
            4.181499667400301,
            -6.277847910492699,
            -0.12213581876835317
        ],
        [
            1.0875146827928077,
            -4.584654302081517,
            -0.10119220356293923
        ],
        [
            -3.3498819837905884,
            -0.541896334855414,
            -0.46793742439254427
        ]
    ],
    "nodes": [
        1,
        1,
        3
    ],
    "scene": 7
}