{
    "centers": [
        [
            -8.039858858593957,
            -8.398241985491374,
            -0.46613556580301235
        ],
        [
            -4.43387046437908,
            -0.7583822265690401,
            -0.18770263142271282
        ],
        [
            -1.1504739082791495,
            -6.860748012335003,
            -0.39714242385568876
        ]
    ],
    "nodes": [
        2,
        2,
        2
    ],
    "scene": 8
}