{
    "centers": [
        [
            2.9559708765085606,
            7.847527058357386,
            -0.1123433772572241
        ],
        [
            2.1526350386024937,
            3.3738240556792594,
            -0.29949676488162347
        ]
    ],
    "nodes": [
        2,
        2
    ],
    "scene": 8
}