{
    "centers": [
        [
            8.117064579227751,
            6.666167970932314,
            -0.46427804538038225
        ],
        [
            3.058723210373236,
            9.86095482719228,
            -0.33509107913182157
        ],
        [
            0.7629494677843169,
            -5.919779272279233,
            -0.33242123084932673
        ],
        [
            -1.9249954112996175,
            5.187713072737875,
            -0.10489120727772672
        ]
    ],
    "nodes": [
        2,
        2,
        2,
        2
    ],
    "scene": 8
}