{
    "centers": [
        [
            8.123601556683916,
            7.15021471698109,
            -0.13091108760194126
        ],
        [
            8.741406484780349,
            -5.505149900917969,
            -0.18336965350890483
        ],
        [
            -6.974566165399287,
            -6.366259566253387,
            -0.2423480706720929
        ],
        [
            -9.525896082007371,
            -3.893855148346095,
            -0.12148854020422939
        ]
    ],
    "nodes": [
        3,
        3,
        3,
        3
    ],
    "scene": 0
}