{
    "centers": [
        [
            -1.5306565018192249,
            -7.02391731232143,
            -0.4567304630573239
        ],
        [
            -4.4228130969498824,
            7.023242965431503,
            -0.37862975294823525
        ],
        [
            -9.40084818312271,
            -8.899309409411503,
            -0.3857053544985013
        ],
        [
            4.802929770996993,
            -2.538853789031405,
            -0.4449850932223302
        ],
        [
            1.620725434263818,
            2.4421480031278904,
            -0.23689145837906483
        ]
    ],
    "nodes": [
        2,
        2,
        2,
        2,
        3
    ],
    "scene": 8
}