{
    "centers": [
        [
            -6.173149824515935,
            0.9476831532219894,
            -0.18465118951247161
        ],
        [
            -7.344604379964565,
            -0.8766358303399073,
            -0.489604837666458
        ],
        [
            1.0466534636004976,
            -7.347794634892644,
            -0.3178106297364155
        ],
        [
            0.1737618405548531,
            -5.3715684184781125,
            -0.12773396136618276
        ]
    ],
    "nodes": [
        3,
        3,
        3,
        3
    ],
    "scene": 0
}