{
    "centers": [
        [
            -8.113469490166976,
            -5.826024409479517,
            -0.15127190704522753
        ],
        [
            -0.2904477423541163,
            8.229647049450989,
            -0.2662911716779756
        ],
        [
            0.803147957214831,
            -1.5709164910991404,
            -0.3140154890097163
        ],
        [
            -5.808611479502915,
            3.7975269488109653,
            -0.20887507985101822
        ],
        [
            -0.9469458959541388,
            -9.758648978231438,
            -0.27592099360402367
        ]
    ],
    "nodes": [
        3,
        3,
        3,
        3,
        3
    ],
    "scene": 0
}