{
    "centers": [
        [
            -3.419330684759445,
            9.397626954503455,
            -0.42631427813563083
        ],
        [
            9.229675167477517,
            -6.978407990362192,
            -0.2266085539400554
        ],
        [
            7.265085918978869,
            -1.1220932024968722,
            -0.3499346246238879
        ],
        [
            1.8581251824869955,
            -9.13703169596619,
            -0.14578388511005025
        ]
    ],
    "nodes": [
        2,
        2,
        2,
        3
    ],
    "scene": 8
}