{
    "centers": [
        [
            -1.4735736244301645,
            -4.073583826480929,
            -0.1626277842538027
        ],
        [
            6.738399621392116,
            -5.021526265621301,
            -0.44729294278420123
        ],
        [
            -0.07948657566139161,
            6.151918732586129,
            -0.17211533862861506
        ],
        [
            -4.889686265411461,
            -6.576889787785138,
            -0.22544922754676128
        ]
    ],
    "nodes": [
        3,
        3,
        3,
        3
    ],
    "scene": 0
}