{
    "centers": [
        [
            0.0016636370743157158,
            4.66568322095651,
            -0.42173660912422234
        ],
        [
            8.28533803997168,
            1.4879259567713135,
            -0.3545845135993272
        ],
        [
            3.8642260512221824,
            -3.5311569902854067,
            -0.3745073726310807
        ],
        [
            -4.118937130223898,
            -7.772271811424922,
            -0.1814331366869279
        ]
    ],
    "nodes": [
        2,
        2,
        2,
        3
    ],
    "scene": 8
}