{
    "centers": [
        [
            -5.648847192884627,
            7.715387408724492,
            -0.4560063631221332
        ],
        [
            5.466378517191984,
            0.8892336979382147,
            -0.4405703967674174
        ],
        [
            0.5795279770508088,
            5.394974753735852,
            -0.2499945683815903
        ],
        [
            -2.625216201870888,
            4.378682974678528,
            -0.13058287183065603
        ],
        [
            -0.6557398159225425,
            -1.9612537867054929,
            -0.23782526840866397
        ]
    ],
    "nodes": [
        3,
        3,
        3,
        3,
        3
    ],
    "scene": 0
}