{
    "centers": [
        [
            7.147012027270673,
            5.4311854871709375,
            -0.29705550137367454
        ],
        [
            9.295140682477228,
            2.376353984213374,
            -0.30511387422588404
        ],
        [
            -1.9543340427562246,
            -0.8022051028408423,
            -0.1748947345554046
        ],
        [
            -4.294935105435968,
            -6.164418127192719,
            -0.29011523886702667
        ],
        [
            1.94397699595884,
            -4.2135045832572615,
            -0.4466812100475316
        ]
    ],
    "nodes": [
        2,
        2,
        2,
        2,
        3
    ],
    "scene": 8
}