{
    "centers": [
        [
            9.722778238255788,
            -8.830142304134727,
            -0.17328945307546045
        ],
        [
            2.355713172649196,
            -2.5714131575491095,
            -0.4051264743832515
        ],
        [
            7.874676900350071,
            7.467882353361979,
            -0.2458538958859861
        ],
        [
            6.469384190544382,
            4.168514972946811,
            -0.2386523353913384
        ]
    ],
    "nodes": [
        2,
        2,
        2,
        3
    ],
    "scene": 8
}