{
    "centers": [
        [
            4.9007482605738275,
            -2.6001578151086964,
            -0.4153228460846389
        ],
        [
            -9.95537688636003,
            3.1255901446986822,
            -0.3119133075483322
        ],
        [
            3.4629159089020547,
            8.858255292613073,
            -0.307204025111339
        ]
    ],
    "nodes": [
        2,
        2,
        3
    ],
    "scene": 8
}