{
    "centers": [
        [
            8.317084172028292,
            8.296616852820023,
            -0.29699139725755036
        ],
        [
            2.1232105109313952,
            -1.6453442332596246,
            -0.193104568479756
        ],
        [
            -8.996806371646638,
            -6.091077728541441,
            -0.30116512971411025
        ]
    ],
    "nodes": [
        2,
        2,
        2
    ],
    "scene": 8
}