{
    "centers": [
        [
            9.751018772647534,
            -2.983852900670943,
            -0.2747383161804018
        ],
        [
            6.314604384150936,
            -4.765389010594361,
            -0.2269150449778063
        ],
        [
            8.540508239486257,
            3.7256586589406133,
            -0.11718140460205739
        ]
    ],
    "nodes": [
        2,
        2,
        2
    ],
    "scene": 8
}