{
    "centers": [
        [
            8.70030133766507,
            8.281261108885545,
            -0.36455036819037
        ],
        [
            -3.1075579953038783,
            -0.8697143502787732,
            -0.10821312469583061
        ],
        [
            4.016776720217145,
            -2.8236675288778157,
            -0.17387607809491762
        ],
        [
            -4.853177394579536,
            5.0332872423102355,
            -0.29193538724128787
        ]
    ],
    "nodes": [
        2,
        2,
        2,
        2
    ],
    "scene": 8
}