{
    "centers": [
        [
            0.12034505843170251,
            -2.297088488973504,
            -0.32493374848289514
        ],
        [
            -6.310982876469923,
            3.4398982092031876,
            -0.333205452199146
        ],
        [
            -7.601361692879792,
            -5.280915906183221,
            -0.14074457735462143
        ],
        [
            -2.406029153599394,
            1.4317991477801009,
            -0.3285754414312033
        ],
        [
            7.575536344048778,
            -4.2006948333299015,
            -0.24874236307700143
        ]
    ],
    "nodes": [
        2,
        2,
        2,
        2,
        3
    ],
    "scene": 8
}