{
    "centers": [
        [
            1.0704518460957289,
            -8.278709836277308,
            -0.16665379416646786
        ],
        [
            -8.641859196063507,
            5.392728531809073,
            -0.3446945597128155
        ],
        [
            -6.647437317549027,
            -1.570470600138007,
            -0.26405580044885557
        ],
        [
            -7.7103255345367305,
            8.334707909030243,
            -0.4866276543627718
        ],
        [
            -2.1343617731103093,
            -6.349435117170861,
            -0.3213305677638849
        ]
    ],
    "nodes": [
        2,
        2,
        2,
        2,
        2
    ],
    "scene": 8
}