{
    "centers": [
        [
            7.824339687373417,
            7.848835049044467,
            -0.38911770973823057
        ],
        [
            -8.54597747769828,
            -4.008999218374337,
            -0.11612573907222629
        ],
        [
            2.7313731610251697,
            5.363634767811348,
            -0.2828659553139157
        ],
        [
            6.934851611819365,
            9.328720132406481,
            -0.25813081219069745
        ]
    ],
    "nodes": [
        2,
        2,
        2,
        3
    ],
    "scene": 8
}