{
    "centers": [
        [
            8.484573805370658,
            8.576576325118523,
            -0.47091395377079515
        ],
        [
            6.14918954735526,
            -4.657998826494998,
            -0.3813151278305804
        ],
        [
            1.5905158724199389,
            4.121403368396969,
            -0.15286502707060412
        ]
    ],
    "nodes": [
        2,
        2,
        3
    ],
    "scene": 8
}