{
    "centers": [
        [
            7.235256949145825,
            8.354935932307981,
            -0.1317381664630599
        ],
        [
            -7.372853296028357,
            0.6177287624957817,
            -0.4181512092761013
        ],
        [
            2.62767085619881,
            6.50258606897745,
            -0.41264374163013284
        ],
        [
            0.6542535654482666,
            9.890018924865604,
            -0.23859101458180204
        ],
        [
            -5.7278032033586594,
            -4.719831864173605,
            -0.2246315158229304
        ]
    ],
    "nodes": [
        2,
        2,
        2,
        2,
        2
    ],
    "scene": 8
}