{
    "centers": [
        [
            8.738709832082282,
            9.246161999113149,
            -0.1830489686756891
        ],
        [
            9.547343590063072,
            -6.549954733656791,
            -0.16417311313703292
        ],
        [
            5.2949175891256886,
            -5.059278506918492,
            -0.4874741824486742
        ],
        [
            -8.807489463291843,
            -2.9033845767856032,
            -0.2450138093140462
        ],
        [
            3.557268994174727,
            5.890848890091135,
            -0.4201577224757758
        ],
        [
            -4.713386645742164,
            0.15093054878760626,
            -0.39684326931621505
        ]
    ],
    "nodes": [
        2,
        2,
        2,
        2,
        2,
        3
    ],
    "scene": 8
}