{
    "centers": [
        [
            5.348256031669711,
            -2.622750974063022,
            -0.13634376345290822
        ],
        [
            8.64670476318614,
            2.1012712291743956,
            -0.22244744194409616
        ],
        [
            3.4170413173818055,
            6.434344155607764,
            -0.26475262679054923
        ]
    ],
    "nodes": [
        2,
        2,
        2
    ],
    "scene": 8
}