{
    "centers": [
        [
            4.038871868526462,
            -0.6615193473162844,
            -0.24675592188530132
        ],
        [
            -9.078223318992599,
            9.141205736002703,
            -0.14487655824834278
        ],
        [
            6.25181297016735,
            -6.9600785432917744,
            -0.15658434022824358
        ],
        [
            1.5527354350781781,
            6.971927090988945,
            -0.1661182304717932
        ]
    ],
    "nodes": [
        2,
        2,
        2,
        3
    ],
    "scene": 8
}