{
    "centers": [
        [
            0.7787758661093029,
            8.584853407689973,
            -0.17803659348669548
        ],
        [
            -1.0913383858175525,
            -2.1425119213681176,
            -0.4583881992821569
        ],
        [
            -5.404342154169671,
            7.382138127841028,
            -0.11887214901130655
        ],
        [
            7.7111779045005555,
            -9.014164590065391,
            -0.3569954676505388
        ]
    ],
    "nodes": [
        3,
        3,
        3,
        3
    ],
    "scene": 0
}