{
    "centers": [
        [
            0.19529880024188984,
            0.02872269431607677,
            -0.16188754407951733
        ],
        [
            5.259848535652214,
            6.084270682447119,
            -0.17418216076395848
        ],
        [
            -7.320500039224789,
            3.7708825784985027,
            -0.3098601996799747
        ]
    ],
    "nodes": [
        2,
        2,
        2
    ],
    "scene": 8
}