{
    "centers": [
        [
            1.9937086904322836,
            -8.925277916582527,
            -0.24155205043960337
        ],
        [
            -1.4883227625755389,
            3.8792669138192224,
            -0.3641032181157392
        ],
        [
            -8.50582822763348,
            7.619193736767386,
            -0.43186552075971224
        ],
        [
            -9.229479133025567,
            -4.110391253481433,
            -0.31018012411196005
        ],
        [
            -2.3131236167034537,
            -5.736458527812454,
            -0.3842197532819288
        ]
    ],
    "nodes": [
        2,
        2,
        2,
        2,
        3
    ],
    "scene": 8
}