{
    "centers": [
        [
            6.754709579629065,
            -9.635102083841343,
            -0.35452957758892933
        ],
        [
            -0.5454511162596241,
            -7.057871908522988,
            -0.30846480247115493
        ],
        [
            -6.34738314829953,
            6.204317258414413,
            -0.14501557266685883
        ],
        [
            7.512911257566863,
            3.3359896103066546,
            -0.4362009474064052
        ],
        [
            -8.165118131064574,
            9.489187634252016,
            -0.2397324832863092
        ]
    ],
    "nodes": [
        2,
        2,
        2,
        2,
        3
    ],
    "scene": 8
}