{
    "centers": [
        [
            0.8660681457402291,
            3.3880400171178877,
            -0.3034283276633599
        ],
        [
            9.350088061541129,
            0.11789793164626872,
            -0.41943952642972204
        ],
        [
            -8.638712914880927,
            -6.752100197949282,
            -0.30714688524132716
        ]
    ],
    "nodes": [
        2,
        2,
        2
    ],
    "scene": 8
}