{
    "centers": [
        [
            8.88110080911764,
            3.760340761833378,
            -0.1872044407349649
        ],
        [
            5.129537636749472,
            6.1864385251100025,
            -0.24048988892481932
        ]
    ],
    "nodes": [
        2,
        2
    ],
    "scene": 8
}