{
    "centers": [
        [
            -1.647584908947124,
            -3.2530216449877773,
            -0.47903762456558
        ],
        [
            6.71011281811473,
            -5.216704997262549,
            -0.1629231412157719
        ],
        [
            -5.439537092813871,
            2.801338455511768,
            -0.4575128989357495
        ]
    ],
    "nodes": [
        3,
        3,
        3
    ],
    "scene": 0
}