{
    "centers": [
        [
            -3.6302557030824083,
            -5.159903620413155,
            -0.3933940074443699
        ],
        [
            -9.340229212391263,
            7.878978507435384,
            -0.18484547504816246
        ],
        [
            8.371912341261204,
            -9.498803342092032,
            -0.3126355462753808
        ],
        [
            9.237524304900273,
            2.0375361060794646,
            -0.22287869569015278
        ],
        [
            -4.762298767998814,
            -7.114987769445447,
            -0.12329899206931116
        ],
        [
            -5.591540520294707,
            5.807754803979623,
            -0.39520627962126353
        ]
    ],
    "nodes": [
        2,
        2,
        2,
        2,
        2,
        3
    ],
    "scene": 8
}