{
    "centers": [
        [
            -2.0024470324394077,
            6.685939737601213,
            -0.20439352310609044
        ],
        [
            -6.90094183628929,
            -8.878856984085711,
            -0.18339146781579796
        ],
        [
            3.5858991358599432,
            -2.2153578058138095,
            -0.417935450489306
        ],
        [
            -0.9298651644394429,
            -4.873734523472127,
            -0.10965540579251709
        ],
        [
            8.33662530198183,
            0.8522212350191865,
            -0.2410326691370564
        ]
    ],
    "nodes": [
        2,
        2,
        2,
        2,
        2
    ],
    "scene": 8
}