{
    "centers": [
        [
            7.836984255790686,
            -1.6099407859807275,
            -0.10493594559690406
        ],
        [
            -5.711862730358483,
            -6.1779284019479945,
            -0.3303963459001583
        ],
        [
            0.31973567306697603,
            4.895517553315933,
            -0.30186865082088266
        ],
        [
            -0.33905156367231903,
            8.111003973045293,
            -0.16208805190956022
        ]
    ],
    "nodes": [
        2,
        2,
        2,
        2
    ],
    "scene": 8
}