{
    "centers": [
        [
            0.9249340295718138,
            -4.5474141919278015,
            -0.42735563325010617
        ],
        [
            6.860598486760338,
            -2.6914716290114153,
            -0.3867329228710718
        ],
        [
            -6.4891569670383165,
            8.078274426873822,
            -0.13241250317922199
        ]
    ],
    "nodes": [
        2,
        2,
        2
    ],
    "scene": 8
}