{
    "centers": [
        [
            -3.947393988969856,
            -0.4077232586731192,
            -0.44990603436000365
        ],
        [
            7.943963627218068,
            7.061653171087876,
            -0.15979633742149996
        ],
        [
            -7.458990010623885,
            -7.635824417887143,
            -0.12447033588303202
        ]
    ],
    "nodes": [
        2,
        2,
        2
    ],
    "scene": 8
}