{
    "centers": [
        [
            1.1716996352963882,
            8.943135883376137,
            -0.17088504005495608
        ],
        [
            -4.620443557622307,
            -6.996343801065999,
            -0.17324945575459277
        ],
        [
            6.51454159835464,
            4.458360342516929,
            -0.2753381560712038
        ],
        [
            -9.288322535507383,
            6.083014911637015,
            -0.21635609478371237
        ],
        [
            2.0011408730214697,
            2.9445949719275966,
            -0.4379202679559244
        ],
        [
            -0.14922025279503437,
            -7.963526552231186,
            -0.2537648059306655
        ]
    ],
    "nodes": [
        4,
        4,
        4,
        4,
        4,
        4
    ],
    "scene": 9
}