{
    "centers": [
        [
            8.728808160778648,
            -2.3923041893255936,
            -0.13122147310358373
        ],
        [
            -8.733779720449888,
            4.541453932947208,
            -0.3931510533248327
        ],
        [
            -1.7585931276607916,
            -8.772533059111261,
            -0.4148874614164405
        ]
    ],
    "nodes": [
        4,
        4,
        4
    ],
    "scene": 9
}