{
    "centers": [
        [
            3.4218870902182594,
            1.2622572380963266,
            -0.2019171487871259
        ],
        [
            4.367057920534982,
            -0.8466233590073777,
            -0.31201917866058215
        ],
        [
            -5.95415098023736,
            -8.50176098789464,
            -0.25866461157342874
        ]
    ],
    "nodes": [
        3,
        3,
        3
    ],
    "scene": 0
}