{
    "centers": [
        [
            -9.15208020610843,
            9.677182150375522,
            -0.19393109987915919
        ],
        [
            7.7198027647109555,
            -7.170671702557653,
            -0.41053534603738817
        ],
        [
            -6.0798411262747365,
            -3.099252310242104,
            -0.1299736803331072
        ],
        [
            -6.940744361702873,
            -0.00350589104607657,
            -0.12032491539142565
        ]
    ],
    "nodes": [
        4,
        4,
        4,
        4
    ],
    "scene": 9
}