{
    "centers": [
        [
            -3.312359998235655,
            -6.620140555143504,
            -0.2301690795876153
        ],
        [
            8.60447644525259,
            -5.220407223909067,
            -0.3504471276433587
        ],
        [
            -2.052275872669849,
            3.7490866888448373,
            -0.4024174814135866
        ],
        [
            0.7948176170372641,
            0.6660381373414577,
            -0.17595830616483615
        ],
        [
            9.96328748377288,
            -4.1981053688366465,
            -0.31548899466748914
        ],
        [
            -5.173537857677346,
            -0.24186596157576012,
            -0.4186942379013209
        ]
    ],
    "nodes": [
        3,
        4,
        4,
        4,
        4,
        4
    ],
    "scene": 9
}