{
    "centers": [
        [
            6.80992386613385,
            -7.7814505270652905,
            -0.4434988841388153
        ],
        [
            6.20568020612081,
            -1.434633746878779,
            -0.21182748021840636
        ],
        [
            9.668792809703412,
            8.292176174305194,
            -0.42257443015396723
        ]
    ],
    "nodes": [
        4,
        4,
        4
    ],
    "scene": 9
}