{
    "centers": [
        [
            2.7156411673097374,
            6.549177078871185,
            -0.14291833185089758
        ],
        [
            0.5477845391018317,
            5.223300799560883,
            -0.4862962985326088
        ],
        [
            -2.6412797333174005,
            -3.163482225407992,
            -0.22690824151050848
        ],
        [
            -5.96270951092343,
            0.5627644492933292,
            -0.4938665645990121
        ]
    ],
    "nodes": [
        3,
        3,
        3,
        3
    ],
    "scene": 0
}