{
    "centers": [
        [
            0.07986787518260918,
            4.446168927570177,
            -0.32119009352274774
        ],
        [
            -4.366406192859927,
            7.315016697182312,
            -0.24970759686617378
        ],
        [
            9.565171297337745,
            1.7059881905324392,
            -0.35967591273410027
        ],
        [
            2.399277519600602,
            3.290688834999976,
            -0.38124350046247546
        ]
    ],
    "nodes": [
        3,
        3,
        3,
        3
    ],
    "scene": 0
}