{
    "centers": [
        [
            -3.447967574551914,
            -4.680611466667677,
            -0.24605302486478992
        ],
        [
            -7.794226226280115,
            -5.3022977401341205,
            -0.19586997791892463
        ],
        [
            -6.272189349084989,
            -3.791049674205869,
            -0.31794683200642915
        ],
        [
            -4.46966184649402,
            3.6441403909453243,
            -0.3259672567054941
        ],
        [
            0.5976896288289204,
            0.7636508056830937,
            -0.4766768351533311
        ],
        [
            -1.3828039663899823,
            -1.0360331871866748,
            -0.3566396503007794
        ],
        [
            -2.2173905550820106,
            -6.659295160036316,
            -0.336239804839856
        ]
    ],
    "nodes": [
        3,
        4,
        4,
        4,
        4,
        4,
        4
    ],
    "scene": 9
}