{
    "centers": [
        [
            8.08835283668547,
            -7.843772012179999,
            -0.2962191820487662
        ],
        [
            9.452053622125195,
            -9.437298005501455,
            -0.38599483387895794
        ],
        [
            -3.170761549344765,
            5.158231433784682,
            -0.24959771044943907
        ],
        [
            -6.429255130921869,
            -6.532919021649208,
            -0.277471774844559
        ],
        [
            6.06460567489038,
            -5.431129326306426,
            -0.2513557094684675
        ],
        [
            8.699327118657536,
            0.13298484352678663,
            -0.20183285761849568
        ]
    ],
    "nodes": [
        3,
        4,
        4,
        4,
        4,
        4
    ],
    "scene": 9
}