{
    "centers": [
        [
            2.1673537357564214,
            0.6365177435473655,
            -0.13090377692716987
        ],
        [
            -6.985620084356254,
            5.028859997709599,
            -0.24032963702556676
        ],
        [
            9.889157307195909,
            -2.364586821816907,
            -0.31929739136987734
        ],
        [
            -0.1883923609875815,
            -7.644878219154725,
            -0.15394264815750497
        ],
        [
            -5.4028162376991595,
            7.606786336551103,
            -0.25411744375840883
        ]
    ],
    "nodes": [
        4,
        4,
        4,
        4,
        4
    ],
    "scene": 9
}