{
    "centers": [
        [
            5.834867127709863,
            8.359204039137119,
            -0.2793451522753062
        ],
        [
            -1.5055836874124608,
            -9.9353274076474,
            -0.2932279695653572
        ],
        [
            2.6225907349005837,
            2.252640237464231,
            -0.26430076973307814
        ],
        [
            7.054507608490198,
            -7.7866681114517045,
            -0.2992024390979799
        ]
    ],
    "nodes": [
        3,
        4,
        4,
        4
    ],
    "scene": 9
}