{
    "centers": [
        [
            -0.9696385648695571,
            2.405450070415272,
            -0.4748802393360964
        ],
        [
            -7.222669309870988,
            7.816997906976773,
            -0.2852261388475443
        ],
        [
            8.08280846223203,
            5.756156817587872,
            -0.14437001268149507
        ],
        [
            7.425550729320353,
            -2.045517730531574,
            -0.38180719681933606
        ],
        [
            0.9832410445764914,
            -2.947159409334219,
            -0.1231223129157708
        ]
    ],
    "nodes": [
        3,
        4,
        4,
        4,
        4
    ],
    "scene": 9
}