{
    "centers": [
        [
            -8.74991133811206,
            8.0617343569674,
            -0.2026093674342881
        ],
        [
            -0.7939009467689058,
            -1.4884106549590488,
            -0.3351951119420164
        ],
        [
            1.3333827367657332,
            -4.699551670724995,
            -0.29707476014529854
        ],
        [
            -3.536217428335733,
            1.8025286340511126,
            -0.22496087159174133
        ],
        [
            -4.989604169900172,
            4.89247561499424,
            -0.35124558478841833
        ]
    ],
    "nodes": [
        3,
        4,
        4,
        4,
        4
    ],
    "scene": 9
}