{
    "centers": [
        [
            -4.1297412784412835,
            -7.868341192289863,
            -0.24036808015057165
        ],
        [
            7.506066914042858,
            6.425540535618566,
            -0.10588974929005851
        ],
        [
            9.736277521378675,
            -4.812115478891405,
            -0.42555720722526374
        ],
        [
            6.255855615281789,
            -6.078586811001672,
            -0.13661942495626905
        ],
        [
            -3.046557540036523,
            7.630364779849792,
            -0.4077027495818709
        ]
    ],
    "nodes": [
        4,
        4,
        4,
        4,
        4
    ],
    "scene": 9
}