{
    "centers": [
        [
            3.2153087149594164,
            -7.56166236818024,
            -0.12392871264873057
        ],
        [
            9.35235464858297,
            1.7870808116260033,
            -0.49281902540619354
        ],
        [
            -3.5947318608377206,
            -1.1726437809028933,
            -0.25848313237934034
        ],
        [
            -9.20548996355809,
            -4.591482525688959,
            -0.3726597420839515
        ],
        [
            -8.077881983078655,
            5.560614759982078,
            -0.3476534631715641
        ]
    ],
    "nodes": [
        3,
        4,
        4,
        4,
        4
    ],
    "scene": 9
}