{
    "centers": [
        [
            -9.295989601838418,
            6.477369503073319,
            -0.19928348124212403
        ],
        [
            -0.16108236830632094,
            -2.2051215992318696,
            -0.19098609481351958
        ],
        [
            -1.812045698332689,
            -9.201735298696425,
            -0.12062322841521889
        ],
        [
            9.838128468451107,
            9.168536300379774,
            -0.41399062338077985
        ]
    ],
    "nodes": [
        3,
        3,
        3,
        3
    ],
    "scene": 0
}