{
    "centers": [
        [
            6.924367348944628,
            -1.80330300412178,
            -0.46733936191787023
        ],
        [
            -9.007600549181722,
            9.381808953074401,
            -0.27613436495069354
        ],
        [
            3.6637005776556144,
            6.748989427660359,
            -0.27202622783867864
        ],
        [
            1.1053131748821983,
            2.8802412241202155,
            -0.31745823157854125
        ],
        [
            9.268817107888907,
            -8.16037375919906,
            -0.3710287589097693
        ]
    ],
    "nodes": [
        3,
        4,
        4,
        4,
        4
    ],
    "scene": 9
}