{
    "centers": [
        [
            6.469832455877228,
            -4.180528061864397,
            -0.20865756131702579
        ],
        [
            -9.19603824149538,
            -0.49738068735119256,
            -0.31804945559986775
        ],
        [
            -7.442235672266961,
            4.443698834327403,
            -0.4278122779432221
        ],
        [
            -5.487311737895439,
            6.1899220954146585,
            -0.3613799779807486
        ],
        [
            -0.33830784235400024,
            3.0928726551903445,
            -0.32602937389152936
        ],
        [
            7.476566472811488,
            8.870675742509555,
            -0.38556484343293634
        ],
        [
            -1.6876914855576963,
            -5.339703409330461,
            -0.3957017804060109
        ]
    ],
    "nodes": [
        3,
        4,
        4,
        4,
        4,
        4,
        4
    ],
    "scene": 9
}