{
    "centers": [
        [
            -9.161035115757892,
            3.0360034119590473,
            -0.3559061759719562
        ],
        [
            -4.067093561904798,
            6.03994454729364,
            -0.10122915387851084
        ],
        [
            4.627690383897749,
            -1.8654486347623678,
            -0.2052318087527718
        ]
    ],
    "nodes": [
        3,
        3,
        3
    ],
    "scene": 0
}