{
    "centers": [
        [
            5.262365071202543,
            6.236775986763913,
            -0.49630360968067755
        ],
        [
            -5.860980355251608,
            8.206112137981442,
            -0.32823144517398684
        ],
        [
            7.79781580641642,
            0.5083309962712317,
            -0.16672255809903858
        ],
        [
            -0.7479758857608019,
            -8.852729102946391,
            -0.4349311221065556
        ],
        [
            -8.937787367109177,
            3.6886144157989307,
            -0.2584796851307881
        ]
    ],
    "nodes": [
        3,
        3,
        3,
        3,
        3
    ],
    "scene": 0
}