{
    "centers": [
        [
            5.994968127139957,
            2.950951759202539,
            -0.4063193365390556
        ],
        [
            -3.5557610644923177,
            -5.279527140239133,
            -0.296451465672662
        ],
        [
            8.709194138274906,
            7.834654306323149,
            -0.21505936894252758
        ]
    ],
    "nodes": [
        3,
        3,
        3
    ],
    "scene": 0
}