{
    "centers": [
        [
            2.4395699924959757,
            -5.270463026953012,
            -0.40772473208716153
        ],
        [
            -4.9023837300126765,
            1.8717449842144873,
            -0.4349516981796801
        ],
        [
            -6.204677032625221,
            -7.16079716335557,
            -0.4960199390557911
        ],
        [
            8.435126787757177,
            3.685976032864925,
            -0.25760377314299693
        ],
        [
            5.1031219701113155,
            0.16738948699027745,
            -0.34643235582209997
        ]
    ],
    "nodes": [
        3,
        3,
        3,
        3,
        3
    ],
    "scene": 1
}