{
    "centers": [
        [
            -0.8147648539332035,
            4.318388641463107,
            -0.4670274582177213
        ],
        [
            -4.888975528956003,
            -9.035579149564942,
            -0.11585352941064353
        ],
        [
            1.7630827331395444,
            -7.185693067622241,
            -0.21958629411685482
        ],
        [
            -1.8140329418786827,
            5.142054737533115,
            -0.4146338908006704
        ],
        [
            0.7509245272667471,
            -2.7545516778694035,
            -0.19787212149159278
        ],
        [
            -3.501022169926209,
            -6.295169825489495,
            -0.24806589379757105
        ],
        [
            -5.9383726869767495,
            -4.55405137597876,
            -0.4946293448381071
        ],
        [
            6.218006279573476,
            -0.9779839554547323,
            -0.14730588272953704
        ]
    ],
    "nodes": [
        3,
        3,
        3,
        3,
        3,
        3,
        3,
        3
    ],
    "scene": 1
}