{
    "centers": [
        [
            -3.459231979732449,
            -8.036663619951334,
            -0.3519157539861215
        ],
        [
            7.296858089295874,
            -8.653170246453922,
            -0.4802560194221505
        ],
        [
            1.6897480270623095,
            6.452233770486867,
            -0.3415699335623794
        ],
        [
            -2.011614475675831,
            -5.141756390495837,
            -0.3706729879344892
        ],
        [
            -6.882619352665735,
            4.108490364967219,
            -0.4436970775934507
        ],
        [
            -5.50065278985759,
            2.5571397255927977,
            -0.31913533911661096
        ]
    ],
    "nodes": [
        3,
        3,
        3,
        3,
        3,
        3
    ],
    "scene": 1
}