{
    "centers": [
        [
            -3.9186777101871595,
            7.2125149666995725,
            -0.4360136505259114
        ],
        [
            2.985661680493747,
            1.7152204707957317,
            -0.17166929685048915
        ],
        [
            7.33307973913513,
            7.85439849416025,
            -0.471544826626522
        ],
        [
            -2.5903346789538535,
            -0.09251984013552139,
            -0.3694252053231424
        ],
        [
            8.34376571399616,
            -3.165086051180257,
            -0.15458983664994153
        ],
        [
            9.718417958974253,
            -1.762666867028619,
            -0.44177093415570595
        ],
        [
            0.7229210518062708,
            0.7752019902926648,
            -0.10804062615004978
        ],
        [
            -0.5749223619561583,
            2.7535353074230926,
            -0.4251216281935289
        ],
        [
            6.505901326830394,
            -4.858903500469123,
            -0.2946108257277177
        ]
    ],
    "nodes": [
        3,
        3,
        3,
        3,
        3,
        3,
        3,
        3,
        3
    ],
    "scene": 1
}