{
    "centers": [
        [
            -8.777832433562873,
            5.063579939622322,
            -0.2950792128710993
        ],
        [
            8.272695428484091,
            3.5819921673750077,
            -0.14143044566686425
        ],
        [
            9.145379050396851,
            -1.326731232746777,
            -0.3584862218061204
        ],
        [
            -0.13634463141777253,
            9.715085312959346,
            -0.3421589719187119
        ],
        [
            3.9716297268750296,
            -7.758341800679258,
            -0.2445903340475994
        ]
    ],
    "nodes": [
        3,
        3,
        3,
        3,
        3
    ],
    "scene": 1
}