{
    "centers": [
        [
            1.9582486948793143,
            -2.742590769377655,
            -0.22051592334408415
        ],
        [
            7.1022079214074765,
            -4.714626035884713,
            -0.2851044185913556
        ],
        [
            0.049685623406832136,
            6.006084652001139,
            -0.15254420828060677
        ],
        [
            -0.759782817065469,
            -9.092423024508733,
            -0.35353379694912956
        ],
        [
            -8.295555927444356,
            -7.9375318747498085,
            -0.39122309033852326
        ]
    ],
    "nodes": [
        3,
        3,
        3,
        3,
        3
    ],
    "scene": 1
}