{
    "centers": [
        [
            -1.6762735096395929,
            6.175899991814891,
            -0.1538489597249123
        ],
        [
            9.469072888508165,
            -9.069141421649277,
            -0.4581370258541354
        ],
        [
            2.91878187291584,
            -5.586976531173216,
            -0.36562844830341323
        ],
        [
            -2.3899357424084933,
            -8.306199885403311,
            -0.15927609546727373
        ],
        [
            7.2306317469405315,
            6.9784016121459125,
            -0.22668072416290957
        ],
        [
            1.4532687828692339,
            9.577237250108716,
            -0.3072203565842168
        ],
        [
            5.605275864239612,
            1.2302573060696496,
            -0.2165317151099745
        ]
    ],
    "nodes": [
        3,
        3,
        3,
        3,
        3,
        3,
        3
    ],
    "scene": 1
}