{
    "centers": [
        [
            5.378950407076008,
            7.271589384234538,
            -0.2158009051181286
        ],
        [
            -8.606262332376284,
            8.203598605535593,
            -0.1992970971744527
        ],
        [
            -3.5240860880222673,
            -5.413270686693448,
            -0.24021091617371237
        ],
        [
            0.5097760344651103,
            1.2722531368643804,
            -0.32148716134657906
        ],
        [
            -9.6271032589451,
            -0.8812109538631603,
            -0.13540863350376625
        ],
        [
            9.01983389767129,
            2.56919770794096,
            -0.4335946114309607
        ],
        [
            3.6960739926455783,
            1.894974013484509,
            -0.2677870414722162
        ],
        [
            -0.20873052283564775,
            3.657443629281275,
            -0.19583168542123836
        ]
    ],
    "nodes": [
        3,
        3,
        3,
        3,
        3,
        3,
        3,
        3
    ],
    "scene": 1
}