{
    "centers": [
        [
            -6.638568873458645,
            -2.6083196728689417,
            -0.23892095042965744
        ],
        [
            4.591662106410926,
            -7.902658478808215,
            -0.3192494128688883
        ],
        [
            -5.259056863668993,
            -9.899766115149768,
            -0.3141412083739986
        ],
        [
            -3.66806597845589,
            7.093182504373093,
            -0.18448610004691252
        ],
        [
            7.678172628388424,
            1.6424326628881563,
            -0.3910163891718312
        ],
        [
            -8.524213170895136,
            -4.414687459416906,
            -0.1990391994586308
        ]
    ],
    "nodes": [
        3,
        3,
        3,
        3,
        3,
        3
    ],
    "scene": 1
}