{
    "centers": [
        [
            -4.518298583197369,
            -8.428049812047707,
            -0.3580405508849082
        ],
        [
            0.13295937953047243,
            -4.043107187947195,
            -0.2560081915713014
        ],
        [
            -6.1836556265961695,
            9.444902207747187,
            -0.47583856366450616
        ],
        [
            -9.01295609252996,
            -1.425073698541496,
            -0.23098425817459395
        ],
        [
            1.5647363292127832,
            3.103029591973584,
            -0.2411044755070127
        ],
        [
            3.7482567554283044,
            -4.863289806955464,
            -0.40973118572586253
        ],
        [
            8.628728396924409,
            -7.5160937839918045,
            -0.44748085216556766
        ],
        [
            7.4404732160530465,
            1.1019325055997768,
            -0.36719471474317106
        ]
    ],
    "nodes": [
        3,
        3,
        3,
        3,
        3,
        3,
        3,
        3
    ],
    "scene": 1
}