{
    "centers": [
        [
            -2.864829152278057,
            -1.6869566923954125,
            -0.3767373859000639
        ],
        [
            0.23094159270953973,
            -5.328037018683127,
            -0.3353952052937703
        ],
        [
            -5.135572965617046,
            1.1678754170686148,
            -0.334716403850267
        ],
        [
            -6.5877232389920675,
            -4.095103552577326,
            -0.23782173872127027
        ]
    ],
    "nodes": [
        3,
        3,
        3,
        3
    ],
    "scene": 0
}