{
    "centers": [
        [
            4.2834077137610915,
            3.275018646042696,
            -0.26265282267294443
        ],
        [
            -2.534665443694985,
            5.974459954353231,
            -0.29516228084646035
        ],
        [
            -3.1750654569612706,
            1.6903775325611043,
            -0.30135263937838874
        ],
        [
            -9.013265829697676,
            6.625043237479918,
            -0.46474545029481673
        ],
        [
            9.007162504790575,
            -1.0780687378552578,
            -0.2145782836914948
        ],
        [
            -6.919797621534178,
            5.2760892915593445,
            -0.3724836629519232
        ],
        [
            7.135536570394013,
            -2.6334394835172787,
            -0.30814168471743597
        ]
    ],
    "nodes": [
        3,
        3,
        3,
        3,
        3,
        3,
        3
    ],
    "scene": 1
}