{
    "centers": [
        [
            7.3220821545882515,
            -1.5544337117540472,
            -0.3874190136551236
        ],
        [
            -3.8973690799797867,
            -2.9869984434051977,
            -0.20322795617991102
        ],
        [
            -9.87302319782492,
            -5.642487794749281,
            -0.4559776205315812
        ],
        [
            -0.5591839259131977,
            5.081193354729068,
            -0.2730701557596714
        ],
        [
            6.103807066089498,
            -9.617858135881223,
            -0.4435039749726052
        ],
        [
            -3.2608731200290038,
            0.11631314259126668,
            -0.4856756877760203
        ],
        [
            -8.69615863141801,
            -8.263314404193432,
            -0.242177408812756
        ],
        [
            9.921044802474398,
            1.7764202929103217,
            -0.321866194732757
        ]
    ],
    "nodes": [
        3,
        3,
        3,
        3,
        3,
        3,
        3,
        3
    ],
    "scene": 1
}