{
    "centers": [
        [
            -1.8530207230353604,
            -0.719890081524488,
            -0.22162802118513725
        ],
        [
            1.6923609128967172,
            0.7552771781722889,
            -0.2522913042528926
        ],
        [
            7.842173497105499,
            4.916634263922253,
            -0.3563423551170717
        ],
        [
            5.118053964397365,
            -6.436958983076179,
            -0.23064659322789682
        ],
        [
            0.6891940209604677,
            2.8376760760926523,
            -0.4365013198531279
        ],
        [
            -3.42361955231622,
            -3.5427522196775723,
            -0.2510655481863585
        ],
        [
            -9.963848168156249,
            -7.626069209705413,
            -0.44752657848616434
        ]
    ],
    "nodes": [
        3,
        3,
        3,
        3,
        3,
        3,
        3
    ],
    "scene": 1
}