{
    "centers": [
        [
            2.4487799225132907,
            6.37725771414042,
            -0.15341119582999696
        ],
        [
            4.301504797600462,
            7.326265382904275,
            -0.155737168019079
        ],
        [
            -2.6047885160799673,
            -6.287242938872919,
            -0.2789270965966838
        ],
        [
            -1.8779721348514542,
            -5.52472719745615,
            -0.22516577077144728
        ],
        [
            3.698151385603932,
            5.029261375383658,
            -0.19465481776466076
        ],
        [
            -4.403801632428981,
            8.748341620105197,
            -0.21993915804446734
        ]
    ],
    "nodes": [
        3,
        3,
        3,
        3,
        3,
        3
    ],
    "scene": 1
}