{
    "centers": [
        [
            8.930352315280093,
            -8.875320833527795,
            -0.31390723435859624
        ],
        [
            0.29355652124463205,
            -9.483777804250122,
            -0.384557620410229
        ],
        [
            3.25240838539559,
            -0.23279473934926287,
            -0.2997418138016329
        ],
        [
            6.391722491191121,
            -4.735001295905812,
            -0.14000210650076472
        ],
        [
            7.648529673917967,
            3.4887108451099014,
            -0.13965694967765335
        ]
    ],
    "nodes": [
        3,
        3,
        3,
        3,
        3
    ],
    "scene": 1
}