{
    "centers": [
        [
            7.334586111325315,
            0.07497511519709477,
            -0.10896575855228474
        ],
        [
            9.338876579183058,
            -9.483420171386403,
            -0.3178714665783668
        ],
        [
            3.4358255321693,
            -6.793447219638344,
            -0.34423068795205103
        ],
        [
            4.719493179358452,
            -4.97139901314603,
            -0.19698423435249418
        ],
        [
            -4.567183059043794,
            7.413519709078567,
            -0.20423323517326986
        ],
        [
            -9.677976695031314,
            3.281077385403229,
            -0.12388896326996734
        ],
        [
            -0.6553523523274318,
            1.758394928786359,
            -0.3308966392235587
        ],
        [
            8.405958022776925,
            5.541490436571676,
            -0.2670447321047868
        ],
        [
            2.6481295484627783,
            -7.971882284811929,
            -0.3751473902366725
        ]
    ],
    "nodes": [
        3,
        3,
        3,
        3,
        3,
        3,
        3,
        3,
        3
    ],
    "scene": 1
}