{
    "centers": [
        [
            -8.649901470560518,
            1.3459767928134543,
            -0.3917995147567446
        ],
        [
            3.046579401524143,
            3.283456972840522,
            -0.3753160761676692
        ],
        [
            -7.506816908769888,
            2.1596408905456776,
            -0.49046626473149935
        ],
        [
            9.289013763209041,
            0.5734020424512138,
            -0.4843625054135996
        ],
        [
            -0.822599182321115,
            8.627480304799615,
            -0.2729923765199944
        ]
    ],
    "nodes": [
        3,
        3,
        3,
        3,
        3
    ],
    "scene": 1
}