{
    "centers": [
        [
            -2.423758596830343,
            9.617158835003782,
            -0.3736267702499011
        ],
        [
            -8.010023220798201,
            8.243305155697925,
            -0.23540989280635166
        ],
        [
            -6.358002626229515,
            3.9917657933924833,
            -0.10005918169606204
        ],
        [
            -3.1466029817427987,
            5.644379676606947,
            -0.15246932283698317
        ],
        [
            -8.620250016967967,
            6.515861420096879,
            -0.13337039495832298
        ],
        [
            4.580856426781859,
            7.376965398053237,
            -0.12812420344402387
        ]
    ],
    "nodes": [
        3,
        3,
        3,
        3,
        3,
        3
    ],
    "scene": 1
}