{
    "centers": [
        [
            1.2865953690933534,
            8.144946431928421,
            -0.3652712847678229
        ],
        [
            -4.87316395929243,
            -3.4886950787551108,
            -0.295480932452831
        ],
        [
            -9.073654704382744,
            6.286203853141284,
            -0.22790037335881952
        ],
        [
            -7.332576988292685,
            -4.774197798181854,
            -0.4876395806691062
        ],
        [
            -2.0130503806137607,
            -8.159003139679147,
            -0.14467293608603388
        ]
    ],
    "nodes": [
        3,
        3,
        3,
        3,
        3
    ],
    "scene": 1
}