{
    "centers": [
        [
            6.636377472760351,
            -7.417202266025125,
            -0.1922063842083876
        ],
        [
            -2.073452731908567,
            4.412718170801256,
            -0.47572584786735417
        ],
        [
            -7.453607501936235,
            -5.610123483770444,
            -0.4249515732902013
        ],
        [
            -8.604749636227094,
            7.442349485411874,
            -0.2758528208281218
        ],
        [
            -0.5014241523851055,
            0.9322954315021512,
            -0.3345973837762105
        ],
        [
            1.5608585561533523,
            -1.2375548412944415,
            -0.4268057436616993
        ]
    ],
    "nodes": [
        3,
        3,
        3,
        3,
        3,
        3
    ],
    "scene": 1
}