{
    "centers": [
        [
            5.435472365437654,
            9.244726164175937,
            -0.44972650443164597
        ],
        [
            -0.5832510519073519,
            -2.5486078016519054,
            -0.2310792700285238
        ],
        [
            -4.062189332073192,
            6.700605363914274,
            -0.4456700573164197
        ],
        [
            0.6335730912897048,
            -0.32398841324514827,
            -0.24375324265867843
        ]
    ],
    "nodes": [
        3,
        3,
        3,
        3
    ],
    "scene": 0
}