{
    "centers": [
        [
            8.995373321675974,
            -7.05173272001897,
            -0.24744712374146438
        ],
        [
            4.699599752280879,
            5.863426663801954,
            -0.44174986278264805
        ],
        [
            -4.04918617086798,
            5.002818260017197,
            -0.10757240071630936
        ],
        [
            7.009491698672029,
            -7.675460960632082,
            -0.17092545588254576
        ],
        [
            -0.2621072202038217,
            0.29914395004614036,
            -0.2662471967910726
        ],
        [
            -8.715138952933529,
            -4.047946068793191,
            -0.17494964004219876
        ],
        [
            -5.196428107704594,
            7.27444280342025,
            -0.3535082156321173
        ]
    ],
    "nodes": [
        3,
        3,
        3,
        3,
        3,
        3,
        3
    ],
    "scene": 1
}