{
    "centers": [
        [
            1.020112478773365,
            7.3999868522064425,
            -0.3843483764497983
        ],
        [
            9.068573765111399,
            0.587755545556039,
            -0.42968521139955873
        ],
        [
            7.564544276575383,
            9.839852527290695,
            -0.2705061261420913
        ],
        [
            -5.044298469127511,
            4.029581891307647,
            -0.35956733524066065
        ],
        [
            -7.009131302337264,
            8.449998456614402,
            -0.170690071715015
        ],
        [
            -1.860225717418798,
            5.252604791433654,
            -0.27972443471027647
        ],
        [
            2.681731753150512,
            -5.927782212949479,
            -0.25029094376122474
        ]
    ],
    "nodes": [
        3,
        3,
        3,
        3,
        3,
        3,
        3
    ],
    "scene": 1
}