{
    "centers": [
        [
            0.0782759358276035,
            -5.786418162794669,
            -0.17972812980028818
        ],
        [
            0.9784447737073805,
            -8.523248885013324,
            -0.31625014417689146
        ],
        [
            -0.6434160028960498,
            5.633591875397165,
            -0.274296183899976
        ],
        [
            -5.708408281746371,
            1.1136418135541923,
            -0.22380074278181067
        ],
        [
            -2.3000208076649713,
            -2.174534178838419,
            -0.22078575569178682
        ],
        [
            -3.9479381790094585,
            3.2034558755542513,
            -0.27988820617682164
        ],
        [
            -7.118971756922892,
            -1.4199809890803579,
            -0.43357218184356167
        ]
    ],
    "nodes": [
        3,
        3,
        3,
        3,
        3,
        3,
        3
    ],
    "scene": 1
}