{
    "centers": [
        [
            2.6203592092984387,
            -7.619204559512227,
            -0.24814430473958637
        ],
        [
            3.805945754136065,
            -1.1462086013926758,
            -0.19523188523094165
        ],
        [
            -9.80609905556318,
            -3.097610262502924,
            -0.243199208925177
        ],
        [
            -7.318053316799347,
            -9.35047501273537,
            -0.31736005068378637
        ],
        [
            -4.719232740431691,
            2.3315934196207806,
            -0.4012790547098134
        ],
        [
            0.6826371413336041,
            3.2355402831540996,
            -0.41041358986032367
        ],
        [
            -3.4160042433558075,
            5.921481012982859,
            -0.4295638554713182
        ],
        [
            5.155509705592699,
            8.667238379328964,
            -0.44782544583646905
        ]
    ],
    "nodes": [
        3,
        3,
        3,
        3,
        3,
        3,
        3,
        3
    ],
    "scene": 1
}