{
    "centers": [
        [
            9.954831678537268,
            5.129265625672339,
            -0.1968054572994551
        ],
        [
            8.824349150145267,
            -3.2378870192282205,
            -0.32817247711125197
        ],
        [
            2.120843432483955,
            8.566743891470622,
            -0.39815694441352295
        ],
        [
            -7.570514354446876,
            2.9263116780922935,
            -0.1309688491537797
        ],
        [
            5.031901559256752,
            4.284235092434889,
            -0.20994254179645055
        ],
        [
            3.5415836400752667,
            -8.94332074069,
            -0.36691452744565656
        ],
        [
            4.155216702514563,
            -1.140907907618196,
            -0.4151841406547604
        ],
        [
            -4.554437662109425,
            -6.5661349120091135,
            -0.4429289417246564
        ],
        [
            7.051884578404216,
            -5.1187109740827825,
            -0.1536659955174739
        ]
    ],
    "nodes": [
        3,
        3,
        3,
        3,
        3,
        3,
        3,
        3,
        3
    ],
    "scene": 1
}