{
    "centers": [
        [
            0.9980940834519352,
            -7.778375390686046,
            -0.3781434357225879
        ],
        [
            7.406868688280806,
            8.199175886297972,
            -0.3736226671629801
        ],
        [
            -5.338550471929089,
            -8.735643052994572,
            -0.20137437541163067
        ],
        [
            -9.008227213919916,
            -4.545438966681252,
            -0.1556449848345403
        ],
        [
            -8.116422215785962,
            1.554943525077217,
            -0.49697787596058307
        ],
        [
            -7.1121844616930545,
            5.1480094164754036,
            -0.350180957521482
        ],
        [
            2.543460154426384,
            4.094564674665564,
            -0.1720847137401103
        ],
        [
            4.860122147674586,
            -6.140330136335022,
            -0.31405765942912134
        ]
    ],
    "nodes": [
        3,
        3,
        3,
        3,
        3,
        3,
        3,
        3
    ],
    "scene": 1
}