{
    "centers": [
        [
            -0.22927401751402776,
            1.1809474212579119,
            -0.2577250030396685
        ],
        [
            -9.507253202228178,
            9.658946970825479,
            -0.4610934056899059
        ],
        [
            -8.448218918559858,
            6.356172187211616,
            -0.4334010724526408
        ],
        [
            0.47180520755135724,
            -7.681478028706774,
            -0.44392425457857543
        ],
        [
            8.827352886342556,
            2.5045442492377124,
            -0.4696547819413388
        ],
        [
            7.792541400707982,
            -3.2841077598499258,
            -0.47001963102647537
        ],
        [
            -0.9874495093693181,
            -5.317648904276043,
            -0.4182554772394554
        ],
        [
            -2.303773234360495,
            -9.673183108068644,
            -0.1342733984497158
        ],
        [
            -2.960607697233886,
            -1.8277135565429692,
            -0.3876666804299315
        ]
    ],
    "nodes": [
        3,
        3,
        3,
        3,
        3,
        3,
        3,
        3,
        3
    ],
    "scene": 1
}