{
    "centers": [
        [
            4.755757407455066,
            -4.045623214875098,
            -0.21005125781410694
        ],
        [
            9.537434848002935,
            -0.9998591814592821,
            -0.38665078673406617
        ],
        [
            -6.443256705511404,
            -6.744998846547596,
            -0.2999409891626985
        ],
        [
            8.87563320161982,
            7.329830178366979,
            -0.11811407682232261
        ],
        [
            8.272806131596997,
            5.28576404535902,
            -0.3705920517548635
        ],
        [
            -7.518708214444658,
            -1.8286273123664891,
            -0.4123973070223289
        ],
        [
            -5.5617064488000505,
            0.46059661673190533,
            -0.11264367382031248
        ],
        [
            -1.2138334596254694,
            -4.721078584378516,
            -0.4976482238583876
        ],
        [
            3.369815035891765,
            3.113580487968621,
            -0.394726582942568
        ]
    ],
    "nodes": [
        3,
        3,
        3,
        3,
        3,
        3,
        3,
        3,
        3
    ],
    "scene": 1
}