{
    "centers": [
        [
            1.8008480230403041,
            -0.7270893132136038,
            -0.4958027205194977
        ],
        [
            -6.571440333381771,
            2.1492607418786456,
            -0.33386768480194967
        ],
        [
            -4.7251747343384665,
            5.9695502268955085,
            -0.4750297320359632
        ],
        [
            -8.17221638919789,
            7.37568378073183,
            -0.40779699074365533
        ],
        [
            7.762493652181924,
            -4.629791447081184,
            -0.22220604989582254
        ],
        [
            8.936203985279672,
            -6.951753802257448,
            -0.42313268328435544
        ],
        [
            3.7159152855602535,
            8.701708820933458,
            -0.27615589130281615
        ],
        [
            5.588344051794621,
            -2.255681765908621,
            -0.18964361520566264
        ]
    ],
    "nodes": [
        3,
        3,
        3,
        3,
        3,
        3,
        3,
        3
    ],
    "scene": 1
}