{
    "centers": [
        [
            0.37103583478016056,
            -3.505374636929024,
            -0.3206338141645345
        ],
        [
            5.296876354473275,
            -5.453078319736509,
            -0.49260406006460106
        ],
        [
            -1.3239322931530104,
            -9.108538322691777,
            -0.175925634375874
        ],
        [
            8.076686306649187,
            9.138134911098586,
            -0.3448622807335159
        ],
        [
            -8.852493702892152,
            6.454349063439029,
            -0.4414382061784639
        ]
    ],
    "nodes": [
        3,
        3,
        3,
        3,
        3
    ],
    "scene": 1
}