{
    "centers": [
        [
            3.9921377488744714,
            -1.4709143925467867,
            -0.4324499794825275
        ],
        [
            -6.165635957096329,
            3.549253477111968,
            -0.4455063788531187
        ],
        [
            2.3784035629562226,
            9.713956994105367,
            -0.12594069608378855
        ],
        [
            3.370925421964742,
            -9.316212197002624,
            -0.4167355696962555
        ],
        [
            8.124863042050816,
            1.0510990784144632,
            -0.13362441865697466
        ]
    ],
    "nodes": [
        3,
        3,
        3,
        3,
        3
    ],
    "scene": 0
}