{
    "centers": [
        [
            1.0007021510058962,
            6.668006080331182,
            -0.4321693115933513
        ],
        [
            -3.3950499314859535,
            7.956101421979774,
            -0.47997727952795294
        ],
        [
            -1.9043579406564675,
            0.03170696413542551,
            -0.18510427143394487
        ],
        [
            1.6094469024458817,
            -2.1439543775662173,
            -0.12102775364356905
        ],
        [
            -7.7083986192627325,
            2.0650728954549216,
            -0.3700637396458163
        ]
    ],
    "nodes": [
        3,
        3,
        3,
        3,
        3
    ],
    "scene": 1
}