{
    "centers": [
        [
            7.840326143600606,
            3.132639613283585,
            -0.45798224848876845
        ],
        [
            9.787055074518317,
            2.3581456222623522,
            -0.15611320642010507
        ],
        [
            -2.1721192840757775,
            9.81128301013414,
            -0.47595344085638813
        ],
        [
            4.539662668012358,
            -4.251846895486288,
            -0.45423009395225156
        ],
        [
            3.824187674189245,
            -9.426230913007794,
            -0.2126424096341899
        ],
        [
            -4.812057086621129,
            -0.6732411252643544,
            -0.1367872520124398
        ],
        [
            -0.9450659331626703,
            -5.6665700787986095,
            -0.30968154544210025
        ],
        [
            2.6073176007624,
            7.736796028615682,
            -0.2371785129425137
        ],
        [
            -7.223011136088855,
            -8.067669112683223,
            -0.34677252961101435
        ]
    ],
    "nodes": [
        3,
        3,
        3,
        3,
        3,
        3,
        3,
        3,
        3
    ],
    "scene": 1
}