{
    "centers": [
        [
            -9.396201897013245,
            -6.089765712040604,
            -0.2947392019482246
        ],
        [
            -1.9329710417368204,
            8.002305896078852,
            -0.4615125235796498
        ],
        [
            4.710518046362576,
            5.300847947054287,
            -0.1587120675953828
        ],
        [
            9.847441182847717,
            9.672207787358808,
            -0.36571338655080976
        ],
        [
            1.923662385125084,
            -9.646361978255513,
            -0.2810986843090783
        ],
        [
            -8.569038492724797,
            -8.673803810596413,
            -0.3939569562492028
        ]
    ],
    "nodes": [
        3,
        3,
        3,
        3,
        3,
        3
    ],
    "scene": 1
}