{
    "centers": [
        [
            2.6586357064134774,
            6.375819786780877,
            -0.3753298062605604
        ],
        [
            5.161742808098126,
            5.747211123153155,
            -0.20072928532206935
        ],
        [
            -8.690160537176482,
            4.20664384330717,
            -0.4582591718463807
        ],
        [
            -0.2175885988216404,
            -1.8167826987241504,
            -0.3408815544504663
        ],
        [
            -3.883410267565588,
            -7.354914239352752,
            -0.24929772303818853
        ],
        [
            6.206139448012415,
            9.854593790460516,
            -0.4576854236098697
        ],
        [
            4.076421837221524,
            -0.64792507778645,
            -0.3594794949828838
        ],
        [
            -9.298720339157638,
            -3.453024972469951,
            -0.20403293867984856
        ]
    ],
    "nodes": [
        3,
        3,
        3,
        3,
        3,
        3,
        3,
        3
    ],
    "scene": 1
}