{
    "centers": [
        [
            -0.3695806194412725,
            2.184707538637859,
            -0.43265457782527295
        ],
        [
            9.439915096420478,
            -1.6448047995892505,
            -0.42256322331651325
        ],
        [
            -1.4362088898716117,
            -8.478639916239478,
            -0.35200505890551603
        ],
        [
            6.641183348222519,
            0.16981982427104114,
            -0.3947190282225893
        ],
        [
            -7.982951250957315,
            9.403369796373745,
            -0.17268933923607077
        ],
        [
            6.033521128289941,
            -4.505115161552535,
            -0.38003720009409625
        ]
    ],
    "nodes": [
        3,
        3,
        3,
        3,
        3,
        3
    ],
    "scene": 1
}