{
    "centers": [
        [
            0.611169322055602,
            -5.000592926251715,
            -0.32998781928233945
        ],
        [
            1.4328663990516493,
            7.817206618126235,
            -0.18154764016905306
        ],
        [
            -2.309551930054581,
            5.711476156224977,
            -0.49820567394490745
        ],
        [
            7.492661152574538,
            0.3686731641152754,
            -0.4547337479808641
        ],
        [
            -4.368143681042735,
            -6.7370841725526915,
            -0.3921516357544313
        ],
        [
            -3.7010514895717073,
            3.8548109035155065,
            -0.11330376600886666
        ],
        [
            -8.584936213244802,
            2.705560014607588,
            -0.23822267979808576
        ],
        [
            -6.874790655878787,
            7.169364569018761,
            -0.39949847063531824
        ],
        [
            -1.1578728861198417,
            -9.768733723226857,
            -0.2980317482633394
        ]
    ],
    "nodes": [
        3,
        3,
        3,
        3,
        3,
        3,
        3,
        3,
        3
    ],
    "scene": 1
}