{
    "centers": [
        [
            -1.8913221028661802,
            -3.7482134732852472,
            -0.42024563825422334
        ],
        [
            -3.8083509277044563,
            -6.858620081314138,
            -0.28299881017793627
        ],
        [
            3.198533485629383,
            -9.826605028347718,
            -0.4223884629734141
        ],
        [
            5.0688559132242865,
            8.99303925457621,
            -0.3301316954284176
        ],
        [
            -5.0259152624743475,
            -5.508832981798985,
            -0.448943431288034
        ],
        [
            -6.749615243647682,
            -2.468104354978877,
            -0.27486277427780004
        ],
        [
            8.55895073477064,
            -4.5957145927943355,
            -0.3351771108180756
        ],
        [
            4.043919268258998,
            3.477862974758459,
            -0.13585891880886442
        ]
    ],
    "nodes": [
        3,
        3,
        3,
        3,
        3,
        3,
        3,
        3
    ],
    "scene": 1
}