{
    "centers": [
        [
            3.2252139579700483,
            0.17332046007106072,
            -0.4184352357888847
        ],
        [
            4.589439142616262,
            -3.8992246131255426,
            -0.43445751035274494
        ],
        [
            -5.069781541314313,
            -5.4435931001195375,
            -0.116751394150724
        ],
        [
            7.571395737966501,
            8.382700647589214,
            -0.19772937414136432
        ],
        [
            -0.9550538855163673,
            1.0157562179442348,
            -0.16914819772266876
        ],
        [
            -1.5920363940362048,
            5.0924710443105,
            -0.14639826464560085
        ]
    ],
    "nodes": [
        3,
        3,
        3,
        3,
        3,
        3
    ],
    "scene": 1
}