{
    "centers": [
        [
            -8.874116857799507,
            8.378929346851233,
            -0.39064838771385124
        ],
        [
            7.293992673559686,
            -9.656766459742858,
            -0.27444048578651253
        ],
        [
            5.151955735344806,
            7.3966605927376,
            -0.43171896529216597
        ],
        [
            -6.643982038371348,
            3.032539329026413,
            -0.37091813746113567
        ],
        [
            -0.7248965350607257,
            -0.9695376205816011,
            -0.3879091402494559
        ],
        [
            -9.884896837631498,
            -5.772057778256377,
            -0.37768012094472303
        ],
        [
            1.5473563583317826,
            -0.19260430891248959,
            -0.3679457182406114
        ],
        [
            4.198978470821951,
            -1.809226783205025,
            -0.3464503463383596
        ],
        [
            -5.562483474145279,
            -2.9019446556447175,
            -0.4129354044935119
        ]
    ],
    "nodes": [
        3,
        3,
        3,
        3,
        3,
        3,
        3,
        3,
        3
    ],
    "scene": 1
}