{
    "centers": [
        [
            -8.878659459926235,
            4.74420396346882,
            -0.11559199432557699
        ],
        [
            -2.2415064448405637,
            8.241161137360962,
            -0.45482646302982477
        ],
        [
            6.092183337453925,
            -2.4886281007036377,
            -0.3697928514039249
        ],
        [
            2.193139881416057,
            -0.11733668116256091,
            -0.36091111252400976
        ],
        [
            9.59380552015378,
            2.0666349717940875,
            -0.3121020364750261
        ],
        [
            1.326872043034463,
            -9.487092325818518,
            -0.10593854089580723
        ]
    ],
    "nodes": [
        3,
        3,
        3,
        3,
        3,
        3
    ],
    "scene": 1
}