{
    "centers": [
        [
            -5.756994301038805,
            6.638938017627424,
            -0.1932604604581057
        ],
        [
            9.883137224358876,
            8.662172747108983,
            -0.3233527029961045
        ],
        [
            3.8297412072436536,
            -1.9396386192744597,
            -0.3743575295386154
        ],
        [
            -9.959903124355549,
            -4.935678999853669,
            -0.20700081735794634
        ],
        [
            -0.4479675119689439,
            -6.0682220262031095,
            -0.1380098887178952
        ]
    ],
    "nodes": [
        3,
        3,
        3,
        3,
        3
    ],
    "scene": 0
}