{
    "centers": [
        [
            3.2847813726316524,
            -3.7073669933306324,
            -0.3693801468282551
        ],
        [
            -4.380149148792616,
            1.5068275132037083,
            -0.2560760782473759
        ],
        [
            4.602140030979795,
            -2.013103078651124,
            -0.49831812402426257
        ],
        [
            -1.0042552547504453,
            5.323849788609179,
            -0.4063485610015215
        ],
        [
            -1.674750007188461,
            -0.9864120618795695,
            -0.46444898808425406
        ],
        [
            -7.793113813582089,
            7.08418884433739,
            -0.44406292058344243
        ],
        [
            -2.4107556726214874,
            -5.951078236291989,
            -0.12133338137307198
        ]
    ],
    "nodes": [
        3,
        3,
        3,
        3,
        3,
        3,
        3
    ],
    "scene": 1
}