{
    "centers": [
        [
            -2.8660624407192348,
            2.6178957025518876,
            -0.1370429652907621
        ],
        [
            6.063101567011323,
            -2.152907405138336,
            -0.4314423298563116
        ],
        [
            8.882731307221988,
            8.863007659707776,
            -0.3274727469666563
        ],
        [
            -6.303605460256245,
            9.893525641490793,
            -0.32758801912193325
        ],
        [
            -0.8387014902901075,
            -0.4446739115256335,
            -0.11791331807848443
        ],
        [
            -4.3996596010538,
            7.877957810324279,
            -0.3798880647345
        ],
        [
            9.96848271039375,
            5.145796844539728,
            -0.385479357463981
        ]
    ],
    "nodes": [
        3,
        3,
        3,
        3,
        3,
        3,
        3
    ],
    "scene": 1
}