{
    "centers": [
        [
            8.035740132656585,
            4.920839386527227,
            -0.29009085092506254
        ],
        [
            2.9039821203220626,
            -3.925042297278017,
            -0.22884110804428975
        ],
        [
            -4.762802714141716,
            1.845032145512926,
            -0.13382564923934853
        ],
        [
            9.780446516070086,
            -7.820635175764861,
            -0.32219959550091604
        ],
        [
            6.092218851507543,
            -0.06841840989172177,
            -0.11851535909383915
        ],
        [
            -0.049004331603610396,
            0.7533094318244498,
            -0.40163570420360006
        ],
        [
            -7.297736767961371,
            -9.04262526993908,
            -0.36481421894630717
        ]
    ],
    "nodes": [
        3,
        3,
        3,
        3,
        3,
        3,
        3
    ],
    "scene": 1
}