{
    "centers": [
        [
            3.2665669605928915,
            -7.72434165825125,
            -0.10007497751535266
        ],
        [
            6.118583836871579,
            0.971678574483807,
            -0.19541467642761345
        ],
        [
            -7.536206591654729,
            -2.813731011007448,
            -0.1518825632203744
        ],
        [
            -3.7657589951616117,
            4.298609541369039,
            -0.23687557149827076
        ],
        [
            0.9878803078302703,
            6.444462395939436,
            -0.3661523358416433
        ],
        [
            1.9937123322120076,
            7.137937909683629,
            -0.21554385865330883
        ],
        [
            -1.4156360413783098,
            0.27398701533262226,
            -0.27886641001999746
        ],
        [
            -6.823087952466289,
            -4.9177676728807285,
            -0.442051826481351
        ]
    ],
    "nodes": [
        3,
        3,
        3,
        3,
        3,
        3,
        3,
        3
    ],
    "scene": 1
}