{
    "centers": [
        [
            -3.487473204100999,
            4.849151632088894,
            -0.44815556810771934
        ],
        [
            2.8612379573737705,
            1.7006129920388844,
            -0.4544450628609012
        ],
        [
            4.601694071986577,
            -5.845799749129352,
            -0.30206806444960355
        ],
        [
            1.959153006261353,
            -2.1571126842731285,
            -0.2602262066481964
        ],
        [
            -9.498670439586501,
            6.757422399481868,
            -0.3171696372995613
        ],
        [
            3.7941913894362322,
            -8.649139448220334,
            -0.41084810947203965
        ],
        [
            -5.368833523476533,
            -6.563374303540572,
            -0.21946899914364565
        ],
        [
            -1.667831520273479,
            -7.499317818972568,
            -0.16736326030304433
        ],
        [
            -7.889952458403904,
            0.7072858260504749,
            -0.1199187982038204
        ]
    ],
    "nodes": [
        3,
        3,
        3,
        3,
        3,
        3,
        3,
        3,
        3
    ],
    "scene": 1
}