{
    "centers": [
        [
            1.6075601756756779,
            -3.6341674498285537,
            -0.21920591195222966
        ],
        [
            6.856913864323449,
            -2.4048000664687486,
            -0.2782882351925788
        ],
        [
            0.313913669698632,
            -8.768205877346332,
            -0.44958280613042756
        ],
        [
            -1.2683144098603965,
            8.691992120792069,
            -0.32982340095007534
        ],
        [
            -6.031787407729303,
            -8.085429139276073,
            -0.4840759225037493
        ],
        [
            -4.200597312729726,
            -6.759326755455721,
            -0.4411783694863485
        ],
        [
            9.980278397152837,
            5.143847739616303,
            -0.4223589496778991
        ],
        [
            8.641062196431136,
            -5.4862069499944965,
            -0.2942535189776396
        ]
    ],
    "nodes": [
        3,
        3,
        3,
        3,
        3,
        3,
        3,
        3
    ],
    "scene": 1
}