{
    "centers": [
        [
            5.611143456282367,
            5.489883060273225,
            -0.3461557824994805
        ],
        [
            7.08748361017966,
            -0.8774342690822543,
            -0.27421124248892353
        ],
        [
            -7.354329427704174,
            3.3338431057227957,
            -0.2237035001712298
        ],
        [
            1.2546425172015052,
            -2.0352928379547386,
            -0.22007132516438405
        ],
        [
            -0.22387946612593623,
            -6.174886506061846,
            -0.3348888866787777
        ]
    ],
    "nodes": [
        3,
        3,
        3,
        3,
        3
    ],
    "scene": 1
}