{
    "centers": [
        [
            -5.331768212887804,
            8.264709283110768,
            -0.2755035464646928
        ],
        [
            5.36654673443369,
            -9.607626112917298,
            -0.3729016137673895
        ],
        [
            7.670792579186912,
            4.434446554497871,
            -0.12510636330878322
        ],
        [
            1.282773458956699,
            3.270555140964211,
            -0.47981018922243557
        ],
        [
            7.065342619940466,
            -5.505791528932398,
            -0.1730671603336199
        ],
        [
            -6.7043632510094975,
            1.4552075122501265,
            -0.387121412706892
        ],
        [
            -4.035706507112562,
            0.8043871858048117,
            -0.2311918862210225
        ]
    ],
    "nodes": [
        3,
        3,
        3,
        3,
        3,
        3,
        3
    ],
    "scene": 1
}