{
    "centers": [
        [
            -5.176219320470845,
            0.25947695157488226,
            -0.31149674678102446
        ],
        [
            -6.734314897635205,
            1.8116505820818105,
            -0.39664815327693626
        ],
        [
            -1.7979649049948154,
            4.8016287863929,
            -0.3341510155926469
        ],
        [
            2.793530769196339,
            -6.206076819463055,
            -0.26354488177829927
        ],
        [
            9.374340383746112,
            2.745721361863808,
            -0.47214754914545454
        ],
        [
            5.906129724334143,
            -8.126760636694506,
            -0.2642485270500402
        ],
        [
            1.2392545378081117,
            -4.333596953879397,
            -0.29819245220841284
        ]
    ],
    "nodes": [
        3,
        3,
        3,
        3,
        3,
        3,
        3
    ],
    "scene": 1
}