{
    "centers": [
        [
            -6.803701150511145,
            1.884054578377798,
            -0.2008197990791884
        ],
        [
            9.46813069074878,
            3.7868084327063443,
            -0.1142275191116
        ],
        [
            4.649227962440317,
            -8.823135732443712,
            -0.3987797461131033
        ],
        [
            -0.6580572943989083,
            -1.594126068589878,
            -0.3610884962008656
        ],
        [
            1.4708873455020672,
            -9.602318956203337,
            -0.29059517576178584
        ]
    ],
    "nodes": [
        3,
        3,
        3,
        3,
        3
    ],
    "scene": 1
}