{
    "centers": [
        [
            6.973947181990351,
            -2.192854248797939,
            -0.11018661676793773
        ],
        [
            -7.9449703392470745,
            -0.364759692969054,
            -0.46477609529429326
        ],
        [
            8.477087260341701,
            -7.694712873597515,
            -0.2071104661828141
        ]
    ],
    "nodes": [
        3,
        3,
        3
    ],
    "scene": 0
}