{
    "centers": [
        [
            7.446530035425127,
            2.4073648569959527,
            -0.38531918063364357
        ],
        [
            -1.9354219364461773,
            1.2410535281574084,
            -0.19555986229061845
        ],
        [
            0.22857751850538577,
            -6.451738806101435,
            -0.43694283238331477
        ],
        [
            -9.149496325000543,
            -5.326896690147549,
            -0.4092208635515269
        ],
        [
            1.1156112283561335,
            -1.4457724896895048,
            -0.2147541950503205
        ]
    ],
    "nodes": [
        3,
        3,
        3,
        3,
        3
    ],
    "scene": 1
}