{
    "centers": [
        [
            5.756043942733577,
            1.1802531958051947,
            -0.23196565540376884
        ],
        [
            7.961886519560938,
            3.460831398933358,
            -0.3037923308881142
        ],
        [
            2.174652779093215,
            -2.678065468213539,
            -0.3384166010175128
        ],
        [
            3.400520690506392,
            -6.1912976496367484,
            -0.3035378967046177
        ],
        [
            -1.952501219443194,
            -9.7567584413355,
            -0.24643875233553353
        ],
        [
            -7.927125827991761,
            -1.9492726319392517,
            -0.13585307500514943
        ]
    ],
    "nodes": [
        3,
        3,
        3,
        3,
        3,
        3
    ],
    "scene": 1
}