{
    "centers": [
        [
            -3.082611970410161,
            -7.169128004796996,
            -0.2929361073483198
        ],
        [
            0.27233391060095613,
            5.40234937292678,
            -0.2371234308735719
        ],
        [
            -7.4950111810401605,
            0.5617996636015672,
            -0.19700965342632343
        ],
        [
            5.650515892263986,
            2.693457207140412,
            -0.17910304123031273
        ],
        [
            -4.0084939970630895,
            8.27411279767805,
            -0.3931601605143401
        ]
    ],
    "nodes": [
        3,
        3,
        3,
        3,
        3
    ],
    "scene": 1
}