{
    "centers": [
        [
            0.2435295017243142,
            7.316205707222686,
            -0.33338940099892334
        ],
        [
            -7.460537925891493,
            1.86871004459271,
            -0.40506507144021364
        ],
        [
            8.650329715484844,
            -9.261446618260097,
            -0.3360550925610667
        ],
        [
            -4.260299151655726,
            -0.9718862653779929,
            -0.4698892553035364
        ],
        [
            -3.377939783770838,
            5.0433127172833725,
            -0.37370832529007747
        ]
    ],
    "nodes": [
        3,
        3,
        3,
        3,
        3
    ],
    "scene": 1
}