{
    "centers": [
        [
            4.49203781011682,
            8.583438718164135,
            -0.2989209538335178
        ],
        [
            6.2023906260005575,
            -6.748423983858414,
            -0.3844102857612709
        ],
        [
            -6.176575710611088,
            9.626527737842899,
            -0.4611368328094811
        ],
        [
            -2.202850513448526,
            -1.0434489808595515,
            -0.28311431171341206
        ],
        [
            8.381703454398352,
            2.911544960197162,
            -0.11673745394768609
        ],
        [
            1.295698059975921,
            -7.5085146418241315,
            -0.3685643005198217
        ],
        [
            -0.2209101657234651,
            -4.138774417786082,
            -0.21098803202640326
        ],
        [
            -8.732171168320466,
            2.1310459437204585,
            -0.31104335287028717
        ]
    ],
    "nodes": [
        3,
        3,
        3,
        3,
        3,
        3,
        3,
        3
    ],
    "scene": 1
}