{
    "centers": [
        [
            -1.3832577703051498,
            -9.04744719448085,
            -0.45042329602359876
        ],
        [
            2.733362118172593,
            -1.444983335021437,
            -0.34634254991731983
        ],
        [
            0.2151801686660182,
            -5.109198335407951,
            -0.19303404513923716
        ],
        [
            -9.22977380392419,
            7.714232290814845,
            -0.367149631898126
        ],
        [
            4.6377549450326665,
            6.722678901284805,
            -0.2174367938869724
        ],
        [
            6.957150998359243,
            4.751266633696016,
            -0.3481350860114514
        ],
        [
            -4.692035978230238,
            -6.096240917759388,
            -0.2882617175265093
        ],
        [
            8.9263585052231,
            -4.422483580892498,
            -0.40839809717811804
        ]
    ],
    "nodes": [
        3,
        3,
        3,
        3,
        3,
        3,
        3,
        3
    ],
    "scene": 1
}