{
    "centers": [
        [
            6.307826760449174,
            8.32948656917835,
            -0.3649033671983208
        ],
        [
            4.365337234389164,
            -8.875048614376356,
            -0.23329180753623746
        ],
        [
            -5.548920350523739,
            1.6951978720370224,
            -0.17194414763672383
        ],
        [
            8.649963337386634,
            6.7592280625897025,
            -0.31515604465745595
        ],
        [
            -0.9909517042370837,
            -4.558012772947406,
            -0.17107146524580535
        ],
        [
            -7.1008923402784845,
            -6.431274749230691,
            -0.49948661691417473
        ]
    ],
    "nodes": [
        3,
        3,
        3,
        3,
        3,
        3
    ],
    "scene": 1
}