{
    "centers": [
        [
            5.333624551649292,
            6.389976435058443,
            -0.3152457559168663
        ],
        [
            -2.6081692775323155,
            9.320083374242174,
            -0.21078247840601488
        ],
        [
            4.306559217270307,
            3.34950212141864,
            -0.34814321426310757
        ],
        [
            7.387421003124317,
            -6.763352461165297,
            -0.2505761385017835
        ],
        [
            -8.305241940377986,
            4.462516893294099,
            -0.48874310763665296
        ]
    ],
    "nodes": [
        3,
        3,
        3,
        3,
        3
    ],
    "scene": 1
}