{
    "centers": [
        [
            7.555437995799345,
            -4.9997841154685485,
            -0.48956680324225477
        ],
        [
            5.518296432443588,
            7.432648171355993,
            -0.21198774569314593
        ],
        [
            -5.999971776046829,
            2.949238032172655,
            -0.3457996045765178
        ],
        [
            -3.3946200679325162,
            8.255171488172305,
            -0.3623747701553663
        ],
        [
            3.1578251377901356,
            0.5076611585278368,
            -0.2551763900792534
        ]
    ],
    "nodes": [
        3,
        3,
        3,
        3,
        3
    ],
    "scene": 1
}