{
    "centers": [
        [
            0.3211578647147313,
            -3.941612912789882,
            -0.38636395207814644
        ],
        [
            -0.44471943879424103,
            4.118665414418707,
            -0.34154920277417194
        ],
        [
            6.070966753833275,
            2.3185446893559636,
            -0.27350030089466004
        ],
        [
            -4.1368921167420725,
            7.156269093828232,
            -0.2233434457027596
        ],
        [
            1.2554850955056285,
            9.514221001700161,
            -0.1433167246545871
        ],
        [
            -8.36939871180067,
            -5.602402447991275,
            -0.3199463785411134
        ],
        [
            -6.624405348900602,
            -2.4421960073253457,
            -0.4409489681739429
        ],
        [
            -9.329276355262072,
            0.06453340325150059,
            -0.16186424617865874
        ],
        [
            9.821316345520458,
            4.948945802290648,
            -0.15308711318177515
        ]
    ],
    "nodes": [
        3,
        3,
        3,
        3,
        3,
        3,
        3,
        3,
        3
    ],
    "scene": 1
}