{
    "centers": [
        [
            -4.312660000687288,
            8.19107381866348,
            -0.20105370597466166
        ],
        [
            -0.6684921480475623,
            6.048601669227725,
            -0.29171776282695
        ],
        [
            8.338410602075623,
            -2.8682176677205256,
            -0.1285924789692735
        ]
    ],
    "nodes": [
        3,
        3,
        3
    ],
    "scene": 0
}