{
    "centers": [
        [
            7.7907965128855,
            7.367511499298438,
            -0.12039846235517548
        ],
        [
            1.2909464924905567,
            3.1452139959644363,
            -0.25746895648160295
        ],
        [
            -2.6364165039774363,
            -2.3082531845266736,
            -0.25210691408801955
        ],
        [
            -9.979792382500392,
            -5.892896529027032,
            -0.38301283928209273
        ],
        [
            2.842073577767268,
            -0.5512741364314984,
            -0.3338450890819905
        ],
        [
            -0.040731907357667296,
            0.4837009253043192,
            -0.10666562448284184
        ],
        [
            -1.8199717840183034,
            8.782587751265098,
            -0.3857840235690403
        ]
    ],
    "nodes": [
        3,
        3,
        3,
        3,
        3,
        3,
        3
    ],
    "scene": 1
}