{
    "centers": [
        [
            1.1710223670741406,
            5.290414711407326,
            -0.3284236765647116
        ],
        [
            4.775165051075129,
            -3.8986121711694643,
            -0.3371704389849586
        ],
        [
            -8.999488418545528,
            -1.8711463583571781,
            -0.3214393696537034
        ],
        [
            6.6779726008280775,
            3.3745431170706865,
            -0.23807846546928862
        ],
        [
            -1.5845009052687615,
            7.991508713884976,
            -0.49014857590091576
        ],
        [
            -5.112812445301342,
            -1.2596791661184383,
            -0.3391391319432715
        ]
    ],
    "nodes": [
        3,
        3,
        3,
        3,
        3,
        3
    ],
    "scene": 1
}