{
    "centers": [
        [
            2.372323380080509,
            -4.105192051170441,
            -0.49565842404702776
        ],
        [
            -9.963802510682447,
            0.7110885504576778,
            -0.2131019711895782
        ],
        [
            -1.622778682058037,
            -3.451715652423834,
            -0.4118546218655218
        ],
        [
            9.44956176848611,
            7.867649360626995,
            -0.2637163949821426
        ],
        [
            -8.088458435792083,
            -2.6446363855100197,
            -0.25140551552986534
        ],
        [
            3.939528923304625,
            1.579385785892427,
            -0.17928519662209985
        ],
        [
            6.434513338802862,
            -5.636360340598328,
            -0.45692422125266663
        ]
    ],
    "nodes": [
        3,
        3,
        3,
        3,
        3,
        3,
        3
    ],
    "scene": 1
}