{
    "centers": [
        [
            -3.6480624033313553,
            5.971531205431953,
            -0.31520832337502414
        ],
        [
            3.7535079825674007,
            -2.2032940643257763,
            -0.2694383103811808
        ],
        [
            6.758622231496961,
            -7.170523862749172,
            -0.3204283682096791
        ],
        [
            2.718385361429238,
            7.719815034747633,
            -0.20729624358795756
        ],
        [
            1.5512359986221291,
            1.945120705218251,
            -0.1024430518233409
        ],
        [
            8.125354633530375,
            -4.6210363107988295,
            -0.139902290018447
        ],
        [
            6.0738490521796535,
            9.154414267347914,
            -0.2297173728786
        ],
        [
            -6.329599888722703,
            0.6957592094173926,
            -0.29413190215385443
        ],
        [
            -0.9043517401401662,
            6.874226955841831,
            -0.41838159439546135
        ]
    ],
    "nodes": [
        3,
        3,
        3,
        3,
        3,
        3,
        3,
        3,
        3
    ],
    "scene": 1
}