{
    "centers": [
        [
            -9.621113133999398,
            9.016242800359613,
            -0.35909878144422414
        ],
        [
            -2.1303853553570455,
            -9.006237351871853,
            -0.3985527202307694
        ],
        [
            -0.6919852280534773,
            8.24341431680105,
            -0.212527167898855
        ],
        [
            6.190356599481529,
            6.806962310228645,
            -0.369265149971236
        ],
        [
            -5.228808715480455,
            -6.732826695619534,
            -0.14407334330322952
        ],
        [
            -3.7017052911801045,
            -4.403363430928864,
            -0.16235214084377647
        ],
        [
            -7.925354153028923,
            2.745994611015842,
            -0.32385034762551257
        ],
        [
            4.823674618583171,
            5.567655417149947,
            -0.2284915057176286
        ]
    ],
    "nodes": [
        3,
        3,
        3,
        3,
        3,
        3,
        3,
        3
    ],
    "scene": 1
}