{
    "centers": [
        [
            -3.8779822658298695,
            2.7448243290462564,
            -0.13523263779932038
        ],
        [
            0.05720141476305507,
            -5.757825480348304,
            -0.4501574167354512
        ],
        [
            -8.907584329216636,
            7.915434236460992,
            -0.29459472640704243
        ],
        [
            -7.004272806213581,
            -1.7875762324537536,
            -0.44271225338254905
        ],
        [
            6.563089039499587,
            1.7057785175027913,
            -0.25003692093429825
        ],
        [
            1.517042190067361,
            -3.210562278655294,
            -0.3449272626789449
        ]
    ],
    "nodes": [
        3,
        3,
        3,
        3,
        3,
        3
    ],
    "scene": 1
}