{
    "centers": [
        [
            -0.20298560702623547,
            8.680833578018671,
            -0.4334264666397255
        ],
        [
            -7.695685937273957,
            4.253803558568928,
            -0.3739892001464095
        ],
        [
            0.6617670596337284,
            9.451886654241182,
            -0.36939934998265034
        ],
        [
            1.9685030920949398,
            -0.26564015643180383,
            -0.19436710954719216
        ],
        [
            -9.218917442127577,
            -9.422937994633983,
            -0.2758676532967319
        ]
    ],
    "nodes": [
        3,
        3,
        3,
        3,
        3
    ],
    "scene": 1
}