{
    "centers": [
        [
            -0.7596846392639343,
            -8.292433799387254,
            -0.25770593152818616
        ],
        [
            -7.993958975435211,
            -2.7270400776501758,
            -0.425446374983283
        ],
        [
            -5.789320225093093,
            -3.4986338208722634,
            -0.3297794215200215
        ],
        [
            -2.158023983036772,
            5.057216409152396,
            -0.28586084143106294
        ],
        [
            8.611874559046587,
            -1.4323951319476862,
            -0.3561143808192516
        ],
        [
            -7.2362066082194065,
            2.577550321873881,
            -0.1939193739760255
        ],
        [
            -9.22519452464721,
            -5.548177734713679,
            -0.3030642323480054
        ],
        [
            6.023718951712041,
            9.090375430304253,
            -0.11490822623483199
        ]
    ],
    "nodes": [
        3,
        3,
        3,
        3,
        3,
        3,
        3,
        3
    ],
    "scene": 1
}