{
    "centers": [
        [
            -5.482758949803436,
            -9.050041790117174,
            -0.33543973183774134
        ],
        [
            2.7234851343291115,
            1.4157915824761993,
            -0.4242059048160779
        ],
        [
            -2.677683450917108,
            6.014764825586699,
            -0.327825076396315
        ],
        [
            -0.9194828535320951,
            8.040358722291135,
            -0.20877473128222335
        ],
        [
            9.92408734994018,
            4.191681657130317,
            -0.34890355825674735
        ],
        [
            -6.7666216122112655,
            -0.9380172792051624,
            -0.23649125240743368
        ],
        [
            -4.733191341582021,
            -8.243032231230398,
            -0.17643006973429942
        ]
    ],
    "nodes": [
        3,
        3,
        3,
        3,
        3,
        3,
        3
    ],
    "scene": 1
}