{
    "centers": [
        [
            7.54256544999344,
            -4.0390878508229955,
            -0.3781105201268741
        ],
        [
            -6.5080936304953685,
            -0.7137149751467717,
            -0.272234269313762
        ],
        [
            3.099459764818528,
            3.0540441742752478,
            -0.12157373760227008
        ],
        [
            5.677185023606015,
            -9.679159610625572,
            -0.49669158923475615
        ],
        [
            0.4040005403585827,
            8.455077212398848,
            -0.11744399917920084
        ],
        [
            -7.285466400007669,
            -6.088308216576756,
            -0.11452939268233664
        ]
    ],
    "nodes": [
        3,
        3,
        3,
        3,
        3,
        3
    ],
    "scene": 1
}