{
    "centers": [
        [
            7.492998988050935,
            -9.380730646479037,
            -0.21504992824163865
        ],
        [
            -7.1194865544285495,
            -6.321760627980311,
            -0.4632323502786509
        ],
        [
            -5.676615227192164,
            2.6734001925854116,
            -0.3692930221577936
        ],
        [
            -1.3455144443926024,
            4.595273510037439,
            -0.28635730744028515
        ],
        [
            5.313592074321779,
            -3.032971107631428,
            -0.3301226828838164
        ]
    ],
    "nodes": [
        3,
        3,
        3,
        3,
        3
    ],
    "scene": 0
}