{
    "centers": [
        [
            -8.009062786974672,
            -5.874082757848697,
            -0.2498869152994025
        ],
        [
            -3.8005496781387897,
            -3.780666694900092,
            -0.18135038030414008
        ],
        [
            1.539578800923314,
            4.3438024039558485,
            -0.364120259086694
        ],
        [
            3.095250843224184,
            -0.5206801194040587,
            -0.2640443954871338
        ],
        [
            5.468725887286192,
            -2.173049047074313,
            -0.20958414412690035
        ],
        [
            6.5306808486022625,
            6.2002981416299505,
            -0.29180039148156167
        ],
        [
            -4.964751948134669,
            -6.6338735257786,
            -0.4850641946630642
        ]
    ],
    "nodes": [
        3,
        3,
        3,
        3,
        3,
        3,
        3
    ],
    "scene": 1
}