{
    "centers": [
        [
            6.789695668672788,
            8.209660911505289,
            -0.4669104673397486
        ],
        [
            8.219311784887552,
            -2.3910631830476703,
            -0.31780834163944915
        ],
        [
            -2.8481173625874234,
            9.03046668046305,
            -0.2345001697568821
        ],
        [
            -9.73482062713842,
            5.099132223476875,
            -0.3361072907132502
        ],
        [
            -3.9325425809566177,
            -0.5736834744691048,
            -0.22881917925038847
        ],
        [
            8.982627952174752,
            2.4055959936246634,
            -0.2603725499803644
        ],
        [
            -6.308907378477368,
            -9.106327646805648,
            -0.45360806367074036
        ]
    ],
    "nodes": [
        3,
        3,
        3,
        3,
        3,
        3,
        3
    ],
    "scene": 1
}