{
    "centers": [
        [
            4.405096464257978,
            -6.470801890666729,
            -0.36392584373627923
        ],
        [
            -7.101800510697873,
            -9.825764408241477,
            -0.14604246454098146
        ],
        [
            -5.678838731860916,
            6.497447256387407,
            -0.4207600681358363
        ],
        [
            8.403283875625313,
            -7.523419648862886,
            -0.44068146129344854
        ],
        [
            -2.7720014032988827,
            -1.9500206416931238,
            -0.44506361963373386
        ],
        [
            -0.24761370461944665,
            1.0970088181496571,
            -0.18983189305000697
        ],
        [
            -1.2374426361071436,
            -4.007416609856838,
            -0.40356108137795144
        ],
        [
            0.8878834921956411,
            3.766935572051615,
            -0.1145774092395791
        ],
        [
            -4.235557845971522,
            8.109228436910119,
            -0.13384712723040537
        ]
    ],
    "nodes": [
        3,
        3,
        3,
        3,
        3,
        3,
        3,
        3,
        3
    ],
    "scene": 1
}