{
    "centers": [
        [
            7.127000368577999,
            -2.3854744615042422,
            -0.11179482398082302
        ],
        [
            -8.789359823838064,
            5.24411132364569,
            -0.4854303180630896
        ],
        [
            -8.056722183494074,
            0.4809534059870497,
            -0.1837871281709887
        ],
        [
            9.128849868351736,
            9.397671694616918,
            -0.15895023186793666
        ],
        [
            6.329196845581315,
            2.2697713194832208,
            -0.15758084803945133
        ],
        [
            1.2760059545114828,
            -0.6009805773340595,
            -0.46904380820398667
        ],
        [
            -6.9316652121408096,
            3.658440983471225,
            -0.3047333058609881
        ]
    ],
    "nodes": [
        3,
        3,
        3,
        3,
        3,
        3,
        3
    ],
    "scene": 1
}