{
    "centers": [
        [
            -6.273574909851291,
            -4.985686688923958,
            -0.323503897504264
        ],
        [
            -0.6171137718829769,
            5.8688343335401445,
            -0.4461273347034416
        ],
        [
            -4.049458360099109,
            3.9078190509653155,
            -0.4990282573849393
        ],
        [
            -7.007765856938004,
            6.5563556309274915,
            -0.3578137727259604
        ],
        [
            1.4851054178051921,
            -0.3529741439712204,
            -0.3915039342512431
        ],
        [
            -1.56386921790088,
            -8.30955943815339,
            -0.4055115606203373
        ]
    ],
    "nodes": [
        3,
        3,
        3,
        3,
        3,
        3
    ],
    "scene": 1
}