{
    "centers": [
        [
            -4.275432704327022,
            -0.19029818055736492,
            -0.1947018382392413
        ],
        [
            -0.049525112008543815,
            9.032171375491508,
            -0.20488055170338693
        ],
        [
            -7.0112523980769765,
            4.574937129007232,
            -0.17127767720907672
        ],
        [
            8.675939323019684,
            -5.123111207649044,
            -0.4066162738980116
        ],
        [
            7.9102728334228125,
            0.7806927157236707,
            -0.36051986720125717
        ],
        [
            3.6217820673280556,
            -7.249468790131425,
            -0.41386925201432795
        ],
        [
            -5.242914181110989,
            -8.491106166746382,
            -0.41331876312883337
        ],
        [
            0.8889835541574254,
            7.519051195700882,
            -0.19732317253442938
        ],
        [
            2.6678638838747037,
            -3.7708485357715915,
            -0.4135533651381075
        ]
    ],
    "nodes": [
        3,
        3,
        3,
        3,
        3,
        3,
        3,
        3,
        3
    ],
    "scene": 1
}