{
    "centers": [
        [
            7.059241840245555,
            1.5461179124608115,
            -0.2771802675648496
        ],
        [
            -4.952699304113821,
            9.191441175357824,
            -0.4525686980614235
        ],
        [
            4.216781375736037,
            -5.682102047899626,
            -0.43276992572874434
        ],
        [
            3.531887206810122,
            9.883396388179875,
            -0.4915590387141962
        ],
        [
            1.5269290054874212,
            -6.851799069889209,
            -0.47887741332796097
        ],
        [
            -8.952542422848959,
            -8.239810342146562,
            -0.47919908202312084
        ],
        [
            -6.490612879362175,
            2.7653049194748043,
            -0.3227240611619032
        ],
        [
            -3.378430166994333,
            0.6578728358398873,
            -0.31836489905766613
        ]
    ],
    "nodes": [
        3,
        3,
        3,
        3,
        3,
        3,
        3,
        3
    ],
    "scene": 1
}