{
    "centers": [
        [
            6.706428003004085,
            -3.4548178084346315,
            -0.2098514837884084
        ],
        [
            -1.5386149583303848,
            6.17221817919679,
            -0.4221004439343329
        ],
        [
            1.9676892435045428,
            -0.7712662520218458,
            -0.17501474105616
        ],
        [
            -5.18775656977917,
            3.2305095296737427,
            -0.45131582208203835
        ],
        [
            -8.034645983285904,
            4.75184232325695,
            -0.22864831449995787
        ],
        [
            -3.476998601534442,
            -4.2512100739834535,
            -0.38772703400447844
        ],
        [
            -9.601454643381294,
            9.81806050319069,
            -0.2938349016888311
        ]
    ],
    "nodes": [
        3,
        3,
        3,
        3,
        3,
        3,
        3
    ],
    "scene": 1
}