{
    "centers": [
        [
            -8.536761793844978,
            -3.253395003561394,
            -0.23034030966257224
        ],
        [
            -1.8787612293832048,
            -4.765707130804011,
            -0.2542771023207161
        ],
        [
            -7.47436063542864,
            -1.5087211105770137,
            -0.3883589440537415
        ],
        [
            0.5381207917262731,
            -9.384706503021597,
            -0.3875974599956501
        ],
        [
            9.36654081871658,
            -0.41315150135498513,
            -0.1176832757148592
        ],
        [
            8.662503917575648,
            7.784544408008941,
            -0.38543763555440685
        ],
        [
            -3.3692314907072918,
            -6.69643113183231,
            -0.2527304894794927
        ],
        [
            7.672381741600255,
            6.049974022575569,
            -0.34494383579872245
        ]
    ],
    "nodes": [
        3,
        3,
        3,
        3,
        3,
        3,
        3,
        3
    ],
    "scene": 1
}