{
    "centers": [
        [
            0.16624120182943258,
            7.229365115746859,
            -0.35489703429675956
        ],
        [
            -9.781176725280446,
            -0.20773976039236963,
            -0.32223525366588146
        ],
        [
            6.9293060636408015,
            2.6012742610599577,
            -0.1805992263343949
        ],
        [
            -2.07399042433015,
            -7.99837712937366,
            -0.13905972382646747
        ],
        [
            -1.0720382270784352,
            5.777443525675052,
            -0.4601131265632826
        ]
    ],
    "nodes": [
        3,
        3,
        3,
        3,
        3
    ],
    "scene": 1
}