{
    "centers": [
        [
            3.609505459295688,
            9.068967088947307,
            -0.4121728489809912
        ],
        [
            4.8899864442720276,
            -8.582579603400083,
            -0.23567856163882955
        ],
        [
            -8.769490294365026,
            -0.3580777495229963,
            -0.34432117210644
        ],
        [
            6.889367969160173,
            -4.732367921378615,
            -0.16822877729794045
        ],
        [
            -6.606703591760343,
            -2.0286408137022205,
            -0.4933525965483646
        ]
    ],
    "nodes": [
        3,
        3,
        3,
        3,
        3
    ],
    "scene": 0
}