{
    "centers": [
        [
            -2.787166319993945,
            8.179316306240686,
            -0.41682474229416216
        ],
        [
            5.562202199431695,
            7.30905205600175,
            -0.46627476741033697
        ],
        [
            1.1777104264355778,
            -3.593800088804131,
            -0.26397050661402344
        ],
        [
            -0.004625591033013521,
            1.0422798014991983,
            -0.303692459955184
        ],
        [
            -9.794974511754655,
            3.3028025355578805,
            -0.1963214981650096
        ]
    ],
    "nodes": [
        3,
        3,
        3,
        3,
        3
    ],
    "scene": 1
}