{
    "centers": [
        [
            -8.030348558440394,
            0.4717802705997105,
            -0.3716800836410399
        ],
        [
            5.36496295616384,
            5.711544811399163,
            -0.42341538186736283
        ],
        [
            -2.6604486314406977,
            -2.572221847907401,
            -0.23602941133809913
        ],
        [
            8.6945322138723,
            -4.126215736693033,
            -0.41024361795789754
        ],
        [
            3.8452265648686907,
            8.882781244168896,
            -0.43674901695297247
        ],
        [
            -3.4583099458136024,
            -8.487283355794155,
            -0.118814992429296
        ],
        [
            -0.060131053251353705,
            -4.774433422221007,
            -0.26928126637890015
        ],
        [
            9.386829044999669,
            -0.8773535369812198,
            -0.3738972706019449
        ],
        [
            6.022197713978766,
            -7.1001822394412795,
            -0.33031246196987796
        ]
    ],
    "nodes": [
        3,
        3,
        3,
        3,
        3,
        3,
        3,
        3,
        3
    ],
    "scene": 1
}