{
    "centers": [
        [
            -8.750034077573556,
            1.751232190233969,
            -0.4072440681697049
        ],
        [
            4.72264711163762,
            -5.330701485834892,
            -0.18619317915646705
        ],
        [
            2.824077280870977,
            4.233915060765769,
            -0.18605681445057276
        ],
        [
            -9.364755998174338,
            6.7620017403686035,
            -0.4321641724679236
        ],
        [
            -0.20732463563071235,
            3.3308044252523885,
            -0.4183341629629586
        ],
        [
            -5.034369757060855,
            -2.2791551307517217,
            -0.23228983958045696
        ]
    ],
    "nodes": [
        3,
        3,
        3,
        3,
        3,
        3
    ],
    "scene": 1
}