{
    "centers": [
        [
            1.3653307793387839,
            3.02247021866339,
            -0.2948831487284985
        ],
        [
            -7.86437420531578,
            -2.9888924210398127,
            -0.12033015795501606
        ],
        [
            5.897902780830435,
            0.6167529724233738,
            -0.3748059667905511
        ],
        [
            3.401537851023214,
            -2.175708704912134,
            -0.47937421510082695
        ],
        [
            0.23287342836828806,
            5.961935412254107,
            -0.21066629392024638
        ],
        [
            -2.1975700635179463,
            9.44211022989699,
            -0.3559380486213519
        ],
        [
            -9.663294645375402,
            7.319463470094277,
            -0.16094066003468727
        ]
    ],
    "nodes": [
        3,
        3,
        3,
        3,
        3,
        3,
        3
    ],
    "scene": 1
}