{
    "centers": [
        [
            -6.467281500697897,
            3.096489390792472,
            -0.21405517133619045
        ],
        [
            1.1416987982033628,
            6.647768549310626,
            -0.2102965194788221
        ],
        [
            -8.461682850267803,
            -8.589515604618043,
            -0.2011896191917607
        ],
        [
            5.82202650035441,
            -5.0397916096897255,
            -0.4219313094345375
        ],
        [
            6.657661256053942,
            7.860409899597915,
            -0.41048158110437066
        ]
    ],
    "nodes": [
        3,
        3,
        3,
        3,
        3
    ],
    "scene": 1
}