{
    "centers": [
        [
            1.3371556051648739,
            -0.5363282110232568,
            -0.4087353761777043
        ],
        [
            5.866763863180552,
            -3.351314008362019,
            -0.37966455393423393
        ],
        [
            2.9513515092099496,
            -2.516935383566315,
            -0.46811598557332773
        ],
        [
            -6.9495228274704335,
            -8.943453948157195,
            -0.3571975699715305
        ],
        [
            -4.321954871634395,
            -1.3925606465202094,
            -0.4861551286032052
        ],
        [
            9.177429990065598,
            9.345746499387413,
            -0.46699511823005896
        ],
        [
            -9.913815559913854,
            -4.806188374508709,
            -0.2621938078198464
        ]
    ],
    "nodes": [
        3,
        3,
        3,
        3,
        3,
        3,
        3
    ],
    "scene": 1
}