{
    "centers": [
        [
            -2.962177197088451,
            4.903453865446698,
            -0.4867092599071239
        ],
        [
            -0.0868416887253769,
            -4.877637318686416,
            -0.4229343149127701
        ],
        [
            3.537291240452392,
            0.2705226555497049,
            -0.2181766883281676
        ],
        [
            9.2302517784027,
            -1.270681809008698,
            -0.2844641181200238
        ],
        [
            7.176068582536999,
            8.127970637549545,
            -0.3228545204438799
        ],
        [
            1.3460448627506487,
            8.82557176000941,
            -0.11676431503193663
        ],
        [
            -5.12354822746794,
            -3.4912938942386296,
            -0.4290043318791899
        ],
        [
            -7.701304623952147,
            6.0121092211825236,
            -0.3246422375978868
        ]
    ],
    "nodes": [
        3,
        3,
        3,
        3,
        3,
        3,
        3,
        3
    ],
    "scene": 1
}