{
    "centers": [
        [
            -0.1653133242601239,
            1.3063551232109933,
            -0.4554254864329369
        ],
        [
            -5.9582249402282095,
            3.5209910364270947,
            -0.24192439494668544
        ],
        [
            -9.017796731827366,
            -9.44537201490457,
            -0.14894050126315528
        ],
        [
            -2.8801370695472155,
            8.97184417159178,
            -0.2609189060070362
        ],
        [
            6.122175930638715,
            -2.1859723496519727,
            -0.4736533893369198
        ],
        [
            4.517839887183362,
            0.2701984527458592,
            -0.41502571765425833
        ],
        [
            -1.9785957053369572,
            6.772070568299707,
            -0.4419089314891163
        ],
        [
            2.3050880405290304,
            -4.573890199601749,
            -0.42982794635538835
        ]
    ],
    "nodes": [
        3,
        3,
        3,
        3,
        3,
        3,
        3,
        3
    ],
    "scene": 1
}