{
    "centers": [
        [
            3.1307453673126453,
            4.465125358962345,
            -0.2960463691224557
        ],
        [
            8.25407514019303,
            -5.070465278364247,
            -0.43859989348898965
        ],
        [
            6.894105501309127,
            7.11552291817128,
            -0.42021621691309236
        ],
        [
            4.233392511050447,
            2.784603494640452,
            -0.44817070705619966
        ],
        [
            -7.972653232765916,
            -8.565441794793436,
            -0.21983842240027895
        ],
        [
            -3.9841683559735603,
            8.569606323751323,
            -0.26059031680471
        ],
        [
            -1.9591276797404618,
            -4.427257353477573,
            -0.4879720757663454
        ]
    ],
    "nodes": [
        3,
        3,
        3,
        3,
        3,
        3,
        3
    ],
    "scene": 1
}