{
    "centers": [
        [
            -8.19376878350701,
            0.012619420041005469,
            -0.4026202937181812
        ],
        [
            -1.649989137833165,
            -0.6945724715072803,
            -0.25315771296850487
        ],
        [
            -6.687963865125197,
            0.9540292461688651,
            -0.29398282825207933
        ],
        [
            4.194694252719422,
            7.15978211102253,
            -0.37304288038666295
        ],
        [
            1.400626288736417,
            -9.381594930303162,
            -0.4424606447423348
        ],
        [
            0.24912474129553175,
            8.462145996005258,
            -0.2941363046675198
        ],
        [
            -5.647155721734894,
            -8.213717272604363,
            -0.16989264736537202
        ],
        [
            6.384865068064936,
            -2.292505112941239,
            -0.25512825856666077
        ]
    ],
    "nodes": [
        3,
        3,
        3,
        3,
        3,
        3,
        3,
        3
    ],
    "scene": 1
}