{
    "centers": [
        [
            -3.317619702190548,
            -9.947095025035821,
            -0.49344446523505875
        ],
        [
            -8.513939106764369,
            -1.8577251917845174,
            -0.12409082580844538
        ],
        [
            -0.010218334144145302,
            9.86205315757768,
            -0.1311247336227499
        ]
    ],
    "nodes": [
        3,
        3,
        3
    ],
    "scene": 0
}