{
    "centers": [
        [
            -7.859782240725535,
            -6.319067927637239,
            -0.4236729782684451
        ],
        [
            -2.4005574007072177,
            2.827930817903386,
            -0.4898426583878839
        ],
        [
            1.7324556074647788,
            -1.2473403392872804,
            -0.21892841634186166
        ],
        [
            6.976801767131128,
            4.349131116006117,
            -0.18395786507458833
        ],
        [
            2.960934249003561,
            -9.043981093266883,
            -0.496852743418844
        ],
        [
            8.523008790607342,
            -7.267505615072545,
            -0.21204726542520996
        ],
        [
            -4.520450729448302,
            7.87007153431529,
            -0.40701898212355847
        ],
        [
            -3.398600406370724,
            0.41901986276095826,
            -0.3437345050846691
        ]
    ],
    "nodes": [
        3,
        3,
        3,
        3,
        3,
        3,
        3,
        3
    ],
    "scene": 1
}