{
    "centers": [
        [
            1.4615961610666872,
            3.157994471318542,
            -0.10741215300555346
        ],
        [
            -1.2179045456798487,
            -4.443033497641515,
            -0.36549127036207407
        ],
        [
            6.302126608319327,
            7.475259541746098,
            -0.29322886312052354
        ],
        [
            9.574373406545355,
            1.8793487226705388,
            -0.35699174405245626
        ],
        [
            -8.802795155352028,
            4.40535826502208,
            -0.18997422114819684
        ],
        [
            -6.124735014480609,
            -5.736843249244448,
            -0.10683314630473606
        ],
        [
            4.637319366604093,
            1.2026717533168956,
            -0.32292023626320676
        ],
        [
            3.8330735796301276,
            -8.703969036375385,
            -0.22078093198850285
        ],
        [
            -3.7215334494580095,
            -2.462412934566089,
            -0.3707728202160674
        ]
    ],
    "nodes": [
        3,
        3,
        3,
        3,
        3,
        3,
        3,
        3,
        3
    ],
    "scene": 1
}