{
    "centers": [
        [
            3.917050045882341,
            3.2928977743092283,
            -0.18914662318780523
        ],
        [
            -8.287327437004654,
            8.230634528231612,
            -0.24982542555025483
        ],
        [
            -9.119310654546409,
            -2.783334331766987,
            -0.2476356116168062
        ],
        [
            6.954935445294762,
            5.754027390471112,
            -0.10218498887075195
        ],
        [
            -3.17345982268429,
            9.220424604547791,
            -0.29324110447211804
        ],
        [
            -9.789416749308844,
            -4.859593578808161,
            -0.3145049108965181
        ]
    ],
    "nodes": [
        3,
        3,
        3,
        3,
        3,
        3
    ],
    "scene": 1
}