{
    "centers": [
        [
            -7.66132420116211,
            -5.702711858293423,
            -0.13834471769937307
        ],
        [
            6.5401265956103884,
            -3.6859609758376166,
            -0.2922735022745021
        ],
        [
            8.28043086910495,
            -2.638350116218735,
            -0.20673030185264524
        ],
        [
            -0.44165111285462544,
            -1.4079832335884532,
            -0.2801323049371005
        ],
        [
            0.8103835844377212,
            7.832219996375628,
            -0.40078124360092543
        ],
        [
            2.275331808927298,
            0.8978232418304941,
            -0.3972583964721026
        ],
        [
            3.2917050988270464,
            5.158086425487374,
            -0.3146965565856833
        ]
    ],
    "nodes": [
        3,
        3,
        3,
        3,
        3,
        3,
        3
    ],
    "scene": 1
}