{
    "centers": [
        [
            -1.3890271449463771,
            5.744648155348635,
            -0.1426076228376934
        ],
        [
            -7.422351291213829,
            -6.133816301084323,
            -0.33717120819334656
        ],
        [
            -8.454360862437476,
            -0.45013253886598115,
            -0.1745922499368049
        ],
        [
            5.460141236120693,
            -7.203141039823134,
            -0.2851476094497881
        ],
        [
            9.782871822214062,
            -8.698383838335868,
            -0.33693583242570957
        ],
        [
            -4.121759648657804,
            3.239644235512028,
            -0.34944201616895554
        ],
        [
            -4.98162033033635,
            9.949749665130675,
            -0.36751623613264184
        ],
        [
            -3.2369975550792436,
            -2.284596048545559,
            -0.21369514427593744
        ]
    ],
    "nodes": [
        3,
        3,
        3,
        3,
        3,
        3,
        3,
        3
    ],
    "scene": 1
}