{
    "centers": [
        [
            0.8195376841279352,
            -0.023778453614536232,
            -0.14925307497913654
        ],
        [
            3.2487152352180093,
            1.8100064809572576,
            -0.1440404719654793
        ],
        [
            -4.028805219742429,
            -1.4923760898441287,
            -0.17877355591460659
        ],
        [
            8.090211817050303,
            5.985219957732763,
            -0.42236605941847494
        ],
        [
            4.435724227752075,
            -4.084414798232137,
            -0.23093975761351648
        ]
    ],
    "nodes": [
        3,
        3,
        3,
        3,
        3
    ],
    "scene": 1
}