{
    "centers": [
        [
            -1.6478522616345472,
            -7.180396469025885,
            -0.42138855308019235
        ],
        [
            -3.6510398094285783,
            8.22269047822381,
            -0.21596697719596608
        ],
        [
            9.761105676198369,
            -9.012075964653585,
            -0.42615576003211864
        ],
        [
            1.8495391688723384,
            -1.0181861863844581,
            -0.25704703388199496
        ],
        [
            -5.158939067080253,
            6.483055799249723,
            -0.2838886320922297
        ],
        [
            0.843571034698634,
            -4.5144692082064815,
            -0.4020856669446451
        ],
        [
            -8.529317792137569,
            4.914863054135667,
            -0.4368543620988594
        ],
        [
            7.440672744939896,
            9.515074598898103,
            -0.4777428098798251
        ],
        [
            4.784250867609632,
            -9.981780494152835,
            -0.14295242575201772
        ]
    ],
    "nodes": [
        3,
        3,
        3,
        3,
        3,
        3,
        3,
        3,
        3
    ],
    "scene": 1
}