{
    "centers": [
        [
            -4.030490623527358,
            -5.742247785541061,
            -0.4671057965914569
        ],
        [
            7.311829541659389,
            5.037991763964822,
            -0.1718870325761232
        ],
        [
            -3.4187557381918987,
            -0.4980209982112189,
            -0.3209556740815751
        ],
        [
            -1.6298479051133175,
            9.592955083461167,
            -0.440293234855699
        ],
        [
            -5.190357863682422,
            2.1655197971496687,
            -0.2112995628193548
        ],
        [
            8.780861808622266,
            -3.537641560344573,
            -0.4728884039597091
        ]
    ],
    "nodes": [
        3,
        3,
        3,
        3,
        3,
        3
    ],
    "scene": 1
}