{
    "centers": [
        [
            -9.576754438535742,
            -4.379837452559967,
            -0.4470497901068795
        ],
        [
            9.709740167128508,
            -7.028042187146875,
            -0.18335015628436474
        ],
        [
            0.009677155636111934,
            4.639598428438978,
            -0.42955918771751456
        ],
        [
            1.2584984990410746,
            -5.439288395829336,
            -0.3415808906890828
        ],
        [
            7.553594836417265,
            0.8590531038704814,
            -0.22629156830658093
        ],
        [
            3.3554838539805196,
            2.8779100803988236,
            -0.2678465684883926
        ],
        [
            -8.010663875428726,
            -6.224807646675048,
            -0.44672702637126055
        ],
        [
            4.510070461335001,
            -2.1123707543195502,
            -0.18445912580730428
        ],
        [
            -6.208973253154831,
            -8.207580233713387,
            -0.20405863124807527
        ]
    ],
    "nodes": [
        3,
        3,
        3,
        3,
        3,
        3,
        3,
        3,
        3
    ],
    "scene": 1
}