{
    "centers": [
        [
            7.3795310010177175,
            2.33941786186813,
            -0.12090553047275548
        ],
        [
            -1.4591796414620202,
            -0.7965603237129049,
            -0.3897104308535361
        ],
        [
            -8.719166938926133,
            3.5641297519955746,
            -0.23752008084652143
        ],
        [
            8.643335584382097,
            -6.076033211757698,
            -0.12707230383172208
        ],
        [
            -4.226723366778636,
            0.7919378386657208,
            -0.36470515690072813
        ],
        [
            2.0819960481576043,
            9.467253110228963,
            -0.38981577229588804
        ],
        [
            4.335936751748228,
            -1.4601820557823704,
            -0.3434328429593645
        ],
        [
            0.41115915521899815,
            -9.651287729003297,
            -0.24823550548044704
        ]
    ],
    "nodes": [
        3,
        3,
        3,
        3,
        3,
        3,
        3,
        3
    ],
    "scene": 1
}