{
    "centers": [
        [
            -1.0716967438713336,
            -7.769518634684507,
            -0.48359772268824885
        ],
        [
            4.678884688205196,
            7.245972658554507,
            -0.4700731729590933
        ],
        [
            -3.9189825615957457,
            0.01980509902942451,
            -0.2579592291777736
        ]
    ],
    "nodes": [
        3,
        3,
        3
    ],
    "scene": 0
}