{
    "centers": [
        [
            9.039198922045241,
            4.484439393684411,
            -0.21550360621292047
        ],
        [
            1.5454280437213939,
            -9.21244196890277,
            -0.32402560957159743
        ],
        [
            7.2398600080050315,
            3.747925150387676,
            -0.1411390392774705
        ],
        [
            2.430335896470819,
            8.757219897314616,
            -0.2830576654628143
        ],
        [
            5.42174413161467,
            -0.9805312234655155,
            -0.3129034637077972
        ],
        [
            7.9539860878904705,
            -5.686643142118806,
            -0.1563419061944647
        ],
        [
            -9.754196119499191,
            -9.977827663070801,
            -0.21947848774355544
        ],
        [
            0.03493949283559061,
            5.767864405613565,
            -0.2672407882123262
        ],
        [
            -6.811696385142767,
            -4.338780471427757,
            -0.33333744349950173
        ]
    ],
    "nodes": [
        3,
        3,
        3,
        3,
        3,
        3,
        3,
        3,
        3
    ],
    "scene": 1
}