{
    "centers": [
        [
            -5.2465878576235685,
            6.683747088655025,
            -0.175694187039938
        ],
        [
            -1.4653593929048032,
            -8.94593471248901,
            -0.4964517526790756
        ],
        [
            2.3806231647661757,
            5.953409170053195,
            -0.31155621821045987
        ],
        [
            9.837648203131046,
            5.2986176886771865,
            -0.3037223500040151
        ],
        [
            -8.236241571758583,
            0.6064376885073148,
            -0.4772078721266052
        ],
        [
            -2.4742813945032776,
            -0.3119092257124372,
            -0.12022138809743566
        ]
    ],
    "nodes": [
        3,
        3,
        3,
        3,
        3,
        3
    ],
    "scene": 1
}