{
    "centers": [
        [
            -9.793607239730921,
            -5.890684846814988,
            -0.3617047580432421
        ],
        [
            8.567600751386145,
            -4.038229501020547,
            -0.2653571859357092
        ],
        [
            7.523796827555195,
            -4.7880799106048455,
            -0.13518541591277816
        ],
        [
            4.361119173854686,
            3.029862072356158,
            -0.2871164073855718
        ]
    ],
    "nodes": [
        3,
        3,
        3,
        3
    ],
    "scene": 0
}