{
    "centers": [
        [
            -5.669220903952534,
            5.913417931042513,
            -0.16290577438809312
        ],
        [
            -0.5759672600261112,
            8.114235899001521,
            -0.3629174551498848
        ],
        [
            -8.44702165880831,
            -5.492283018864672,
            -0.3276944912327552
        ],
        [
            6.020700594719191,
            3.765174161736784,
            -0.4058003686970958
        ],
        [
            -1.6746837858768533,
            -8.586275539143834,
            -0.2274032426771606
        ],
        [
            -3.0184286481601275,
            3.0540388749096277,
            -0.32987512918534345
        ],
        [
            4.209884623050279,
            -4.008113006876193,
            -0.35801609187696276
        ],
        [
            -7.35894915487576,
            -9.422570402645984,
            -0.4981014551400972
        ],
        [
            7.614057634431752,
            -1.215779391780135,
            -0.1292954232092161
        ]
    ],
    "nodes": [
        3,
        3,
        3,
        3,
        3,
        3,
        3,
        3,
        3
    ],
    "scene": 1
}