{
    "centers": [
        [
            -3.724730270922418,
            0.1008340119548059,
            -0.3891437517323004
        ],
        [
            9.857813537649779,
            5.708884375352778,
            -0.1429967046830916
        ],
        [
            -1.2753489617012796,
            -8.375621002023571,
            -0.3036177135037025
        ],
        [
            -6.067627331913307,
            9.686276849303194,
            -0.45197595929828627
        ],
        [
            -4.982216403796478,
            -1.0254744694930924,
            -0.4942924953063687
        ],
        [
            -7.591199328289601,
            6.313308333637085,
            -0.22998940962960496
        ],
        [
            6.427919725990964,
            1.9275620660859296,
            -0.3045850402424686
        ],
        [
            -3.0799504565807982,
            2.6134644467735786,
            -0.26566326612559654
        ],
        [
            8.342343166444866,
            3.933375488788391,
            -0.27056651785890845
        ]
    ],
    "nodes": [
        3,
        3,
        3,
        3,
        3,
        3,
        3,
        3,
        3
    ],
    "scene": 1
}