{
    "centers": [
        [
            4.941296352789813,
            2.7704631572527045,
            -0.4535370135932789
        ],
        [
            6.66378216728511,
            0.005690415595378084,
            -0.38587429924048566
        ],
        [
            -9.177577695698314,
            4.485985974601636,
            -0.3292093147408787
        ],
        [
            8.31098541089094,
            5.510582965713031,
            -0.4782238190212776
        ],
        [
            -3.282260589311889,
            3.5063350979265007,
            -0.44779615964130287
        ],
        [
            -0.5519267896573137,
            6.308310386213801,
            -0.38303968410521794
        ],
        [
            -4.904407489384106,
            -8.295984534490774,
            -0.1787931353845782
        ],
        [
            2.3845878533032625,
            -2.6196046857469257,
            -0.10746863622638902
        ]
    ],
    "nodes": [
        3,
        3,
        3,
        3,
        3,
        3,
        3,
        3
    ],
    "scene": 1
}