{
    "centers": [
        [
            6.714786136573778,
            6.695074929295636,
            -0.18127310896002585
        ],
        [
            -9.91162173916927,
            3.6977206798586053,
            -0.45852519499064137
        ],
        [
            4.638157598974264,
            -8.548994866938507,
            -0.22443700319550597
        ],
        [
            0.7093343000846879,
            -4.616855152948891,
            -0.4096768339930628
        ],
        [
            -6.4201902336036,
            -2.5761030806007534,
            -0.26668203366109466
        ],
        [
            9.81030992097988,
            -0.6166738551511024,
            -0.34661785426275016
        ],
        [
            -2.2839126742446254,
            7.5146860252413425,
            -0.2173752141302106
        ],
        [
            -0.41278178290468936,
            8.489189283666022,
            -0.39949706136847174
        ],
        [
            8.75896310070122,
            -7.146533893067466,
            -0.1266246730738742
        ]
    ],
    "nodes": [
        3,
        3,
        3,
        3,
        3,
        3,
        3,
        3,
        3
    ],
    "scene": 1
}