{
    "centers": [
        [
            5.986475568164396,
            -1.6904174591967713,
            -0.2744023277370119
        ],
        [
            8.459617492829107,
            5.670506528108394,
            -0.11550568099825298
        ],
        [
            4.936250784552483,
            -6.412011204559159,
            -0.3915193000870142
        ],
        [
            -6.780642134151307,
            -4.2027527368414,
            -0.403371020820318
        ],
        [
            -1.5140710678324432,
            -8.054378615139617,
            -0.25942547127024407
        ],
        [
            7.019375307186543,
            8.997880271415713,
            -0.2765932499925766
        ],
        [
            1.145102435814911,
            9.70318883956131,
            -0.22232346620075516
        ],
        [
            -0.45882199742503005,
            -5.47947996855723,
            -0.41721410031385
        ],
        [
            9.38243732409029,
            2.51455602941153,
            -0.11277023243506679
        ]
    ],
    "nodes": [
        3,
        3,
        3,
        3,
        3,
        3,
        3,
        3,
        3
    ],
    "scene": 1
}