{
    "centers": [
        [
            1.444729399411539,
            5.542292880696353,
            -0.4340987015866722
        ],
        [
            2.1815651333329296,
            -2.817891421851626,
            -0.14210257807411747
        ],
        [
            -2.2066494967584465,
            -9.381932109366291,
            -0.47155563847931836
        ],
        [
            -5.465770204737708,
            0.6584307455021587,
            -0.24515689443359795
        ],
        [
            -3.183599087120368,
            -5.2755803661290575,
            -0.29486600876732716
        ],
        [
            8.54052440282241,
            -0.5646036191831865,
            -0.3476552433959518
        ]
    ],
    "nodes": [
        3,
        3,
        3,
        3,
        3,
        3
    ],
    "scene": 1
}