{
    "centers": [
        [
            7.954994048008885,
            9.537670523909359,
            -0.40954297638724296
        ],
        [
            4.358698976367739,
            -6.294434841728467,
            -0.4056315271286774
        ],
        [
            6.675418543831327,
            -8.101300493910088,
            -0.1316174190569176
        ],
        [
            -6.578069047878894,
            8.738358083251548,
            -0.2552417045994383
        ],
        [
            3.20319690608523,
            6.014474749257232,
            -0.3160962055781844
        ],
        [
            5.4047756371935645,
            7.086671138870454,
            -0.2803044941285573
        ],
        [
            -7.86343613102122,
            2.542817182540219,
            -0.13945484014496046
        ],
        [
            2.2886499661611666,
            -0.4525439234063775,
            -0.2708083081168921
        ]
    ],
    "nodes": [
        3,
        3,
        3,
        3,
        3,
        3,
        3,
        3
    ],
    "scene": 1
}