{
    "centers": [
        [
            -4.122594211168289,
            4.424126795212125,
            -0.37980994401745233
        ],
        [
            7.384854300805287,
            -5.249558467027642,
            -0.48082585126870586
        ],
        [
            -6.054137749101094,
            2.6618697931708013,
            -0.3008993784838283
        ],
        [
            5.694233351226178,
            5.107968866597783,
            -0.44740393730103006
        ],
        [
            8.416723074553307,
            -6.01485492009449,
            -0.3819792884337157
        ],
        [
            -1.5208886050542052,
            3.5592820527110742,
            -0.39660630002187763
        ],
        [
            -0.7536849061104771,
            8.531340134211465,
            -0.34143308158189845
        ],
        [
            4.427368691803807,
            6.028217721344834,
            -0.3178388772328311
        ],
        [
            -9.482005935178105,
            -3.764496694955981,
            -0.3665254966676309
        ]
    ],
    "nodes": [
        3,
        3,
        3,
        3,
        3,
        3,
        3,
        3,
        3
    ],
    "scene": 1
}