{
    "centers": [
        [
            -8.05210191829101,
            -4.8114328134066735,
            -0.4019487863194119
        ],
        [
            8.35376885147755,
            -1.6088715128738649,
            -0.44156487457525284
        ],
        [
            9.911274306029412,
            -7.208482114701189,
            -0.15297679751174226
        ],
        [
            -4.794799928737213,
            3.0032899649986753,
            -0.3772153944742101
        ],
        [
            6.1758567455149915,
            -9.813919226797088,
            -0.3141598188271314
        ],
        [
            -0.45590837305375764,
            -8.930082858349387,
            -0.421801739306991
        ],
        [
            -9.67071840858669,
            5.25573159627964,
            -0.19404316550636008
        ],
        [
            0.40411243924652496,
            9.11170940162403,
            -0.38636032079910715
        ],
        [
            -6.475702140247693,
            -5.631132422169925,
            -0.2041431921532682
        ]
    ],
    "nodes": [
        3,
        3,
        3,
        3,
        3,
        3,
        3,
        3,
        3
    ],
    "scene": 1
}