{
    "centers": [
        [
            4.617897975525715,
            5.465224005394733,
            -0.392744986627806
        ],
        [
            -2.48279685294293,
            -2.7585751107557126,
            -0.32794214059190585
        ],
        [
            -5.013824957644593,
            8.282786647547379,
            -0.1756663086492537
        ],
        [
            -1.380903537657158,
            0.39856583845551974,
            -0.3044067457310554
        ],
        [
            9.166672833609354,
            -6.688609679353421,
            -0.39310075173062337
        ],
        [
            3.8168414229817866,
            -0.6459708803679103,
            -0.20635913492895758
        ]
    ],
    "nodes": [
        3,
        3,
        3,
        3,
        3,
        3
    ],
    "scene": 1
}