{
    "centers": [
        [
            -2.172984158941391,
            -0.11816292137163131,
            -0.10184790811860905
        ],
        [
            -6.4166663958238885,
            -6.926065649294797,
            -0.3700513690069853
        ],
        [
            8.664858928985005,
            6.430818563760873,
            -0.361667712744051
        ],
        [
            9.651316789519136,
            -5.607671250417434,
            -0.18962554553272204
        ],
        [
            6.847242454465228,
            7.2172164187257835,
            -0.26351975126945604
        ]
    ],
    "nodes": [
        3,
        3,
        3,
        3,
        3
    ],
    "scene": 1
}