{
    "centers": [
        [
            8.838521977750279,
            -9.424679962530664,
            -0.12330964596417848
        ],
        [
            7.773504917827786,
            8.285825868960849,
            -0.18246689390972626
        ],
        [
            -7.529918098233789,
            -4.822541137713099,
            -0.16805291139836864
        ],
        [
            0.8786944285280534,
            6.919513251629482,
            -0.16209244033569348
        ],
        [
            -6.560069246267202,
            -3.6451699382237184,
            -0.18272908301784213
        ]
    ],
    "nodes": [
        3,
        3,
        3,
        3,
        3
    ],
    "scene": 1
}