{
    "centers": [
        [
            4.027517612672284,
            -0.348293657468977,
            -0.4415312551226116
        ],
        [
            9.29077757382094,
            -3.1615795449703077,
            -0.39754686979080084
        ],
        [
            -8.350759917680985,
            5.057118598951831,
            -0.44621499987366
        ],
        [
            -0.02282781754038865,
            0.6997271446061486,
            -0.45744340502364766
        ],
        [
            -7.538613571716004,
            9.59563684359643,
            -0.22404964862769283
        ],
        [
            -3.380899259931436,
            -5.467713350422367,
            -0.2893304806236089
        ],
        [
            -5.589188610750632,
            -7.56597239078779,
            -0.35631837174065634
        ]
    ],
    "nodes": [
        3,
        3,
        3,
        3,
        3,
        3,
        3
    ],
    "scene": 1
}