{
    "centers": [
        [
            2.1014756219049637,
            -2.373206530988603,
            -0.22366356686852829
        ],
        [
            -1.4854107391189046,
            -8.98381763359689,
            -0.12956514523078166
        ],
        [
            -8.702211489156612,
            9.553784272763565,
            -0.4939857457897815
        ],
        [
            8.910128878471703,
            6.107566905102782,
            -0.3405443673905404
        ],
        [
            -9.843898715951045,
            -6.607427952450702,
            -0.2099209915919864
        ],
        [
            1.2900072014307273,
            -0.6106624688756028,
            -0.27946976446818794
        ]
    ],
    "nodes": [
        3,
        3,
        3,
        3,
        3,
        3
    ],
    "scene": 1
}