{
    "centers": [
        [
            6.954017543327041,
            -5.302634737809802,
            -0.22177607175908737
        ],
        [
            -8.68571489487332,
            8.053295746495042,
            -0.2248146891584667
        ],
        [
            5.082845826686347,
            3.604322302932477,
            -0.3345064479612358
        ],
        [
            -9.295315089496608,
            -6.518971223000678,
            -0.4802483293277503
        ],
        [
            -7.99704739001834,
            1.569501291131223,
            -0.3380276815569484
        ],
        [
            -7.245405978218386,
            -8.364280299409828,
            -0.4617272737968414
        ]
    ],
    "nodes": [
        3,
        3,
        3,
        3,
        3,
        3
    ],
    "scene": 1
}