{
    "centers": [
        [
            5.100661484999833,
            8.203216153159957,
            -0.47499160357368214
        ],
        [
            6.393383192520659,
            -2.025748718120443,
            -0.3082419986222226
        ],
        [
            -4.936659188361716,
            4.961800237621631,
            -0.397101222318404
        ],
        [
            7.365812124208581,
            2.5960197849069733,
            -0.3056841173376773
        ],
        [
            0.13365993916170815,
            -3.813080011524777,
            -0.4035657868149095
        ]
    ],
    "nodes": [
        3,
        3,
        3,
        3,
        3
    ],
    "scene": 1
}