{
    "centers": [
        [
            9.577681077007647,
            -7.70073684387766,
            -0.1382721823289899
        ],
        [
            1.9809579659925003,
            -6.196491391947201,
            -0.4775001349076787
        ],
        [
            -8.691780561278389,
            -0.4160744374861842,
            -0.4835531137212569
        ],
        [
            -2.9083382135063385,
            5.4707811262476636,
            -0.30803225142370805
        ],
        [
            7.623449493008618,
            -1.9427960864167666,
            -0.3032564118155875
        ],
        [
            6.23110630186736,
            -5.135993475920468,
            -0.14654342020087524
        ]
    ],
    "nodes": [
        3,
        3,
        3,
        3,
        3,
        3
    ],
    "scene": 1
}