{
    "centers": [
        [
            -0.18057331548026845,
            7.9867650224770905,
            -0.29563460600694735
        ],
        [
            0.8788408994556143,
            -0.8887020821713598,
            -0.10678136429571916
        ],
        [
            -7.696794034158259,
            3.7268829139987822,
            -0.3289631370663477
        ],
        [
            7.9857855570597955,
            -9.6567074685991,
            -0.1338230385835949
        ],
        [
            4.636904878414041,
            -2.6234318652966904,
            -0.3890253032199812
        ],
        [
            -8.45804279227993,
            0.15012413754226195,
            -0.30662644532454614
        ]
    ],
    "nodes": [
        3,
        3,
        3,
        3,
        3,
        3
    ],
    "scene": 1
}