{
    "centers": [
        [
            6.14193627886285,
            -2.507870675966326,
            -0.33743623470326817
        ],
        [
            3.4128879916905,
            2.276959068077712,
            -0.417830631886676
        ],
        [
            2.130034747044199,
            0.05649892876652807,
            -0.1622527115785825
        ],
        [
            -5.572462382368013,
            -7.716434115813988,
            -0.21975035443241442
        ],
        [
            -0.944280278696656,
            7.677724400023411,
            -0.311535969395609
        ],
        [
            -3.20338291949337,
            -0.9435821369455688,
            -0.39496286580828277
        ],
        [
            4.21288249600728,
            -8.867959708999624,
            -0.28358821087665076
        ]
    ],
    "nodes": [
        3,
        3,
        3,
        3,
        3,
        3,
        3
    ],
    "scene": 1
}