{
    "centers": [
        [
            -6.908768057846193,
            -0.4336895910094931,
            -0.3159103831623422
        ],
        [
            1.8939014271987027,
            -5.038461996261503,
            -0.11914605106290127
        ],
        [
            -5.238463212176068,
            -6.4297644379719205,
            -0.24746843381420502
        ],
        [
            3.6398084883135766,
            -9.001466334137703,
            -0.19619167949566674
        ],
        [
            3.0321918518032795,
            0.8045130094178603,
            -0.3608801810198117
        ],
        [
            -0.5902332512618624,
            8.174763651610977,
            -0.2322441781284818
        ],
        [
            7.195562515456896,
            9.384391529809509,
            -0.3158860421936968
        ],
        [
            6.040642923674415,
            5.875134179794088,
            -0.16272394133327533
        ]
    ],
    "nodes": [
        3,
        3,
        3,
        3,
        3,
        3,
        3,
        3
    ],
    "scene": 1
}