{
    "centers": [
        [
            -3.216093324684765,
            8.18274482536,
            -0.36369143245064284
        ],
        [
            3.8765137209761757,
            5.995635767940964,
            -0.27878740321315243
        ],
        [
            -2.5679345282887116,
            -0.10103475687281005,
            -0.2813046713106744
        ],
        [
            -6.277141029379263,
            -9.618766536790906,
            -0.4913641926204525
        ],
        [
            2.959730190355284,
            -7.303103216136238,
            -0.1292022650953415
        ],
        [
            5.39562965566139,
            3.522935187322414,
            -0.3937138321485843
        ],
        [
            -4.336995427641943,
            7.142114111813299,
            -0.3644020434840006
        ],
        [
            7.961226819153641,
            1.3569953016246359,
            -0.39760839038500617
        ]
    ],
    "nodes": [
        3,
        3,
        3,
        3,
        3,
        3,
        3,
        3
    ],
    "scene": 1
}