{
    "centers": [
        [
            -1.7084945837199434,
            0.8348118857237292,
            -0.47667961456112057
        ],
        [
            -5.636460711803752,
            -5.832763396059725,
            -0.2087914279231769
        ],
        [
            -2.3252292532457446,
            4.603427607446237,
            -0.2131602898434199
        ],
        [
            9.223862215651081,
            -9.297057115946046,
            -0.2703598689574639
        ],
        [
            0.7082241045652893,
            -1.7204327397282277,
            -0.11379880198556613
        ],
        [
            5.946828404499129,
            1.6955513045624127,
            -0.3705975888460443
        ]
    ],
    "nodes": [
        3,
        3,
        3,
        3,
        3,
        3
    ],
    "scene": 1
}