{
    "centers": [
        [
            5.730927878289766,
            -3.0321302193858113,
            -0.49815826518263956
        ],
        [
            2.0152016862882416,
            -6.7611260903104125,
            -0.47314505717215155
        ],
        [
            0.7880308968927441,
            9.955114250428604,
            -0.23752852869046476
        ],
        [
            -1.5691014126507046,
            -9.084830752027088,
            -0.18485609688549975
        ],
        [
            8.575865810062567,
            -8.334487078841718,
            -0.18601978756250903
        ],
        [
            -9.460408627054944,
            0.3311821989457151,
            -0.42576101148695505
        ]
    ],
    "nodes": [
        3,
        3,
        3,
        3,
        3,
        3
    ],
    "scene": 1
}