{
    "centers": [
        [
            -7.302473024235622,
            -9.422333780117718,
            -0.38635544683837425
        ],
        [
            5.907835606253917,
            0.2626156756615252,
            -0.4448973038074352
        ],
        [
            9.86606276363431,
            -4.074814528884758,
            -0.36602049203127146
        ],
        [
            -2.675863498142186,
            -3.1418290540491123,
            -0.23261030154716056
        ],
        [
            0.575640331669165,
            2.9762905925088994,
            -0.3199121717217246
        ],
        [
            7.389087425493852,
            -6.167622175897812,
            -0.3115157746031857
        ],
        [
            -1.0896950879589955,
            -8.405865075980172,
            -0.4056662017177845
        ],
        [
            3.9706462209740074,
            6.382804826400658,
            -0.26931765976166966
        ]
    ],
    "nodes": [
        3,
        3,
        3,
        3,
        3,
        3,
        3,
        3
    ],
    "scene": 1
}