{
    "centers": [
        [
            -5.229753355410585,
            -7.798468493236658,
            -0.2112709534926132
        ],
        [
            0.034915869538476585,
            6.807422151440846,
            -0.23495501989773443
        ],
        [
            1.684749325914991,
            -0.391334931576532,
            -0.36649205106267657
        ],
        [
            -9.789644426240152,
            1.382751470449719,
            -0.13721566526954798
        ],
        [
            7.18939096088441,
            3.3819924012820817,
            -0.3322988044613411
        ],
        [
            -6.9418980484878094,
            -9.24892297974795,
            -0.25785430580507585
        ],
        [
            2.9946933684267645,
            -5.160147970031828,
            -0.10803204657646104
        ]
    ],
    "nodes": [
        3,
        3,
        3,
        3,
        3,
        3,
        3
    ],
    "scene": 1
}