{
    "centers": [
        [
            -2.6782679062394354,
            7.573036343753543,
            -0.10057924577389632
        ],
        [
            3.207300994231213,
            -3.158814576107403,
            -0.4956653106314207
        ],
        [
            -0.4029174959556219,
            -6.701041453887502,
            -0.3465480422530599
        ],
        [
            6.7623282470531265,
            -8.839919798892904,
            -0.1300893789867042
        ],
        [
            9.088932269544703,
            4.6074374270241805,
            -0.27943643500846277
        ],
        [
            7.407578556153659,
            2.2445963634553543,
            -0.33843587051800805
        ],
        [
            -5.102351656228152,
            -0.9500215104618057,
            -0.404859437711971
        ],
        [
            -4.31624578925736,
            -5.764723824867608,
            -0.19195154457607594
        ],
        [
            -8.107027451763493,
            5.8928186693080065,
            -0.11806361362555928
        ]
    ],
    "nodes": [
        3,
        3,
        3,
        3,
        3,
        3,
        3,
        3,
        3
    ],
    "scene": 1
}