{
    "centers": [
        [
            5.3558597281677205,
            -5.8508618632557585,
            -0.31003092922270786
        ],
        [
            6.985674234937868,
            -3.675862066020022,
            -0.22511024853193268
        ],
        [
            9.933121958798083,
            -7.465208693863636,
            -0.2998446120850694
        ],
        [
            1.6331968650246598,
            5.026129783721487,
            -0.2768573979707256
        ],
        [
            -0.6230402225722926,
            -2.282825248526887,
            -0.21089064436069976
        ],
        [
            0.11364511998577953,
            -4.36574729039388,
            -0.4428572838707988
        ],
        [
            -7.7668135746556155,
            -9.410752260946044,
            -0.17551563777554052
        ],
        [
            -6.378228210431804,
            8.495646060797625,
            -0.35992491895177414
        ],
        [
            -5.510420312238942,
            3.7955473562868836,
            -0.2198128461185177
        ]
    ],
    "nodes": [
        3,
        3,
        3,
        3,
        3,
        3,
        3,
        3,
        3
    ],
    "scene": 1
}