{
    "centers": [
        [
            -7.518711115428598,
            3.282936129959804,
            -0.18390023330366312
        ],
        [
            -4.035195980701756,
            -2.2414625192889552,
            -0.2196930722890411
        ],
        [
            -5.780143731251588,
            -2.998793934087569,
            -0.12282204490676746
        ],
        [
            6.24809247001091,
            -0.8099178754653948,
            -0.40921439221809025
        ],
        [
            -1.1882719217430004,
            -8.689923308036347,
            -0.4828155752545687
        ],
        [
            1.455642448024646,
            5.429779439839667,
            -0.43382636600598923
        ]
    ],
    "nodes": [
        3,
        3,
        3,
        3,
        3,
        3
    ],
    "scene": 1
}