{
    "centers": [
        [
            -7.763935974450278,
            6.4991067609626825,
            -0.30754151591115825
        ],
        [
            -9.389162602465785,
            -4.524743988034301,
            -0.37790837897109864
        ],
        [
            -4.357486459466453,
            -0.5047266714749998,
            -0.14793544250785778
        ],
        [
            -2.209129516030279,
            -7.422375111548661,
            -0.34175844801962824
        ],
        [
            1.9095844483047024,
            -2.7689986930953907,
            -0.2059660095580389
        ]
    ],
    "nodes": [
        1,
        3,
        3,
        3,
        3
    ],
    "scene": 2
}