{
    "centers": [
        [
            5.397083911448277,
            8.562463893395215,
            -0.25115871377868704
        ],
        [
            -9.523596119289795,
            -4.669688587123719,
            -0.4340037939259312
        ],
        [
            -0.9270913852584037,
            5.616201337421003,
            -0.4643165059051616
        ],
        [
            0.7189536336644053,
            -2.419734815207062,
            -0.11102309473418759
        ],
        [
            8.774528116327858,
            -3.216246275695191,
            -0.37937627731208473
        ]
    ],
    "nodes": [
        1,
        1,
        3,
        3,
        3
    ],
    "scene": 2
}