{
    "centers": [
        [
            -4.3365576502985625,
            -5.020499414326734,
            -0.40035343004200763
        ],
        [
            9.10091987046744,
            -0.7426329991146456,
            -0.3273025455675995
        ],
        [
            -6.4150212159907145,
            0.22192014237992375,
            -0.3426318962419598
        ],
        [
            -5.730886641896086,
            8.711929692702551,
            -0.289552703745212
        ]
    ],
    "nodes": [
        1,
        3,
        3,
        3
    ],
    "scene": 2
}