{
    "centers": [
        [
            7.9538990763501225,
            6.467746492022375,
            -0.31519323702574353
        ],
        [
            -6.151514584098314,
            -6.443282186164798,
            -0.16680854377363286
        ],
        [
            6.8628748521314975,
            -0.07946801294440853,
            -0.3838328138288426
        ],
        [
            -1.9497601632955313,
            -9.152993738304907,
            -0.45373294041229206
        ]
    ],
    "nodes": [
        1,
        3,
        3,
        3
    ],
    "scene": 2
}