{
    "centers": [
        [
            9.676151559105751,
            4.800402385012079,
            -0.3663209832192278
        ],
        [
            -4.831145216062311,
            0.9901338091950755,
            -0.1378850852026976
        ],
        [
            -7.6547298496195,
            3.659959255325374,
            -0.4479312844095907
        ],
        [
            7.589332082351998,
            -1.4522322306167297,
            -0.48233215768972393
        ],
        [
            -8.447835182620773,
            -0.7765922096669122,
            -0.4161646326178009
        ],
        [
            -5.731469648633592,
            -7.133023955572597,
            -0.18118387042633838
        ]
    ],
    "nodes": [
        1,
        1,
        3,
        3,
        3,
        3
    ],
    "scene": 2
}