{
    "centers": [
        [
            9.495208818113007,
            -0.48397136498423166,
            -0.20128643164609328
        ],
        [
            0.3510430056890499,
            9.971162115517625,
            -0.1108769795238333
        ],
        [
            5.971977524202039,
            3.444748816922864,
            -0.4655774537976388
        ],
        [
            2.3985457897240074,
            -9.392905779050354,
            -0.4556482968228848
        ],
        [
            -9.920309032708449,
            -5.384520396047354,
            -0.4838591822008199
        ]
    ],
    "nodes": [
        1,
        1,
        3,
        3,
        3
    ],
    "scene": 2
}