{
    "centers": [
        [
            -3.2909677590202113,
            -8.067257016308842,
            -0.29154117285289094
        ],
        [
            5.621725310876528,
            -7.125298725495048,
            -0.32010756288121434
        ],
        [
            -8.280226156868313,
            3.1325366099225214,
            -0.497314833810946
        ],
        [
            -7.123810759123317,
            3.9229552138177333,
            -0.10048431714628053
        ],
        [
            7.084826072086244,
            -9.44902161045438,
            -0.15559016032936968
        ]
    ],
    "nodes": [
        1,
        3,
        3,
        3,
        3
    ],
    "scene": 2
}