{
    "centers": [
        [
            2.9241646951240376,
            -1.6865298485798785,
            -0.2546564556344322
        ],
        [
            1.7069000180262162,
            -8.87521416538306,
            -0.3069072524241888
        ],
        [
            -2.0424690941447547,
            -2.9631674948315663,
            -0.477366080067985
        ],
        [
            -8.368329803142885,
            -9.532701854332098,
            -0.47890152450424234
        ],
        [
            -5.465890977833268,
            -4.130187233541783,
            -0.10095800206662225
        ]
    ],
    "nodes": [
        1,
        3,
        3,
        3,
        3
    ],
    "scene": 2
}