{
    "centers": [
        [
            8.378381900885465,
            8.4446041679508,
            -0.12072588934557055
        ],
        [
            3.7246751700835716,
            3.638434530495637,
            -0.13071805014903692
        ],
        [
            2.5699351116788556,
            -6.5761528984292195,
            -0.4632452734494603
        ],
        [
            -1.2467224681122353,
            5.3941877781605605,
            -0.3611413119777824
        ],
        [
            -3.6603867231589255,
            -9.74952413907326,
            -0.3622900575861463
        ]
    ],
    "nodes": [
        1,
        1,
        3,
        3,
        3
    ],
    "scene": 2
}