{
    "centers": [
        [
            3.3361647967064663,
            2.540504387964596,
            -0.305072079812164
        ],
        [
            -2.8398651519441698,
            8.710776059372304,
            -0.4886604559395574
        ],
        [
            8.428935187159894,
            5.804815637369929,
            -0.38367568340488745
        ],
        [
            1.7532940020905823,
            -8.033659878301496,
            -0.3617124290572171
        ],
        [
            -3.8052762835599063,
            -9.207742542897318,
            -0.15114638951678677
        ]
    ],
    "nodes": [
        1,
        3,
        3,
        3,
        3
    ],
    "scene": 2
}