{
    "centers": [
        [
            0.8634253341125024,
            2.953941021532673,
            -0.49518448152781414
        ],
        [
            4.977307976691883,
            0.45146600522594404,
            -0.2978947282221839
        ],
        [
            9.129423861174157,
            1.6245177032790536,
            -0.34151771072493603
        ]
    ],
    "nodes": [
        1,
        3,
        3
    ],
    "scene": 2
}