{
    "centers": [
        [
            8.590115020828083,
            -9.045265496757029,
            -0.4607728520840718
        ],
        [
            -8.117752401968808,
            8.037150393085529,
            -0.4858440288664657
        ],
        [
            -1.2185781777743436,
            -8.306105809479092,
            -0.3841031136421075
        ],
        [
            -9.588125280116246,
            2.335967942511088,
            -0.26877019646086553
        ],
        [
            -3.9639190409074736,
            5.56211434382767,
            -0.46966500312753523
        ]
    ],
    "nodes": [
        1,
        3,
        3,
        3,
        3
    ],
    "scene": 2
}