{
    "centers": [
        [
            0.24951224990036636,
            0.8103489890239715,
            -0.49686101581253755
        ],
        [
            -4.494868865776946,
            -9.5422021899741,
            -0.15639013980210104
        ],
        [
            -0.5488043439268626,
            6.5051353129770995,
            -0.16064755298813038
        ],
        [
            -6.6043923734361965,
            -7.349629200365695,
            -0.48568313190352724
        ]
    ],
    "nodes": [
        1,
        1,
        3,
        3
    ],
    "scene": 2
}