{
    "centers": [
        [
            7.468681724075232,
            3.850741636279139,
            -0.19958067093492526
        ],
        [
            -6.497186941668458,
            2.774496880872162,
            -0.24567994374293317
        ],
        [
            -0.07355816495707757,
            6.346905247127324,
            -0.3054586407718505
        ],
        [
            -3.7914195508041555,
            -0.7071783324855048,
            -0.4138124273528237
        ]
    ],
    "nodes": [
        1,
        1,
        3,
        3
    ],
    "scene": 2
}