{
    "centers": [
        [
            -1.4144218522956482,
            -4.3276518838333855,
            -0.1584384104606118
        ],
        [
            6.62963422555633,
            -8.991683272203785,
            -0.494353003632224
        ],
        [
            -4.19012768872173,
            -5.571826180268533,
            -0.24785499691296947
        ],
        [
            5.677691668741424,
            -7.216494556104333,
            -0.3168466832171157
        ]
    ],
    "nodes": [
        1,
        3,
        3,
        3
    ],
    "scene": 2
}