{
    "centers": [
        [
            -3.3079131076140573,
            2.6852660558650285,
            -0.2376465892065039
        ],
        [
            -7.62362523175579,
            -7.7643521939205895,
            -0.21148596816432264
        ],
        [
            -2.556981416468453,
            -5.063709899100212,
            -0.21598911634454582
        ],
        [
            5.3094226030958644,
            -8.79727619859164,
            -0.27353577235202964
        ]
    ],
    "nodes": [
        1,
        1,
        3,
        3
    ],
    "scene": 2
}