{
    "centers": [
        [
            -1.4690132677982106,
            6.075457868194988,
            -0.4046857470348529
        ],
        [
            6.185483573959644,
            -2.1599448073726073,
            -0.30781686759102245
        ],
        [
            -9.279481878829545,
            2.5461125665585076,
            -0.15400704405579813
        ],
        [
            7.172479257949526,
            9.703508215380236,
            -0.1357427581548838
        ]
    ],
    "nodes": [
        1,
        3,
        3,
        3
    ],
    "scene": 2
}