{
    "centers": [
        [
            -1.1721228627880897,
            0.12948214292712912,
            -0.37013483607460146
        ],
        [
            6.424197607632625,
            -9.654178325006527,
            -0.27488910595781546
        ],
        [
            -1.9694430627036734,
            -2.075777906842182,
            -0.446832448232165
        ],
        [
            7.290579544964494,
            -7.171942532583033,
            -0.20272284924534328
        ]
    ],
    "nodes": [
        1,
        1,
        3,
        3
    ],
    "scene": 2
}