{
    "centers": [
        [
            1.9635155206369284,
            -4.505890078719624,
            -0.32986847130693636
        ],
        [
            -5.7908599497120665,
            8.30416087912512,
            -0.4974688102165882
        ],
        [
            9.698825950010757,
            5.021140782210098,
            -0.19214390983310015
        ]
    ],
    "nodes": [
        1,
        3,
        3
    ],
    "scene": 2
}