{
    "centers": [
        [
            -8.758101128639206,
            -8.045882331208976,
            -0.27625354437638716
        ],
        [
            6.103459715818467,
            7.731513253968348,
            -0.33799742172207703
        ],
        [
            0.8127440514668276,
            9.965314789990593,
            -0.3397068907589604
        ],
        [
            -7.683641047083523,
            -5.308978115825478,
            -0.37155309884976184
        ],
        [
            9.188939783660519,
            -6.2382853764060275,
            -0.49565013164028376
        ]
    ],
    "nodes": [
        1,
        1,
        3,
        3,
        3
    ],
    "scene": 2
}