{
    "centers": [
        [
            0.3672935039281082,
            6.516363769317298,
            -0.26623516015465354
        ],
        [
            6.599936435350024,
            -6.977998223714916,
            -0.4392328211500717
        ],
        [
            8.866535523087112,
            3.454306007209812,
            -0.4359620826285967
        ],
        [
            -9.181856670756828,
            1.6612943742360216,
            -0.40726277968518054
        ],
        [
            -2.3201685927374776,
            0.952869213256859,
            -0.17316478999510881
        ]
    ],
    "nodes": [
        1,
        3,
        3,
        3,
        3
    ],
    "scene": 2
}