{
    "centers": [
        [
            -2.068072034567942,
            -8.272124102452889,
            -0.1518921150166196
        ],
        [
            9.037155576578783,
            -6.150842942160189,
            -0.1767377848542211
        ],
        [
            -0.3996419447422923,
            4.548839525906903,
            -0.30730507311227984
        ],
        [
            8.030643924655003,
            -0.8053649297874088,
            -0.3955328933392659
        ]
    ],
    "nodes": [
        3,
        3,
        3,
        3
    ],
    "scene": 0
}