{
    "centers": [
        [
            4.363409708081107,
            -7.518275909800813,
            -0.22349742869048722
        ],
        [
            1.0295805255005668,
            -8.851499496460026,
            -0.45007944103693825
        ],
        [
            2.8374763058502044,
            9.140403127224648,
            -0.27194036967046853
        ],
        [
            -8.620509614087975,
            9.751915707580572,
            -0.16028964902695225
        ]
    ],
    "nodes": [
        1,
        1,
        3,
        3
    ],
    "scene": 2
}