{
    "centers": [
        [
            8.53651597111762,
            5.22934128173172,
            -0.11161461317495669
        ],
        [
            0.6114816479901979,
            3.8787210527762106,
            -0.2019741228119885
        ],
        [
            -2.8242963274298116,
            9.319405821230564,
            -0.2902302588902157
        ],
        [
            -5.791196461164539,
            7.210649744395852,
            -0.15961081275237682
        ]
    ],
    "nodes": [
        1,
        1,
        3,
        3
    ],
    "scene": 2
}