{
    "centers": [
        [
            -6.708050937376484,
            9.082321107822843,
            -0.4634649085806326
        ],
        [
            4.815442813878805,
            1.270622438687619,
            -0.4365982625485752
        ],
        [
            -9.844282054984388,
            -6.474261151202263,
            -0.3113000089820277
        ],
        [
            9.743411889730872,
            -2.95108183637955,
            -0.45729873658810544
        ],
        [
            5.5972550592129515,
            -0.2820875181177307,
            -0.475060949636476
        ]
    ],
    "nodes": [
        1,
        1,
        3,
        3,
        3
    ],
    "scene": 2
}