{
    "centers": [
        [
            8.939111672110485,
            -2.0630535056666126,
            -0.2589785063540281
        ],
        [
            -4.035603124378067,
            4.832582484406869,
            -0.4774530025234273
        ],
        [
            6.916577525062738,
            -7.081179709008525,
            -0.36331635400169254
        ]
    ],
    "nodes": [
        1,
        3,
        3
    ],
    "scene": 2
}