{
    "centers": [
        [
            -4.087649762053753,
            2.644200012242269,
            -0.46163377013076345
        ],
        [
            -5.177118902720899,
            0.1684250235325706,
            -0.135289524872253
        ],
        [
            9.334776720972553,
            -2.1309556529633467,
            -0.49476513796918614
        ],
        [
            0.1399136180096665,
            7.564787052903341,
            -0.4970768031698639
        ],
        [
            -2.2895259389851708,
            6.468616507736513,
            -0.12053379089272731
        ]
    ],
    "nodes": [
        1,
        1,
        3,
        3,
        3
    ],
    "scene": 2
}