{
    "centers": [
        [
            2.8386616897055017,
            -8.068302984813847,
            -0.30132298897277054
        ],
        [
            -5.656594119900653,
            -7.357562191414699,
            -0.38487140180450236
        ],
        [
            7.4410627431174134,
            3.5128468171267357,
            -0.20887226755663985
        ],
        [
            0.05955906715730919,
            -9.53316438678651,
            -0.21509598609470088
        ]
    ],
    "nodes": [
        1,
        3,
        3,
        3
    ],
    "scene": 2
}