{
    "centers": [
        [
            8.881200555145725,
            -8.288758403071094,
            -0.40310070549957494
        ],
        [
            -2.4283240779546915,
            1.0949499389011734,
            -0.3314377347081331
        ],
        [
            6.965930172772527,
            2.907097687270223,
            -0.26095853546951314
        ]
    ],
    "nodes": [
        1,
        3,
        3
    ],
    "scene": 2
}