{
    "centers": [
        [
            -0.8989119354615678,
            -9.939785497399054,
            -0.4341160920799471
        ],
        [
            9.83158444269645,
            8.505566114869602,
            -0.4373134523704324
        ],
        [
            6.6555574685403975,
            -3.5136957316501576,
            -0.161730672457704
        ],
        [
            8.310103207805401,
            7.414376616062253,
            -0.29441714267208474
        ]
    ],
    "nodes": [
        3,
        3,
        3,
        3
    ],
    "scene": 0
}