{
    "centers": [
        [
            -6.569581805530911,
            4.398186750728847,
            -0.4673330452413908
        ],
        [
            -4.823666482744744,
            -8.495286913449435,
            -0.48370906290813825
        ],
        [
            -2.5327912473677117,
            -5.43243655372585,
            -0.15789373170457277
        ],
        [
            -1.7311568196668645,
            -3.311748291817535,
            -0.30778900627303374
        ]
    ],
    "nodes": [
        1,
        3,
        3,
        3
    ],
    "scene": 2
}