{
    "centers": [
        [
            3.5457371926188213,
            -9.478609757047758,
            -0.49879094721889194
        ],
        [
            5.463541164241878,
            3.229306149181749,
            -0.4654724212646905
        ],
        [
            -0.06857198613553805,
            9.752865676647613,
            -0.19172646181008057
        ]
    ],
    "nodes": [
        1,
        3,
        3
    ],
    "scene": 2
}