{
    "centers": [
        [
            -1.0035378617934843,
            3.364122007713572,
            -0.14839045970477466
        ],
        [
            2.270571706825928,
            0.4754430969342831,
            -0.4098033281167003
        ],
        [
            -6.073990852083955,
            8.210966163713358,
            -0.10195465549606192
        ],
        [
            7.338233080145596,
            4.691475740780655,
            -0.31611022096950825
        ]
    ],
    "nodes": [
        1,
        1,
        3,
        3
    ],
    "scene": 2
}