{
    "centers": [
        [
            8.603389105463329,
            7.644681392191696,
            -0.33960137525797773
        ],
        [
            -0.7025262520918538,
            5.726279573683293,
            -0.26545581912714433
        ],
        [
            -4.839279554911045,
            3.635335414155607,
            -0.1964122490627127
        ],
        [
            0.8152525303399276,
            -1.2829355398555542,
            -0.2894616483073266
        ],
        [
            -1.5247040542338581,
            -3.397687524691502,
            -0.3013780388950762
        ]
    ],
    "nodes": [
        1,
        3,
        3,
        3,
        3
    ],
    "scene": 2
}