{
    "centers": [
        [
            -6.299898467156644,
            1.3297198048390317,
            -0.3048134345642334
        ],
        [
            9.329249207223587,
            7.360097506706886,
            -0.3697452016753021
        ],
        [
            6.208951829069687,
            -3.4638885546223825,
            -0.12469995550774071
        ],
        [
            -7.0596702578897315,
            -7.260345025534911,
            -0.2206129731339469
        ]
    ],
    "nodes": [
        1,
        1,
        3,
        3
    ],
    "scene": 2
}