{
    "centers": [
        [
            -8.625099938405414,
            0.25629939445197714,
            -0.42905094373639113
        ],
        [
            3.272670941112265,
            -3.554599776337146,
            -0.26644597351684424
        ],
        [
            -0.42369148194261363,
            -8.228873159803774,
            -0.4082861377828068
        ],
        [
            5.217412422808875,
            -1.9475957569272317,
            -0.3592461715788732
        ],
        [
            7.488539963201742,
            -9.255162367017844,
            -0.1415414985713439
        ]
    ],
    "nodes": [
        1,
        1,
        3,
        3,
        3
    ],
    "scene": 2
}