{
    "centers": [
        [
            5.901304421405841,
            -6.995817279866818,
            -0.4916429309330464
        ],
        [
            7.996461677080145,
            -3.7673157979178473,
            -0.336454447303452
        ],
        [
            -6.632295685131129,
            6.365169991713842,
            -0.4926967613978014
        ],
        [
            -4.526024464092311,
            -4.920091656478222,
            -0.41289324186883064
        ]
    ],
    "nodes": [
        1,
        3,
        3,
        3
    ],
    "scene": 2
}