{
    "centers": [
        [
            6.949435095975293,
            -8.987655818846555,
            -0.17295865277751843
        ],
        [
            -6.82165283436807,
            -3.415934828398049,
            -0.4039230190715578
        ],
        [
            -4.561711600514355,
            9.466181029976887,
            -0.277522906169812
        ],
        [
            -0.2805680733320486,
            -6.432541924656263,
            -0.46899703526134956
        ]
    ],
    "nodes": [
        3,
        3,
        3,
        3
    ],
    "scene": 0
}