{
    "centers": [
        [
            1.6782558825627376,
            7.067486304326611,
            -0.13116331723872493
        ],
        [
            -1.3015372945121015,
            -1.6703630619356922,
            -0.16017397708494552
        ],
        [
            -5.790952133254377,
            -2.4917564488794426,
            -0.28145916804914217
        ]
    ],
    "nodes": [
        1,
        3,
        3
    ],
    "scene": 2
}