{
    "centers": [
        [
            8.480629796947813,
            -2.418241742455793,
            -0.2753891908022198
        ],
        [
            -3.2538893945264817,
            8.55668488056779,
            -0.48474854486053587
        ],
        [
            -4.751995697001144,
            4.120675244913688,
            -0.48817137945639294
        ],
        [
            1.5633779518127113,
            7.558760891006266,
            -0.4259967101638829
        ]
    ],
    "nodes": [
        1,
        1,
        3,
        3
    ],
    "scene": 2
}