{
    "centers": [
        [
            0.9086065836193455,
            -3.4956629670253347,
            -0.3633589469770915
        ],
        [
            -2.979497851358559,
            8.791022514308267,
            -0.4075478152583585
        ],
        [
            4.736713947631198,
            2.6301664465947265,
            -0.18069571871305118
        ],
        [
            7.575423632879538,
            -6.222348561588351,
            -0.428722725105913
        ]
    ],
    "nodes": [
        1,
        3,
        3,
        3
    ],
    "scene": 2
}