{
    "centers": [
        [
            9.716337735563762,
            2.3110540500384165,
            -0.42521021941395293
        ],
        [
            -5.054371048558071,
            6.115080843855797,
            -0.4226327034370144
        ],
        [
            -9.493669914003245,
            -8.821640743794974,
            -0.28745329869959146
        ]
    ],
    "nodes": [
        1,
        3,
        3
    ],
    "scene": 2
}