{
    "centers": [
        [
            -1.1963055198047474,
            -5.903195976222699,
            -0.21711780321477087
        ],
        [
            -3.1510350558301514,
            7.59128212286948,
            -0.3680690473465915
        ],
        [
            -2.3311045995675244,
            -2.15835058281354,
            -0.4848920396260419
        ],
        [
            -7.919265322169105,
            6.489050114799543,
            -0.1937604999312983
        ]
    ],
    "nodes": [
        1,
        1,
        3,
        3
    ],
    "scene": 2
}