{
    "centers": [
        [
            -5.937824179104112,
            6.416979429213203,
            -0.47299677621858055
        ],
        [
            -4.561184819314581,
            7.247258615676721,
            -0.12942892877611256
        ],
        [
            -9.843274836691698,
            0.6831270681627188,
            -0.2716730187230254
        ],
        [
            2.2140939551325705,
            -1.2182457323127487,
            -0.3802548254959442
        ],
        [
            -7.900869761798526,
            -2.878789277845968,
            -0.2536163372211978
        ]
    ],
    "nodes": [
        1,
        1,
        3,
        3,
        3
    ],
    "scene": 2
}