{
    "centers": [
        [
            -5.882345600892453,
            3.3154548618596635,
            -0.2994873116427072
        ],
        [
            -1.4240604407605932,
            9.628793123056731,
            -0.2875935691360758
        ],
        [
            7.5762235864863,
            4.290360924286055,
            -0.3466234178322866
        ],
        [
            4.738576661784284,
            -3.624218986164247,
            -0.38371012576272917
        ]
    ],
    "nodes": [
        1,
        3,
        3,
        3
    ],
    "scene": 2
}