{
    "centers": [
        [
            -0.3914943108289499,
            -0.026485284627909778,
            -0.3220530284915274
        ],
        [
            2.0149715406388857,
            3.2227728624988927,
            -0.37989022138960904
        ],
        [
            4.428177325826891,
            -5.644278510027521,
            -0.4766000753527081
        ]
    ],
    "nodes": [
        1,
        3,
        3
    ],
    "scene": 2
}