{
    "centers": [
        [
            -0.6591186929983088,
            -3.3450282962305504,
            -0.4477084514197836
        ],
        [
            4.158453647136399,
            7.74344909586236,
            -0.297385254432458
        ],
        [
            1.1924189268384282,
            4.56029562368262,
            -0.341566595791456
        ],
        [
            2.733741183215855,
            0.929575590421237,
            -0.46653843670230966
        ]
    ],
    "nodes": [
        1,
        3,
        3,
        3
    ],
    "scene": 2
}