{
    "centers": [
        [
            4.741388788585063,
            4.80172237553708,
            -0.18522275943962935
        ],
        [
            -6.980927298045641,
            2.213584922755352,
            -0.3206363944329097
        ],
        [
            -1.956812501348434,
            3.9341499348757925,
            -0.46271231349846575
        ],
        [
            2.040518403380652,
            -7.634368845645271,
            -0.26925282657228833
        ]
    ],
    "nodes": [
        1,
        1,
        3,
        3
    ],
    "scene": 2
}