{
    "centers": [
        [
            6.54121858705566,
            3.7487930845368886,
            -0.4442042189191345
        ],
        [
            -9.141549445625916,
            -0.2985044280780045,
            -0.15232422142723534
        ],
        [
            9.419331661539434,
            -1.593483937445166,
            -0.1330704394969925
        ]
    ],
    "nodes": [
        1,
        3,
        3
    ],
    "scene": 2
}