{
    "centers": [
        [
            -5.757952213121222,
            -7.565963796889285,
            -0.43482997989077765
        ],
        [
            2.449894039498135,
            7.125229877328586,
            -0.38015724139601004
        ],
        [
            4.194620896948429,
            -4.3474328791221755,
            -0.2866400185481916
        ],
        [
            -7.378078438787465,
            0.9814440443461248,
            -0.2705705993098192
        ]
    ],
    "nodes": [
        1,
        1,
        3,
        3
    ],
    "scene": 2
}