{
    "centers": [
        [
            -8.920313513174992,
            1.9610511659832,
            -0.29990233352825124
        ],
        [
            1.9170507564342554,
            9.995638713608475,
            -0.1456720755158859
        ],
        [
            -7.739764118244301,
            -4.053659987016564,
            -0.34945406086281927
        ],
        [
            -4.219366599585372,
            2.8015204600849586,
            -0.21419435390610858
        ]
    ],
    "nodes": [
        1,
        3,
        3,
        3
    ],
    "scene": 2
}