{
    "centers": [
        [
            4.425288803063669,
            5.564645536448706,
            -0.47539373194969675
        ],
        [
            -7.227983328963228,
            -0.8635782448920537,
            -0.3389462004912003
        ],
        [
            -2.4464681424937806,
            7.07481534572241,
            -0.4654824534215952
        ],
        [
            0.7888387244218702,
            -4.73787911893398,
            -0.10234424697799877
        ],
        [
            2.763378096529433,
            -0.04780754311999935,
            -0.4507208617207241
        ]
    ],
    "nodes": [
        1,
        1,
        3,
        3,
        3
    ],
    "scene": 2
}