{
    "centers": [
        [
            8.441010854129253,
            -2.911471323665184,
            -0.3430222801086523
        ],
        [
            6.1951254640722695,
            -8.241166953180239,
            -0.4378260179246426
        ],
        [
            -1.3396638327608876,
            -5.860929190665258,
            -0.47604512433398477
        ]
    ],
    "nodes": [
        1,
        3,
        3
    ],
    "scene": 2
}