{
    "centers": [
        [
            -6.312589873059653,
            -4.909074691510971,
            -0.19500453367492965
        ],
        [
            8.593749325651412,
            2.1985277772626297,
            -0.18367577967878768
        ],
        [
            3.9651507196245994,
            0.6916943708361138,
            -0.15461741928976486
        ],
        [
            7.31702599700164,
            6.357273856063873,
            -0.31662330557685925
        ],
        [
            9.7861073079833,
            5.132269772862234,
            -0.47032498658996424
        ]
    ],
    "nodes": [
        1,
        3,
        3,
        3,
        3
    ],
    "scene": 2
}