{
    "centers": [
        [
            -2.884173050950009,
            7.125935180654601,
            -0.18878387242361605
        ],
        [
            9.780066961304637,
            4.362064317731711,
            -0.2559619043616945
        ],
        [
            -9.714309264507309,
            -4.035760297196052,
            -0.1707729547844381
        ],
        [
            8.608163205110195,
            -6.636322299127404,
            -0.11713199384328815
        ],
        [
            7.056325484614657,
            3.5752265701823376,
            -0.1755302703781087
        ]
    ],
    "nodes": [
        1,
        1,
        3,
        3,
        3
    ],
    "scene": 2
}