{
    "centers": [
        [
            -4.705823654566168,
            -2.6376102495584197,
            -0.2865564778399263
        ],
        [
            3.149466176504516,
            5.611152712682607,
            -0.34839667749774955
        ],
        [
            -6.925311653686988,
            -4.120777015538188,
            -0.34334910244242656
        ],
        [
            -7.9583747931294635,
            -9.93326348661335,
            -0.28582567326513497
        ],
        [
            -1.6773504355458186,
            0.38095543461876424,
            -0.4228753858812592
        ],
        [
            -2.8838600251745605,
            -9.303564948446523,
            -0.3876208688609498
        ]
    ],
    "nodes": [
        1,
        1,
        3,
        3,
        3,
        3
    ],
    "scene": 2
}