{
    "centers": [
        [
            -2.1535897381978515,
            1.1091984634133123,
            -0.3644578663198954
        ],
        [
            -5.035662881424779,
            7.4095259409164385,
            -0.4783432020044833
        ],
        [
            -8.046416949606584,
            -2.164619896767541,
            -0.15189690027162334
        ],
        [
            0.8778902578976311,
            -0.46899987158832346,
            -0.10224206382748352
        ],
        [
            -1.0644398008838447,
            8.162211028344608,
            -0.29219484808654145
        ],
        [
            7.077398357912525,
            6.64163129120621,
            -0.207013264716003
        ]
    ],
    "nodes": [
        1,
        1,
        3,
        3,
        3,
        3
    ],
    "scene": 2
}