{
    "centers": [
        [
            0.5993136073860974,
            -3.8304879065230546,
            -0.47600873216973916
        ],
        [
            -9.462087027555683,
            -8.763208686942615,
            -0.18593368726244536
        ],
        [
            8.605553330882955,
            2.348035772059836,
            -0.14049863656383738
        ]
    ],
    "nodes": [
        1,
        3,
        3
    ],
    "scene": 2
}