{
    "centers": [
        [
            5.173197573257768,
            -1.6143586133255727,
            -0.1382188486285345
        ],
        [
            -1.5586889319522825,
            -0.17111662711167241,
            -0.4577616983443851
        ],
        [
            -3.053545236096051,
            -8.732595946691884,
            -0.43693011893442
        ],
        [
            -9.758548713193093,
            -4.702002262588176,
            -0.19742159184200242
        ]
    ],
    "nodes": [
        1,
        3,
        3,
        3
    ],
    "scene": 2
}