{
    "centers": [
        [
            4.59616265983289,
            -8.837518853949708,
            -0.3666702696952894
        ],
        [
            -1.8766170198563632,
            -9.901740131550362,
            -0.15812173865028156
        ],
        [
            -4.6819565966600525,
            8.006528882591056,
            -0.11304314970531476
        ],
        [
            -8.073106960219578,
            -7.2773900104414535,
            -0.26553919597092823
        ],
        [
            0.8071000166702991,
            2.3642218681578004,
            -0.17540260213689002
        ],
        [
            -5.785152884302162,
            -4.956117201685599,
            -0.3003574962460571
        ]
    ],
    "nodes": [
        1,
        1,
        3,
        3,
        3,
        3
    ],
    "scene": 2
}