{
    "centers": [
        [
            -3.1819725856209207,
            2.121506980742815,
            -0.31703711488799463
        ],
        [
            8.355188281434938,
            0.7706728853879881,
            -0.10904886318713003
        ],
        [
            -2.0927873710028084,
            9.236386877630153,
            -0.23829830592824253
        ]
    ],
    "nodes": [
        1,
        3,
        3
    ],
    "scene": 2
}