{
    "centers": [
        [
            3.306586355298627,
            1.1155961481118553,
            -0.3473877842552596
        ],
        [
            -1.6852461296242787,
            -9.789909946555897,
            -0.14606156202963816
        ],
        [
            -4.716363292794523,
            -7.742280806541018,
            -0.3210870305397079
        ],
        [
            -6.665477985460111,
            -6.688777849511041,
            -0.149385913647813
        ]
    ],
    "nodes": [
        1,
        3,
        3,
        3
    ],
    "scene": 2
}