{
    "centers": [
        [
            8.605147106962228,
            -2.3851246199478338,
            -0.39770117766934887
        ],
        [
            -3.3031349932167835,
            -8.295504713185116,
            -0.1368348362506896
        ],
        [
            0.5669364195869342,
            1.7698823266873926,
            -0.3421357376727284
        ],
        [
            2.8248230265829495,
            -6.323949501173576,
            -0.29351760538567406
        ],
        [
            -5.155106778700209,
            5.145825113405721,
            -0.47620952711326864
        ]
    ],
    "nodes": [
        1,
        3,
        3,
        3,
        3
    ],
    "scene": 2
}