{
    "centers": [
        [
            -5.967552239811312,
            8.813754890216607,
            -0.2893130637079563
        ],
        [
            1.259446131788124,
            -9.749164004329703,
            -0.37076859431281817
        ],
        [
            -0.12954516354549028,
            -3.503960551552117,
            -0.239969998411663
        ],
        [
            3.8042052805006925,
            -1.1053098381577282,
            -0.1394186968165258
        ]
    ],
    "nodes": [
        1,
        3,
        3,
        3
    ],
    "scene": 2
}