{
    "centers": [
        [
            0.34847162902119067,
            -1.9068020918440673,
            -0.21865627483183714
        ],
        [
            8.75233378353905,
            7.00489456010186,
            -0.4939520427080657
        ],
        [
            1.6992074450020649,
            0.3910803482053087,
            -0.11186595106999109
        ],
        [
            -6.034878142548614,
            9.346713058911394,
            -0.16983343569604337
        ],
        [
            -1.3040714886069331,
            4.819700265158868,
            -0.46710074879188107
        ]
    ],
    "nodes": [
        1,
        1,
        3,
        3,
        3
    ],
    "scene": 2
}