{
    "centers": [
        [
            8.535771322245576,
            -4.192932255327628,
            -0.46227218092423716
        ],
        [
            1.7452348509347217,
            -9.666730280996887,
            -0.498127492689434
        ],
        [
            -0.819403555365394,
            -5.493000099349712,
            -0.2623142078193266
        ]
    ],
    "nodes": [
        1,
        3,
        3
    ],
    "scene": 2
}