{
    "centers": [
        [
            -0.1923462360819279,
            -4.476164241308666,
            -0.4603466176527514
        ],
        [
            3.838373031750068,
            9.578825969794398,
            -0.23947833223996623
        ],
        [
            -3.263142788984224,
            3.5829652001288164,
            -0.3412511514548038
        ],
        [
            6.660738401268997,
            7.785120263720476,
            -0.42788139477880616
        ]
    ],
    "nodes": [
        1,
        1,
        3,
        3
    ],
    "scene": 2
}