{
    "centers": [
        [
            -4.72353062495883,
            4.221045461878612,
            -0.29235221883286966
        ],
        [
            -5.451695664587115,
            -4.708840087208852,
            -0.14175203721364815
        ],
        [
            4.265539441496408,
            7.704088814304033,
            -0.28537571044408855
        ],
        [
            7.287443213583735,
            6.201609880445687,
            -0.4040971764475572
        ],
        [
            1.7006538965130105,
            -3.232819245489164,
            -0.2710016693890971
        ]
    ],
    "nodes": [
        1,
        3,
        3,
        3,
        3
    ],
    "scene": 2
}