{
    "centers": [
        [
            1.5994608737326033,
            9.585699038674854,
            -0.32822998549037297
        ],
        [
            4.537559637154473,
            -4.902146243616947,
            -0.4060036100741588
        ],
        [
            -6.192685821412372,
            0.7732750161205786,
            -0.2545673591845381
        ],
        [
            -2.8481219753508196,
            3.5246351759565897,
            -0.14714806772383243
        ]
    ],
    "nodes": [
        1,
        3,
        3,
        3
    ],
    "scene": 2
}