{
    "centers": [
        [
            6.245360943772315,
            -0.9612164980638163,
            -0.26882830980982736
        ],
        [
            -1.6934476574603412,
            5.027266229644493,
            -0.10004108288748981
        ],
        [
            3.5649839492446773,
            6.516269563078147,
            -0.19505258433075512
        ],
        [
            -7.679260940134817,
            7.890624555144214,
            -0.19538547135634882
        ],
        [
            8.199312187261405,
            -9.047475604154815,
            -0.33072948791174495
        ]
    ],
    "nodes": [
        1,
        3,
        3,
        3,
        3
    ],
    "scene": 2
}