{
    "centers": [
        [
            1.1250959007042383,
            0.6169388100098381,
            -0.37645362367001284
        ],
        [
            -1.5963474614016437,
            -8.929810358752716,
            -0.35932541622598935
        ],
        [
            -0.16812841366782472,
            -4.695809171464605,
            -0.10372269826947594
        ],
        [
            -8.398214503658608,
            1.3947728895642797,
            -0.11511258708855254
        ]
    ],
    "nodes": [
        1,
        1,
        3,
        3
    ],
    "scene": 2
}