{
    "centers": [
        [
            6.195638613619494,
            5.507672897799679,
            -0.10068075175620433
        ],
        [
            0.6997550594381572,
            -7.568709228746973,
            -0.11375098939517148
        ],
        [
            -6.427165059741624,
            9.57578589801484,
            -0.4207908272790256
        ],
        [
            -7.507046933911614,
            -6.9313904228992795,
            -0.44750109436268276
        ],
        [
            8.66167114636984,
            -3.7434659500833884,
            -0.3874783459626796
        ]
    ],
    "nodes": [
        1,
        3,
        3,
        3,
        3
    ],
    "scene": 2
}