{
    "centers": [
        [
            -9.754148401192861,
            0.17507682894662935,
            -0.25918350549058966
        ],
        [
            5.026377253617193,
            -8.751947607922494,
            -0.26534158383118733
        ],
        [
            -5.461126929937685,
            -7.8568938804719295,
            -0.15171755112895463
        ]
    ],
    "nodes": [
        1,
        3,
        3
    ],
    "scene": 2
}