{
    "centers": [
        [
            6.7562185951846025,
            -1.0721176756180526,
            -0.26102212361440413
        ],
        [
            -0.7726871651403897,
            -6.510107592033907,
            -0.29330623404442335
        ],
        [
            9.396441475503089,
            0.594803999359744,
            -0.29772924750813423
        ],
        [
            0.8339652636607084,
            -9.306820190288347,
            -0.24989987121906038
        ],
        [
            4.022724686223265,
            5.600127511601068,
            -0.20040661190308012
        ],
        [
            2.4786600590634595,
            1.2473087259439026,
            -0.3187937674436949
        ]
    ],
    "nodes": [
        1,
        1,
        3,
        3,
        3,
        3
    ],
    "scene": 2
}