{
    "centers": [
        [
            1.035264106913278,
            6.5293189076686495,
            -0.3764914035133399
        ],
        [
            -5.883175753699986,
            -5.731223109605632,
            -0.3994075784015104
        ],
        [
            4.481200893972252,
            5.127860035007014,
            -0.2779397622094202
        ],
        [
            -9.598641871884881,
            1.937374901950692,
            -0.11046654072362821
        ]
    ],
    "nodes": [
        1,
        1,
        3,
        3
    ],
    "scene": 2
}