{
    "centers": [
        [
            6.522423385815593,
            -1.3948768521947343,
            -0.49309620792607245
        ],
        [
            2.266122430268741,
            -8.293058472291296,
            -0.3199882756186072
        ],
        [
            9.865289365129087,
            3.512957819879233,
            -0.240144596699838
        ],
        [
            -4.745722588907446,
            2.6249372690186448,
            -0.3650582754675095
        ],
        [
            -3.874200248702402,
            4.9167030741004645,
            -0.4892711238153978
        ]
    ],
    "nodes": [
        1,
        1,
        3,
        3,
        3
    ],
    "scene": 2
}