{
    "centers": [
        [
            -2.922135024899939,
            4.33751188274883,
            -0.20859214554847055
        ],
        [
            5.634132400504795,
            -2.851413563025746,
            -0.25262811305858535
        ],
        [
            3.488234469966658,
            9.414957246058066,
            -0.27187420542276786
        ],
        [
            8.978793213138939,
            -3.572553051735814,
            -0.1687132721239608
        ],
        [
            0.5933778793223272,
            6.991879470227758,
            -0.40678402922229323
        ]
    ],
    "nodes": [
        1,
        1,
        3,
        3,
        3
    ],
    "scene": 2
}