{
    "centers": [
        [
            8.021217651511169,
            5.739370607666318,
            -0.3275580738018621
        ],
        [
            6.004606433493166,
            -8.20528889466308,
            -0.38348087360507377
        ],
        [
            0.9065811235989933,
            -3.505216107818592,
            -0.24328941515831953
        ],
        [
            2.8074563678417785,
            3.457964452888561,
            -0.38522133847350565
        ],
        [
            -8.99855051481666,
            0.2660411200769204,
            -0.4891972339540651
        ],
        [
            -2.655367754922797,
            -9.00311940616961,
            -0.19574032875428493
        ]
    ],
    "nodes": [
        1,
        1,
        3,
        3,
        3,
        3
    ],
    "scene": 2
}