{
    "centers": [
        [
            -3.7096533951222854,
            6.168592953961095,
            -0.3334133224460659
        ],
        [
            4.468477852114702,
            -2.9106881232389643,
            -0.4299739835859947
        ],
        [
            -9.431169317643949,
            8.319695633950463,
            -0.4912970558002825
        ],
        [
            2.6061142326495084,
            9.989443105990716,
            -0.3328256107230121
        ],
        [
            9.178138154690522,
            -5.762539218966265,
            -0.29767479238760863
        ]
    ],
    "nodes": [
        1,
        1,
        3,
        3,
        3
    ],
    "scene": 2
}