{
    "centers": [
        [
            3.680888258931782,
            0.47327720169424836,
            -0.3780860742772753
        ],
        [
            1.4879985631344326,
            -2.032449856182536,
            -0.48019457796507814
        ],
        [
            -0.6253573940590407,
            6.643049034019274,
            -0.4079782384381621
        ],
        [
            -4.2410752809391035,
            8.261118552195406,
            -0.20675612444162622
        ],
        [
            6.5711122710898096,
            -7.550640000421591,
            -0.4622124929417782
        ]
    ],
    "nodes": [
        1,
        3,
        3,
        3,
        3
    ],
    "scene": 2
}