{
    "centers": [
        [
            -0.3279724210863577,
            -1.3441083959460887,
            -0.12039182555193662
        ],
        [
            6.133313508910952,
            -9.302125836744947,
            -0.3881838525607783
        ],
        [
            -8.357652070022176,
            -3.2974251583917287,
            -0.21821551466528516
        ]
    ],
    "nodes": [
        3,
        3,
        3
    ],
    "scene": 0
}