{
    "centers": [
        [
            0.4646605219025357,
            -9.28508140902254,
            -0.23194598988331344
        ],
        [
            -0.9680910705887094,
            -7.801219161777933,
            -0.2223611042743006
        ],
        [
            -3.316445200146396,
            4.50001785990988,
            -0.37206991214636165
        ],
        [
            9.263716757738553,
            1.1149201394817965,
            -0.20417353209479727
        ]
    ],
    "nodes": [
        3,
        3,
        3,
        3
    ],
    "scene": 0
}