{
    "centers": [
        [
            -0.9928158371845281,
            3.293431698186904,
            -0.3562242217392688
        ],
        [
            -0.11214389603838626,
            0.7736670471369518,
            -0.3226181639806667
        ],
        [
            -6.246236090917938,
            -9.304401525586483,
            -0.3606038409372484
        ],
        [
            -9.105670251697193,
            1.4422771841704538,
            -0.31497986381838444
        ]
    ],
    "nodes": [
        3,
        3,
        3,
        3
    ],
    "scene": 0
}