{
    "centers": [
        [
            9.861132771599436,
            4.619409605359317,
            -0.34774723310001787
        ],
        [
            8.659590516083068,
            -7.532427554335317,
            -0.2982472940804076
        ],
        [
            -3.546352425873174,
            -8.988571057753703,
            -0.45109119561820515
        ]
    ],
    "nodes": [
        3,
        3,
        3
    ],
    "scene": 0
}