{
    "centers": [
        [
            -5.0304308201999355,
            -7.845082473971592,
            -0.352991081041788
        ],
        [
            -0.22369893034935906,
            -3.7207955494100453,
            -0.25393905120657156
        ],
        [
            -2.6785456252291517,
            -0.9716278199167192,
            -0.17300329240063084
        ]
    ],
    "nodes": [
        3,
        3,
        3
    ],
    "scene": 0
}