{
    "centers": [
        [
            8.993424391997507,
            -9.661711093180472,
            -0.47566787868920263
        ],
        [
            3.4636116629606946,
            5.931635712960251,
            -0.3563653179411474
        ],
        [
            6.714336509158912,
            -3.734803447798849,
            -0.19801019600250275
        ],
        [
            -5.247638572936484,
            8.627023852974535,
            -0.4487616954045675
        ],
        [
            -2.7050916440862434,
            -7.3347317210187235,
            -0.47098453681325636
        ],
        [
            5.74444473613327,
            1.3452878222277391,
            -0.3490593468255498
        ],
        [
            -7.905935526411829,
            -0.39590725380857883,
            -0.364777365766528
        ],
        [
            -0.3720561531238431,
            -2.0096692377847063,
            -0.39441280870810547
        ],
        [
            -9.14396472286479,
            9.284461627608401,
            -0.26693101565647237
        ],
        [
            -3.7275605546265016,
            3.3445073164243855,
            -0.41150666442554135
        ]
    ],
    "nodes": [
        1,
        3,
        3,
        3,
        3,
        3,
        3,
        3,
        3,
        3
    ],
    "scene": 3
}