{
    "centers": [
        [
            -6.997558499061451,
            -3.0002607954817613,
            -0.13026098819846665
        ],
        [
            -9.112944874864809,
            3.1606528853626408,
            -0.23668284710986082
        ],
        [
            3.8988343265414827,
            -0.9581788798094628,
            -0.4023296727004756
        ],
        [
            3.0985044219794204,
            6.759379742344841,
            -0.11865815479494013
        ],
        [
            4.621874619449509,
            -5.731216895851434,
            -0.1390562902316823
        ]
    ],
    "nodes": [
        1,
        3,
        3,
        3,
        3
    ],
    "scene": 3
}