{
    "centers": [
        [
            -0.018726181665542185,
            0.8409788094492665,
            -0.30813271297478706
        ],
        [
            8.367297355046212,
            -4.125680667232801,
            -0.18890721676176958
        ],
        [
            -3.365006585762618,
            0.007435791254435387,
            -0.1709721421054462
        ],
        [
            3.249161461770102,
            -9.590848252286612,
            -0.13191743210234813
        ],
        [
            -2.1013548549678607,
            -6.647409270688089,
            -0.4337607859081655
        ]
    ],
    "nodes": [
        3,
        3,
        3,
        3,
        3
    ],
    "scene": 0
}