{
    "centers": [
        [
            0.49147615573559733,
            -2.162597418521428,
            -0.42685563930732806
        ],
        [
            3.519813993659046,
            4.826539013537381,
            -0.2292625308496723
        ],
        [
            7.2583781609494125,
            0.44131501131261786,
            -0.3232310802741065
        ],
        [
            4.318336976490853,
            -9.277311155858275,
            -0.1189100826317836
        ]
    ],
    "nodes": [
        3,
        3,
        3,
        3
    ],
    "scene": 0
}