{
    "centers": [
        [
            9.489859179935014,
            -1.549894310931446,
            -0.2047274017868283
        ],
        [
            -5.8193940033622855,
            5.472483768324876,
            -0.43719099085794516
        ],
        [
            -0.4011506893916774,
            1.450391616562845,
            -0.48744777401919037
        ],
        [
            -2.3507198741398376,
            -2.6962981843600335,
            -0.3495596798276306
        ],
        [
            -6.872483774382168,
            -7.451269633063832,
            -0.31432599749846246
        ]
    ],
    "nodes": [
        3,
        3,
        3,
        3,
        3
    ],
    "scene": 0
}