{
    "centers": [
        [
            4.768056244346585,
            -0.6226232694998615,
            -0.43873128913459075
        ],
        [
            6.352646920185062,
            -4.046859002737255,
            -0.3843666109875909
        ],
        [
            -1.7307661587789838,
            -6.456658061510034,
            -0.2005795692535413
        ],
        [
            7.865348179627738,
            7.9923092129967195,
            -0.25776542765762417
        ]
    ],
    "nodes": [
        3,
        3,
        3,
        3
    ],
    "scene": 0
}