{
    "centers": [
        [
            2.364547053573311,
            -6.650836072970252,
            -0.27048918261184374
        ],
        [
            -2.839645759725915,
            -2.9223354240061594,
            -0.1736986925079984
        ],
        [
            -5.726583486517274,
            -9.552907335469667,
            -0.2858841662939024
        ]
    ],
    "nodes": [
        0,
        0,
        3
    ],
    "scene": 4
}