{
    "centers": [
        [
            -6.549668320178068,
            -3.57183876627976,
            -0.44751818814541877
        ],
        [
            8.153414532273242,
            9.261247263052425,
            -0.1140173850855537
        ],
        [
            9.105920036497551,
            3.3160461321534562,
            -0.17860298767729166
        ],
        [
            -2.3144890337181128,
            -1.3749416966241554,
            -0.4964191862745333
        ],
        [
            -4.527874997967453,
            -8.336701668518035,
            -0.29333949221509203
        ]
    ],
    "nodes": [
        0,
        3,
        3,
        3,
        3
    ],
    "scene": 4
}