{
    "centers": [
        [
            8.457053520956428,
            8.310778520994383,
            -0.39653637923239976
        ],
        [
            -3.981875414778857,
            2.6481329652990375,
            -0.16154665130838675
        ],
        [
            -8.352702178105336,
            9.531747450273585,
            -0.14841672451814658
        ],
        [
            6.529854039756454,
            -7.564939282272292,
            -0.31532352125311025
        ],
        [
            5.123183832328737,
            0.25006800274416996,
            -0.24311359326550475
        ]
    ],
    "nodes": [
        0,
        0,
        3,
        3,
        3
    ],
    "scene": 4
}