{
    "centers": [
        [
            5.47596398015618,
            -1.2971414529392007,
            -0.20001404830771535
        ],
        [
            -8.312692146337902,
            1.984271705208922,
            -0.1799578451216834
        ],
        [
            9.548885243374535,
            4.706605398632703,
            -0.3896440188573784
        ],
        [
            -2.762297254814765,
            -3.478140891236081,
            -0.14880249649376975
        ],
        [
            -4.082721636550235,
            3.8101659315147636,
            -0.13829735753730732
        ]
    ],
    "nodes": [
        3,
        3,
        3,
        3,
        3
    ],
    "scene": 0
}