{
    "centers": [
        [
            -3.4584108702802823,
            2.818845512363426,
            -0.4869565203028541
        ],
        [
            -0.28188106800736357,
            -9.597635078005947,
            -0.26142397453348887
        ],
        [
            -1.2823086915793187,
            8.507148758485673,
            -0.494040744622744
        ]
    ],
    "nodes": [
        3,
        3,
        3
    ],
    "scene": 0
}