{
    "centers": [
        [
            -6.059921614158446,
            -8.622670341672373,
            -0.14764151530287417
        ],
        [
            1.763681690834284,
            -1.4017685360692784,
            -0.4166589603314493
        ],
        [
            -7.969603422572411,
            -4.037206080827032,
            -0.2897470897530835
        ],
        [
            5.98930208332048,
            5.397715740003434,
            -0.11904901819521918
        ],
        [
            8.317825158478616,
            -6.322024762967658,
            -0.32743262059879397
        ]
    ],
    "nodes": [
        3,
        3,
        3,
        3,
        3
    ],
    "scene": 0
}