{
    "centers": [
        [
            4.281516307709456,
            4.5960964217401,
            -0.38039583676477823
        ],
        [
            -3.1051931002275808,
            -4.882782432199022,
            -0.36383186709670556
        ],
        [
            -6.838658906510249,
            -7.643915565904578,
            -0.44460294393889577
        ],
        [
            -5.481026756344358,
            5.8481461837187325,
            -0.19337214701677446
        ]
    ],
    "nodes": [
        3,
        3,
        3,
        3
    ],
    "scene": 0
}