{
    "centers": [
        [
            8.083545060086252,
            -8.170684856229727,
            -0.16069684611255086
        ],
        [
            -1.6864735337083108,
            -6.7978715209679414,
            -0.2995220797160558
        ],
        [
            -5.938367484571931,
            5.4685804942226675,
            -0.1860307760244877
        ],
        [
            8.889168973776695,
            -2.613893463191106,
            -0.2827290452855943
        ]
    ],
    "nodes": [
        0,
        3,
        3,
        3
    ],
    "scene": 4
}