{
    "centers": [
        [
            -2.4687532848832543,
            -6.867767715162765,
            -0.4077959625733494
        ],
        [
            -9.380906627271946,
            9.421113732904402,
            -0.1955686195966022
        ],
        [
            4.30776594801481,
            4.625685341632181,
            -0.4278585757987023
        ]
    ],
    "nodes": [
        0,
        0,
        3
    ],
    "scene": 4
}