{
    "centers": [
        [
            -8.347720516577803,
            0.7256805537179218,
            -0.18307417652067703
        ]
    ],
    "nodes": [
        2
    ],
    "scene": 5
}