{
    "centers": [
        [
            9.733065412016,
            5.264116862658799,
            -0.17678850522352774
        ],
        [
            3.551496914260099,
            6.915077538726674,
            -0.11394621217626005
        ],
        [
            -5.338878671467131,
            -0.42822459456339246,
            -0.17585188035364258
        ],
        [
            -6.419097206075904,
            2.0908678534241574,
            -0.3456365129822946
        ],
        [
            -2.655417424931745,
            -4.879440414552356,
            -0.27966797102208923
        ]
    ],
    "nodes": [
        1,
        2,
        3,
        3,
        3
    ],
    "scene": 5
}