{
    "centers": [
        [
            7.600665769280411,
            -2.9294311205926267,
            -0.39797924353008124
        ],
        [
            -9.526509483104856,
            7.542086744920184,
            -0.32787314926209205
        ],
        [
            2.831997626840632,
            -5.008355691730482,
            -0.4561919636639435
        ],
        [
            0.6985195808617011,
            -8.384131203157501,
            -0.49860048449070943
        ],
        [
            -1.6467787706397843,
            5.445135374040493,
            -0.33921425318552934
        ],
        [
            -5.684795449973841,
            -0.8824732812163312,
            -0.17359114635616885
        ],
        [
            5.5827280472512,
            -7.547750595211999,
            -0.3536019679721121
        ]
    ],
    "nodes": [
        2,
        2,
        2,
        3,
        3,
        3,
        3
    ],
    "scene": 5
}