{
    "centers": [
        [
            -3.1383357976726733,
            9.988600709702958,
            -0.14206978936784187
        ],
        [
            5.128575083100053,
            1.4636119680345878,
            -0.4016417044501793
        ],
        [
            4.472609883086191,
            -4.3968686086488145,
            -0.4908232616573063
        ],
        [
            -1.8724208294086235,
            -6.154641919210267,
            -0.37928377115435485
        ],
        [
            -5.089681991878276,
            -0.17242939916428313,
            -0.18817869476055388
        ]
    ],
    "nodes": [
        1,
        2,
        2,
        3,
        3
    ],
    "scene": 5
}