{
    "centers": [
        [
            0.16872961816707743,
            -4.040870284092888,
            -0.49670589473727966
        ],
        [
            -5.253525762859299,
            -6.241656613006099,
            -0.4982330873288703
        ],
        [
            -7.549465442086074,
            4.054507996729242,
            -0.32593346192495665
        ],
        [
            -6.8319020232674195,
            1.8940372445030462,
            -0.31303783703444465
        ]
    ],
    "nodes": [
        2,
        2,
        2,
        3
    ],
    "scene": 5
}