{
    "centers": [
        [
            3.0779480013290375,
            5.4166136219576515,
            -0.38891435307886313
        ],
        [
            -5.87995861938168,
            9.904956186186894,
            -0.38097093333444315
        ],
        [
            -9.573121379276625,
            -3.249703733900928,
            -0.29269390532939665
        ],
        [
            7.359166673824522,
            -6.316788557946687,
            -0.45440739788608464
        ],
        [
            5.2987513664521995,
            -3.997847911042564,
            -0.1698608875995019
        ],
        [
            -4.775296745037084,
            4.214157604773426,
            -0.4425727638298636
        ]
    ],
    "nodes": [
        1,
        2,
        3,
        3,
        3,
        3
    ],
    "scene": 5
}