{
    "centers": [
        [
            -9.000890642103414,
            -7.859423912333449,
            -0.2836663716600027
        ],
        [
            8.976807194451922,
            -4.042812944462111,
            -0.47468588229043357
        ],
        [
            9.954350347422228,
            -0.5602632411685864,
            -0.41242264661310923
        ],
        [
            1.1431321656489875,
            -6.667789349685811,
            -0.20460324618276388
        ],
        [
            6.42066372684144,
            8.788163018203704,
            -0.23484208574786947
        ],
        [
            -0.20456574782519432,
            1.8880301241485888,
            -0.4076542297969469
        ]
    ],
    "nodes": [
        1,
        2,
        2,
        2,
        3,
        3
    ],
    "scene": 5
}