{
    "centers": [
        [
            7.67775687738229,
            2.042575694679755,
            -0.4970219687436107
        ],
        [
            -9.10770541116907,
            -4.289475884424769,
            -0.18151367368374205
        ],
        [
            9.459657298278387,
            7.048629076001408,
            -0.3833905981634425
        ],
        [
            5.58329095851316,
            1.0874534438080907,
            -0.1419731091421244
        ],
        [
            -0.9157514034921483,
            -8.233147803767768,
            -0.3707811022818921
        ],
        [
            -7.49387950028515,
            0.1503643592014985,
            -0.4332434929393086
        ]
    ],
    "nodes": [
        1,
        2,
        3,
        3,
        3,
        3
    ],
    "scene": 5
}