{
    "centers": [
        [
            -0.5605648140800525,
            5.318238746258295,
            -0.25869247316303795
        ],
        [
            -5.806523517962767,
            -6.662461032364206,
            -0.12045828029174
        ],
        [
            -9.547062436962946,
            -1.7857001848871157,
            -0.2080374087789833
        ],
        [
            7.7025302661686865,
            2.6346019780795533,
            -0.42579569376118204
        ],
        [
            -1.3388412040482258,
            3.2703775225477187,
            -0.49624109827621465
        ],
        [
            0.07202018258051446,
            0.9379260105174438,
            -0.48881121579722564
        ]
    ],
    "nodes": [
        2,
        2,
        2,
        3,
        3,
        3
    ],
    "scene": 5
}