{
    "centers": [
        [
            -4.38962892070712,
            -3.395845203660439,
            -0.1584273583492246
        ],
        [
            2.698742276663989,
            -7.831726930309342,
            -0.43807443429453874
        ]
    ],
    "nodes": [
        2,
        2
    ],
    "scene": 5
}