{
    "centers": [
        [
            -3.0238621467492095,
            -7.898004508230199,
            -0.4870728266437116
        ],
        [
            7.955095649694158,
            -5.794605627982357,
            -0.11238301868848505
        ],
        [
            -4.235508877930306,
            0.25659746576890363,
            -0.23125565816081717
        ],
        [
            -9.035889653969955,
            5.220606719529465,
            -0.34219760441947156
        ],
        [
            -0.7209484854326664,
            9.173021965897181,
            -0.41566774336690643
        ]
    ],
    "nodes": [
        2,
        2,
        3,
        3,
        3
    ],
    "scene": 5
}