{
    "centers": [
        [
            -5.673046851174204,
            -2.094884258722103,
            -0.39140338209886416
        ]
    ],
    "nodes": [
        2
    ],
    "scene": 5
}