{
    "centers": [
        [
            -7.65084505793739,
            -7.773780563242663,
            -0.13220628796534234
        ],
        [
            2.851346821285599,
            9.615581105355012,
            -0.290951211628228
        ],
        [
            4.788218682708811,
            -3.60847883509273,
            -0.4567223442613173
        ]
    ],
    "nodes": [
        2,
        2,
        2
    ],
    "scene": 5
}