{
    "centers": [
        [
            1.3917779363250382,
            -7.325651879513712,
            -0.2670560970420052
        ],
        [
            -8.617883703613101,
            -4.971173052119795,
            -0.4100985460068125
        ],
        [
            -6.924948364097368,
            1.5833082190302825,
            -0.21660305003719377
        ],
        [
            -2.806887066848489,
            -2.1368162187525837,
            -0.1795468071638111
        ]
    ],
    "nodes": [
        1,
        2,
        2,
        3
    ],
    "scene": 5
}