{
    "centers": [
        [
            7.123993125712154,
            3.9995801134916142,
            -0.47773814904883893
        ],
        [
            5.664748032789017,
            -8.747979907647217,
            -0.2376834749730683
        ],
        [
            2.673996141859975,
            -9.72879829094289,
            -0.42119425075297323
        ],
        [
            -5.2933085029228195,
            -2.415439491318974,
            -0.43687881882090385
        ]
    ],
    "nodes": [
        2,
        3,
        3,
        3
    ],
    "scene": 5
}