{
    "centers": [
        [
            -5.788533341013824,
            -1.4255360839864935,
            -0.13794220829750214
        ],
        [
            -3.52632275345133,
            -6.45234464571603,
            -0.4055083746128958
        ],
        [
            0.2315472238162659,
            5.084894111015238,
            -0.2924919059087777
        ],
        [
            -6.645709584676533,
            9.298131346556207,
            -0.4527229263804276
        ],
        [
            -0.7999687458541089,
            4.223008800238105,
            -0.3355606296870911
        ]
    ],
    "nodes": [
        2,
        3,
        3,
        3,
        3
    ],
    "scene": 5
}