{
    "centers": [
        [
            7.587657895942602,
            4.522633449993492,
            -0.20067634665216694
        ],
        [
            5.029487103384909,
            -4.027555610731426,
            -0.13159903391456862
        ],
        [
            -3.726173542676343,
            7.066476859396069,
            -0.35537652304013545
        ],
        [
            9.937976756158886,
            8.416318652949847,
            -0.11629701842767565
        ]
    ],
    "nodes": [
        1,
        2,
        2,
        3
    ],
    "scene": 5
}