{
    "centers": [
        [
            9.815095061961301,
            -0.511059646138289,
            -0.1269836843533549
        ],
        [
            9.166236045377183,
            8.963144466219067,
            -0.16813316425166225
        ],
        [
            2.679211661888651,
            -4.8563915920684035,
            -0.32014443215578225
        ],
        [
            0.1960591832273284,
            5.1435210298976575,
            -0.18017167402196188
        ],
        [
            -2.6937669935580955,
            -9.776050330179764,
            -0.32020437774725247
        ],
        [
            -5.254493319191386,
            1.7272974567507227,
            -0.37260504609318046
        ]
    ],
    "nodes": [
        2,
        2,
        2,
        3,
        3,
        3
    ],
    "scene": 5
}