{
    "centers": [
        [
            4.188831170714007,
            0.6153480555497222,
            -0.47676892747454946
        ],
        [
            5.47529366028739,
            2.7813856778628328,
            -0.16100875132449805
        ],
        [
            7.779750041703711,
            -0.46215638757244193,
            -0.12236639740408961
        ]
    ],
    "nodes": [
        2,
        3,
        3
    ],
    "scene": 5
}