{
    "centers": [
        [
            -6.04324792571902,
            -2.4295866226392038,
            -0.4406774704698385
        ],
        [
            8.435606544124589,
            0.45154089511357043,
            -0.16728492345597534
        ],
        [
            9.243886652055071,
            9.188837618381864,
            -0.15228916999427733
        ],
        [
            4.044823078738318,
            -9.932360819099424,
            -0.46683303964292405
        ],
        [
            -3.2007096952311436,
            7.032505993750675,
            -0.12702557985109642
        ]
    ],
    "nodes": [
        2,
        2,
        3,
        3,
        3
    ],
    "scene": 5
}