{
    "centers": [
        [
            -6.447928352200081,
            4.8286434610604445,
            -0.46075236699215305
        ],
        [
            9.250861520553606,
            7.528745278021891,
            -0.2972266929146149
        ]
    ],
    "nodes": [
        2,
        3
    ],
    "scene": 5
}