{
    "centers": [
        [
            -8.849329499194443,
            -0.4688665940566352,
            -0.18249629035533715
        ],
        [
            -1.6554707434394054,
            8.929443799620735,
            -0.12765772857250152
        ]
    ],
    "nodes": [
        2,
        2
    ],
    "scene": 5
}