{
    "centers": [
        [
            9.523376127126507,
            4.439713760268557,
            -0.1917950721329773
        ],
        [
            -9.418285291697423,
            6.742130025758854,
            -0.23718270948273507
        ],
        [
            -7.2841847344525235,
            -1.7296764075692206,
            -0.36557916467827656
        ],
        [
            -5.860142122610572,
            -4.7297477920883395,
            -0.3556113919658498
        ],
        [
            5.288671608597577,
            0.297414868674327,
            -0.11930385603928517
        ]
    ],
    "nodes": [
        1,
        2,
        3,
        3,
        3
    ],
    "scene": 5
}