{
    "centers": [
        [
            -2.0832294608959856,
            7.383002114162803,
            -0.45018281575429164
        ],
        [
            -3.1905944414413723,
            -3.4625901257508556,
            -0.46837310909118635
        ],
        [
            -6.120397562933137,
            -1.8131899831491225,
            -0.20083930933194272
        ],
        [
            6.2775742940974375,
            6.209561506029029,
            -0.45612707091296656
        ],
        [
            5.10969054585723,
            -9.19029721493354,
            -0.10563561963424517
        ],
        [
            9.501289274269578,
            -7.743139709003508,
            -0.17596055813776124
        ]
    ],
    "nodes": [
        2,
        2,
        2,
        3,
        3,
        3
    ],
    "scene": 5
}