{
    "centers": [
        [
            -5.51720301900694,
            -3.986666781416952,
            -0.19364544529310557
        ],
        [
            5.877720443127883,
            7.158651744235666,
            -0.3760132534448702
        ],
        [
            0.4502718446459859,
            -7.434342609925613,
            -0.38950462739299424
        ],
        [
            -7.494029064416128,
            -5.065070493481649,
            -0.2831054249060294
        ],
        [
            -9.182180754229549,
            3.4585873252750865,
            -0.31181448340470885
        ],
        [
            4.5198792770696095,
            -1.1135908701204507,
            -0.17290038556278592
        ]
    ],
    "nodes": [
        1,
        2,
        3,
        3,
        3,
        3
    ],
    "scene": 5
}