{
    "centers": [
        [
            2.472133672017714,
            5.411054617084023,
            -0.11021559090883365
        ],
        [
            5.91659697173178,
            -1.2935852813524544,
            -0.32166913966630417
        ],
        [
            -8.901822342115198,
            3.6539445189092916,
            -0.11045734729221457
        ],
        [
            -8.087987748271637,
            6.733990119803387,
            -0.24281729409438885
        ]
    ],
    "nodes": [
        1,
        2,
        2,
        3
    ],
    "scene": 5
}