{
    "centers": [
        [
            -3.0098600562306954,
            7.9312229144681545,
            -0.4992117704610112
        ],
        [
            2.6332701146432296,
            -2.0438794117331245,
            -0.46124718290251526
        ],
        [
            8.504409620727532,
            -3.895141202264658,
            -0.2076082058181828
        ],
        [
            -7.0966511938369266,
            0.42640831843885785,
            -0.46385498879680154
        ],
        [
            1.0171772338317133,
            -8.385765661846316,
            -0.369833428979359
        ],
        [
            -1.3980740813867936,
            3.476722876055465,
            -0.12683396663994206
        ],
        [
            -5.0965674166574075,
            9.918031430882426,
            -0.2688062302319607
        ],
        [
            -9.318171250462154,
            4.778291120891653,
            -0.44184931289230367
        ]
    ],
    "nodes": [
        1,
        2,
        2,
        2,
        3,
        3,
        3,
        3
    ],
    "scene": 5
}