{
    "centers": [
        [
            2.279565142203932,
            -3.6501003261546856,
            -0.33498430271347396
        ],
        [
            9.149042393609783,
            5.218033779789915,
            -0.49946735171739826
        ],
        [
            -6.579561984816156,
            1.4891060506210003,
            -0.18239775324038443
        ],
        [
            -5.493729897249871,
            8.124976990338318,
            -0.15180585891258086
        ],
        [
            0.3217633702639766,
            -6.200687708404997,
            -0.3795601453710116
        ]
    ],
    "nodes": [
        2,
        3,
        3,
        3,
        3
    ],
    "scene": 5
}