{
    "centers": [
        [
            2.1341307027078393,
            6.211003664262087,
            -0.1260220498852569
        ],
        [
            -6.0711074546163974,
            8.327066108890271,
            -0.114777771826993
        ],
        [
            -8.603943271696506,
            3.6828568009244265,
            -0.22172066868054252
        ],
        [
            -9.92146106370952,
            -6.740250745201106,
            -0.37616755664374046
        ],
        [
            3.3911187479601157,
            -5.446555632590748,
            -0.3626940386660511
        ],
        [
            -6.975286932221554,
            -4.4309908028311735,
            -0.14344563863572174
        ]
    ],
    "nodes": [
        1,
        2,
        2,
        2,
        3,
        3
    ],
    "scene": 5
}