{
    "centers": [
        [
            1.5751786611862642,
            -0.02095782807126234,
            -0.33343918708201725
        ],
        [
            8.635633703732239,
            -8.168765823386757,
            -0.25321318082080063
        ],
        [
            -4.982289042574585,
            2.544168645945959,
            -0.17436133627409234
        ],
        [
            -7.068728821619845,
            -4.961184859857022,
            -0.47588680470990175
        ],
        [
            4.101074068478654,
            4.10135906213576,
            -0.25597126296296596
        ],
        [
            -2.6482584045286277,
            8.75647996231233,
            -0.3892616937939265
        ],
        [
            7.079259501337528,
            -2.7639287463226943,
            -0.10258860424926808
        ]
    ],
    "nodes": [
        2,
        2,
        2,
        3,
        3,
        3,
        3
    ],
    "scene": 5
}