{
    "centers": [
        [
            6.930942291494141,
            0.6697087789316001,
            -0.10028366696201996
        ],
        [
            5.821961713993948,
            -4.208538138062381,
            -0.4545756429150014
        ],
        [
            -6.1421892565118075,
            -5.208804961545155,
            -0.15031607818405873
        ]
    ],
    "nodes": [
        3,
        3,
        4
    ],
    "scene": 6
}