{
    "centers": [
        [
            -2.464486542532587,
            6.392895818999268,
            -0.4596127622701469
        ],
        [
            9.679157507378775,
            -9.107923496109665,
            -0.2239172030035937
        ],
        [
            1.1145020474078073,
            -6.553497981615388,
            -0.3368136476587412
        ],
        [
            -8.780792452202954,
            -0.8155674637244932,
            -0.4573912569447029
        ],
        [
            0.3204254837831151,
            -4.086702631798509,
            -0.2268486217518902
        ]
    ],
    "nodes": [
        3,
        3,
        3,
        3,
        4
    ],
    "scene": 6
}