{
    "centers": [
        [
            8.044064163530674,
            1.699044971601305,
            -0.24212463595453632
        ],
        [
            -1.5535508412252792,
            0.42230308125334837,
            -0.2399095122047858
        ],
        [
            1.594236668781404,
            4.7536835509645865,
            -0.39499374559302286
        ],
        [
            -2.7860927145568937,
            4.086428033145346,
            -0.20447374588549366
        ],
        [
            9.83869923775815,
            -7.132283501140428,
            -0.4528246221502573
        ]
    ],
    "nodes": [
        2,
        3,
        3,
        4,
        4
    ],
    "scene": 6
}