{
    "centers": [
        [
            -2.5516877306748142,
            -6.047992471249706,
            -0.34988014236724874
        ],
        [
            7.441972124896612,
            0.9769750926693952,
            -0.20994427616047268
        ],
        [
            5.901712075206849,
            -9.5257614751648,
            -0.4540605358640325
        ],
        [
            -1.4247616318110587,
            3.4889170553971365,
            -0.27167098116062915
        ]
    ],
    "nodes": [
        2,
        3,
        3,
        4
    ],
    "scene": 6
}