{
    "centers": [
        [
            4.159227744363719,
            7.588846851781344,
            -0.43254136660429565
        ],
        [
            8.023981913001993,
            -8.816542558741327,
            -0.4341687759562873
        ],
        [
            -4.87211829915815,
            2.972262212223548,
            -0.35177224123664086
        ],
        [
            -2.289597315799643,
            -3.7826548734748684,
            -0.4829197862331289
        ]
    ],
    "nodes": [
        2,
        3,
        3,
        4
    ],
    "scene": 6
}