{
    "centers": [
        [
            -8.040597926578519,
            -4.963408517883097,
            -0.2528070934796459
        ],
        [
            0.12545038021011656,
            2.5633946855414926,
            -0.4981235352546104
        ],
        [
            -2.610604029417578,
            -1.0769772307044416,
            -0.2127185603774313
        ],
        [
            4.204512770913793,
            -7.968260785050639,
            -0.4945041567949328
        ],
        [
            1.0649707835337203,
            6.441829459434636,
            -0.47004692150598854
        ]
    ],
    "nodes": [
        2,
        3,
        3,
        3,
        4
    ],
    "scene": 6
}