{
    "centers": [
        [
            -6.671493817831385,
            5.706865267677655,
            -0.36794504838304876
        ],
        [
            -1.6935747513701074,
            2.8301765164365875,
            -0.49193008052036324
        ],
        [
            2.4938998192713324,
            -8.99712535625782,
            -0.15370559617033908
        ],
        [
            6.223765751470257,
            0.6786337297444796,
            -0.3378314785899934
        ]
    ],
    "nodes": [
        3,
        3,
        3,
        4
    ],
    "scene": 6
}