{
    "centers": [
        [
            -9.599458396221657,
            9.708700768349821,
            -0.38991837003064805
        ],
        [
            0.20873383837390058,
            0.08874670906105564,
            -0.20819214084912113
        ],
        [
            5.225709638006347,
            3.951104455464847,
            -0.14773501309974796
        ],
        [
            9.245987663250688,
            5.224718399334577,
            -0.42100140075095727
        ]
    ],
    "nodes": [
        3,
        3,
        4,
        4
    ],
    "scene": 6
}