{
    "centers": [
        [
            -0.7022357539150565,
            -3.0940166121591535,
            -0.49851382596144445
        ],
        [
            -7.1976985681121475,
            2.9779377601990653,
            -0.4070478546963092
        ],
        [
            -5.172746513241247,
            -1.9619722416110932,
            -0.38336942556744064
        ],
        [
            8.615714813771909,
            3.642848673186476,
            -0.19582251282322244
        ],
        [
            3.9980251053976534,
            -6.805674742098269,
            -0.2549100056715561
        ]
    ],
    "nodes": [
        3,
        3,
        3,
        4,
        4
    ],
    "scene": 6
}