{
    "centers": [
        [
            -5.383124756936574,
            8.750077660173513,
            -0.13806388998407282
        ],
        [
            9.90098349954814,
            0.2993603916450116,
            -0.2494287391578059
        ],
        [
            -0.23366434432516314,
            1.0705334218741989,
            -0.32512782137049534
        ]
    ],
    "nodes": [
        3,
        3,
        4
    ],
    "scene": 6
}