{
    "centers": [
        [
            1.4102550184892273,
            -9.66799602990551,
            -0.42244441516007974
        ],
        [
            4.255362025628781,
            3.718096550981535,
            -0.4196741493319823
        ],
        [
            -9.361209608811867,
            -1.174289191083222,
            -0.24880525375636814
        ],
        [
            5.79414395153951,
            0.8061763759304892,
            -0.3583347534030481
        ],
        [
            0.17452649825654376,
            6.551592475243812,
            -0.3177882413839838
        ],
        [
            3.5408471974979925,
            -2.884084462996473,
            -0.14474850053786836
        ]
    ],
    "nodes": [
        2,
        3,
        3,
        3,
        3,
        4
    ],
    "scene": 6
}