{
    "centers": [
        [
            9.308338537380855,
            -9.370716317540882,
            -0.17765095412931564
        ],
        [
            -5.784088035694149,
            7.135423875783527,
            -0.33335721255232487
        ],
        [
            -3.615424711836905,
            -6.827878354212313,
            -0.3382026917462696
        ],
        [
            3.613131430536445,
            -1.4995877946607905,
            -0.4970568501926275
        ],
        [
            4.818422762470922,
            -0.15146751821722404,
            -0.278164029421227
        ]
    ],
    "nodes": [
        2,
        3,
        3,
        4,
        4
    ],
    "scene": 6
}