{
    "centers": [
        [
            2.851827627248271,
            -6.554402910934796,
            -0.2063283757603936
        ],
        [
            8.750727995751564,
            3.3297822242772703,
            -0.13387106578272484
        ],
        [
            -1.1291244677017431,
            -5.1140602288296595,
            -0.2261309584011511
        ],
        [
            -5.524161851721676,
            4.649776106664197,
            -0.4148666295789146
        ],
        [
            -9.99684935535627,
            -9.696711314694324,
            -0.38138048530644614
        ]
    ],
    "nodes": [
        3,
        3,
        3,
        4,
        4
    ],
    "scene": 6
}