{
    "centers": [
        [
            -7.581566503951245,
            -7.008945354895664,
            -0.2970272136456803
        ],
        [
            -3.87350120883762,
            7.610505639509213,
            -0.2318092977865705
        ],
        [
            -8.912825727484993,
            -9.6138616642594,
            -0.20816570591143235
        ],
        [
            8.47675935143922,
            -5.228685637922439,
            -0.34181720799412285
        ],
        [
            6.992109553507259,
            8.600511183702785,
            -0.3144149155006039
        ],
        [
            9.12803701739844,
            -1.3922357215010788,
            -0.3716899966956727
        ],
        [
            -9.968450597243127,
            -3.6475950959140153,
            -0.19340504325758934
        ]
    ],
    "nodes": [
        2,
        3,
        3,
        3,
        3,
        4,
        4
    ],
    "scene": 6
}