{
    "centers": [
        [
            -5.110589196248576,
            3.7987512685068996,
            -0.46002003230388455
        ],
        [
            -6.198589049751475,
            -9.32056453067496,
            -0.4860574075901273
        ],
        [
            -1.113372469350617,
            7.706168374702166,
            -0.23881073469470748
        ]
    ],
    "nodes": [
        3,
        3,
        4
    ],
    "scene": 6
}