{
    "centers": [
        [
            7.208135915490189,
            9.215484972438897,
            -0.49561516800535654
        ],
        [
            5.938100747463862,
            -1.9854204197325274,
            -0.1823510050975214
        ],
        [
            -6.32794345117415,
            -0.6323068209654714,
            -0.2648279181995825
        ],
        [
            -7.69980221311628,
            -3.443077642511647,
            -0.45541387465357613
        ],
        [
            -4.433395951719574,
            2.473853416673899,
            -0.22626358850170197
        ],
        [
            -1.4561821227527822,
            0.30811130434315714,
            -0.43789599426377734
        ]
    ],
    "nodes": [
        2,
        3,
        3,
        3,
        3,
        4
    ],
    "scene": 6
}