{
    "centers": [
        [
            8.874760009475601,
            -4.811001566839048,
            -0.4195778806068697
        ],
        [
            9.94115961687167,
            7.902216578518384,
            -0.30156390368654873
        ],
        [
            -5.700945526239078,
            4.121178686874977,
            -0.21396732945585
        ]
    ],
    "nodes": [
        3,
        3,
        4
    ],
    "scene": 6
}