{
    "centers": [
        [
            1.750016300062283,
            4.043668040889109,
            -0.24900417791956359
        ],
        [
            8.77415349281869,
            -2.970271207096018,
            -0.4112978659366898
        ],
        [
            -1.554285450401407,
            1.5335486686385842,
            -0.11102849888291244
        ],
        [
            -9.054301248261403,
            -5.725600520815835,
            -0.175831953786037
        ],
        [
            -9.88528216534662,
            0.22588416833810676,
            -0.3856457647097031
        ],
        [
            -8.255222800796407,
            9.818769372774177,
            -0.4054784626760786
        ],
        [
            -0.0590580088626691,
            -0.5531330591153498,
            -0.24859553103916682
        ]
    ],
    "nodes": [
        2,
        3,
        3,
        3,
        3,
        4,
        4
    ],
    "scene": 6
}