{
    "centers": [
        [
            -1.0620789240550277,
            6.815576136245085,
            -0.22359875188015882
        ],
        [
            1.4296125359708522,
            -4.875472443964195,
            -0.4683386740169359
        ],
        [
            -2.0928896908410177,
            -0.03503193052760878,
            -0.21363346240145248
        ],
        [
            -9.067128553240023,
            -9.983789941951697,
            -0.3205732153567836
        ]
    ],
    "nodes": [
        3,
        3,
        4,
        4
    ],
    "scene": 6
}