{
    "centers": [
        [
            8.200674938969389,
            8.614483096047401,
            -0.41529689825029914
        ],
        [
            0.1978421992797088,
            -0.1904071049863525,
            -0.4628374508321025
        ],
        [
            -4.26156509343397,
            2.0219468722455307,
            -0.22764819336213865
        ],
        [
            -3.5753622247318066,
            -9.480366564592222,
            -0.2792551383367358
        ]
    ],
    "nodes": [
        3,
        3,
        3,
        4
    ],
    "scene": 6
}