{
    "centers": [
        [
            2.4810502953060816,
            2.414694520731066,
            -0.3366272329423541
        ],
        [
            9.05412445288944,
            6.379423949661096,
            -0.45209651857602706
        ],
        [
            -9.678965144273965,
            -1.396971025831153,
            -0.20683827554010742
        ],
        [
            7.154500317869971,
            9.450525898548328,
            -0.3748399868846053
        ],
        [
            -5.664593397547042,
            8.84343214940587,
            -0.13160525557185543
        ]
    ],
    "nodes": [
        3,
        3,
        3,
        4,
        4
    ],
    "scene": 6
}