{
    "centers": [
        [
            9.514923041425668,
            -4.854332858792101,
            -0.4642059433056402
        ],
        [
            3.2068607342546684,
            1.081104502061926,
            -0.36194765076822477
        ],
        [
            6.2929910828687206,
            3.92132508013753,
            -0.34226718930873823
        ]
    ],
    "nodes": [
        3,
        3,
        4
    ],
    "scene": 6
}