{
    "centers": [
        [
            9.47155812396781,
            -0.24424564965182327,
            -0.2593964276671821
        ],
        [
            4.0270708092594365,
            -2.0237099329844987,
            -0.4797538219480836
        ],
        [
            -0.5943108610229473,
            -6.340799638911962,
            -0.26921538359682645
        ],
        [
            -5.2111529245906585,
            -7.803859934743754,
            -0.4551547781766932
        ]
    ],
    "nodes": [
        3,
        3,
        4,
        4
    ],
    "scene": 6
}