{
    "centers": [
        [
            5.299252224961963,
            5.112353773036514,
            -0.2557895745841005
        ],
        [
            -1.4282192050980669,
            9.102416438483889,
            -0.3165988100610775
        ],
        [
            6.334307223173951,
            9.86018446890348,
            -0.16545782808455445
        ],
        [
            -6.472613272367884,
            -5.309029009130253,
            -0.2090607372016
        ],
        [
            3.588939305074387,
            0.8666430075581211,
            -0.19296845901646043
        ]
    ],
    "nodes": [
        3,
        3,
        3,
        4,
        4
    ],
    "scene": 6
}