{
    "centers": [
        [
            2.15832861842496,
            3.6347335978898005,
            -0.43685345938050374
        ],
        [
            7.842551255626834,
            7.6448522393880864,
            -0.18169448251121023
        ],
        [
            1.3659102043803788,
            -7.616936747996199,
            -0.42379482892896014
        ],
        [
            -4.858629510011903,
            9.929517159238067,
            -0.26982719857456283
        ],
        [
            -3.844692242605971,
            -0.35993698194100254,
            -0.15559288705401036
        ]
    ],
    "nodes": [
        3,
        3,
        3,
        3,
        4
    ],
    "scene": 6
}