{
    "centers": [
        [
            2.3078595421215713,
            5.050713235889589,
            -0.4981257882955496
        ],
        [
            -0.6190533463508032,
            6.095662063761132,
            -0.2352525519303839
        ],
        [
            9.288598926526266,
            -7.765367985180207,
            -0.4969015779517664
        ],
        [
            1.4855223008490892,
            -5.604744625101487,
            -0.21292535673153445
        ],
        [
            -6.133538695514423,
            -4.876815275189146,
            -0.4646477505209939
        ],
        [
            -4.537404309813691,
            -0.9917682214735244,
            -0.23791948334704238
        ]
    ],
    "nodes": [
        2,
        3,
        3,
        3,
        3,
        4
    ],
    "scene": 6
}