{
    "centers": [
        [
            6.449752900092275,
            -1.6147764363367134,
            -0.41412711338845987
        ],
        [
            -5.090770690479529,
            -0.5325067349044446,
            -0.11970320241761334
        ],
        [
            -5.912468502693182,
            -8.987800921125116,
            -0.280956234838722
        ],
        [
            -2.999511570878348,
            4.22486223808418,
            -0.17272673315998494
        ],
        [
            1.7926949852746805,
            8.81384398053003,
            -0.3099457104899749
        ]
    ],
    "nodes": [
        2,
        3,
        3,
        4,
        4
    ],
    "scene": 6
}