{
    "centers": [
        [
            -1.3995033810167463,
            5.573679774008385,
            -0.14533784729351468
        ],
        [
            -7.643043070581279,
            3.8604490867393295,
            -0.30975649697844976
        ],
        [
            -3.3089683671945664,
            -2.254856038764899,
            -0.4897954909201524
        ],
        [
            5.424738315663614,
            9.23468009477164,
            -0.1447902259364663
        ],
        [
            7.86362990973419,
            1.752638290237309,
            -0.3576131175327104
        ]
    ],
    "nodes": [
        2,
        3,
        3,
        3,
        4
    ],
    "scene": 6
}