{
    "centers": [
        [
            -3.267702908144649,
            6.669010394158608,
            -0.42721502492473856
        ],
        [
            -7.482170625346834,
            3.9414674396842475,
            -0.2985239894695547
        ],
        [
            8.657066378247166,
            -8.046984138193096,
            -0.47602242419490354
        ],
        [
            2.367064715279632,
            5.666584926858828,
            -0.4141780719927554
        ],
        [
            -1.5019560904342821,
            0.6423978146615088,
            -0.37802496734283064
        ],
        [
            -0.5241733011002907,
            -6.561957007866903,
            -0.3793893566088638
        ],
        [
            4.493520156555071,
            9.493994165142794,
            -0.29119864577745774
        ]
    ],
    "nodes": [
        2,
        3,
        3,
        3,
        3,
        4,
        4
    ],
    "scene": 6
}