{
    "centers": [
        [
            3.187072558304198,
            -5.447671339890152,
            -0.14618355626985818
        ],
        [
            6.0134622462964025,
            4.522645158340842,
            -0.22980583993539244
        ],
        [
            9.189903023391018,
            -6.9756374990862895,
            -0.2141207684777337
        ]
    ],
    "nodes": [
        3,
        3,
        4
    ],
    "scene": 6
}