{
    "centers": [
        [
            4.4793251381161525,
            3.0639406353560084,
            -0.12144438873316338
        ],
        [
            -6.323920914946504,
            4.761242768802765,
            -0.4553454272275553
        ],
        [
            7.234323045791314,
            -6.697960961079641,
            -0.17932057542137275
        ],
        [
            6.072707337562765,
            8.184794728971852,
            -0.17855720624469767
        ],
        [
            -9.876496792731604,
            -0.5343354592777612,
            -0.44109497320324126
        ]
    ],
    "nodes": [
        3,
        3,
        3,
        4,
        4
    ],
    "scene": 6
}