{
    "centers": [
        [
            0.6163382513684894,
            3.6094385894017904,
            -0.39131752943157905
        ],
        [
            -4.656550394837698,
            -2.690164137565554,
            -0.32241043480151177
        ],
        [
            -0.752202390769174,
            -3.6961140621306443,
            -0.30923755509690987
        ],
        [
            -9.528319861796266,
            4.2115179966345835,
            -0.4651214773381892
        ],
        [
            4.021214470004882,
            1.623245374700339,
            -0.12795198780128997
        ]
    ],
    "nodes": [
        3,
        3,
        3,
        3,
        4
    ],
    "scene": 6
}