{
    "centers": [
        [
            -2.407017376587901,
            -9.385074895646618,
            -0.16960790897929412
        ],
        [
            9.323281297884773,
            5.28964215606965,
            -0.3322351527473415
        ],
        [
            0.23313021615586393,
            6.551246973749624,
            -0.21076921572416096
        ],
        [
            5.175422750109256,
            0.6183708329798812,
            -0.286640908750261
        ],
        [
            -8.495314657277666,
            7.667849575041657,
            -0.2797543048907736
        ],
        [
            -0.7518626260024668,
            -8.029836952188488,
            -0.2930419329469405
        ],
        [
            -4.320067463830071,
            9.353661920116444,
            -0.20572310918047504
        ]
    ],
    "nodes": [
        2,
        3,
        3,
        3,
        3,
        4,
        4
    ],
    "scene": 6
}