{
    "centers": [
        [
            -2.263719877031452,
            4.94146640688253,
            -0.2787923595796177
        ],
        [
            3.9375320535363283,
            -1.659777634152002,
            -0.2020007152550789
        ],
        [
            0.6307731965443857,
            8.450092438367971,
            -0.1561773614687551
        ]
    ],
    "nodes": [
        3,
        3,
        4
    ],
    "scene": 6
}