{
    "centers": [
        [
            -2.483220427156283,
            3.2241556321942753,
            -0.14028501336412025
        ],
        [
            -0.17694604091784427,
            4.889567521998943,
            -0.17623609604522356
        ],
        [
            6.423254221771025,
            -9.536428800190542,
            -0.13019204947446572
        ],
        [
            -5.869117904145682,
            9.900278742706579,
            -0.11521145159572299
        ],
        [
            8.82532460516104,
            6.547422514286058,
            -0.2791262311027586
        ],
        [
            2.9965003639472805,
            -5.052317940687143,
            -0.20390309561039022
        ],
        [
            -4.391598474631175,
            -0.18523553905811596,
            -0.45803363618560694
        ]
    ],
    "nodes": [
        2,
        3,
        3,
        3,
        3,
        4,
        4
    ],
    "scene": 6
}