{
    "centers": [
        [
            1.0867097453705767,
            2.4474613316755693,
            -0.25349279148190756
        ],
        [
            -7.904894984220096,
            -3.335639703678024,
            -0.4841706256229221
        ],
        [
            -8.704572542138692,
            -7.1308026212338005,
            -0.30043099480852065
        ],
        [
            2.477053321906329,
            9.43282877185844,
            -0.4611723990793901
        ]
    ],
    "nodes": [
        3,
        3,
        4,
        4
    ],
    "scene": 6
}