{
    "centers": [
        [
            1.6841445591860005,
            3.392202394593278,
            -0.4315569284121072
        ],
        [
            -4.348655954428415,
            2.3979442441349157,
            -0.3791536581137349
        ],
        [
            -9.319041664288221,
            7.2901455634077585,
            -0.14586155069191292
        ]
    ],
    "nodes": [
        3,
        3,
        4
    ],
    "scene": 6
}