{
    "centers": [
        [
            -9.84859604061647,
            -9.321337504339883,
            -0.4716354096965707
        ],
        [
            -6.031297824341038,
            9.713347934053047,
            -0.16649647193554495
        ],
        [
            0.47921848241250586,
            -2.932271363212296,
            -0.14257796211160523
        ],
        [
            3.7148426244717125,
            -1.9566752836637953,
            -0.28914102926500496
        ],
        [
            -3.3563034124789093,
            -5.775612666799981,
            -0.3290571815389596
        ],
        [
            1.6242759907198696,
            -4.7571611595952,
            -0.10253821677521952
        ]
    ],
    "nodes": [
        2,
        3,
        3,
        3,
        3,
        4
    ],
    "scene": 6
}