{
    "centers": [
        [
            2.246034734881505,
            6.654935689085164,
            -0.48501146653059923
        ],
        [
            0.17674425480558043,
            8.878688854951818,
            -0.1833480903973752
        ],
        [
            2.980129886007653,
            7.910305605012134,
            -0.483089428136118
        ],
        [
            9.99979700002218,
            0.2638822367438607,
            -0.24726442492817718
        ],
        [
            -5.312477970521923,
            2.7434737941957454,
            -0.1810442850819713
        ]
    ],
    "nodes": [
        2,
        3,
        3,
        3,
        4
    ],
    "scene": 6
}