{
    "centers": [
        [
            3.7735809292327467,
            -7.720671864260737,
            -0.4637888213349194
        ],
        [
            8.59113303978857,
            -9.980387659308196,
            -0.18169871445326063
        ],
        [
            7.163736691890719,
            2.3910899227134497,
            -0.20593450744061637
        ],
        [
            -1.1949422580142084,
            -3.0193073937507586,
            -0.30129290691180566
        ],
        [
            -9.06737271334772,
            8.649095131074727,
            -0.29866946505043
        ],
        [
            1.523795691452225,
            9.397074400094606,
            -0.16621387287580125
        ]
    ],
    "nodes": [
        2,
        3,
        3,
        3,
        3,
        4
    ],
    "scene": 6
}