{
    "centers": [
        [
            5.692030088488547,
            -4.28547053660367,
            -0.4672614099805472
        ],
        [
            9.64079326793465,
            0.19005541435065965,
            -0.14486154744172414
        ],
        [
            -7.7689240360210015,
            4.785500689353734,
            -0.16436864024678344
        ],
        [
            4.151988806593625,
            3.643147373517319,
            -0.13261355076371967
        ],
        [
            -1.498541325750919,
            -8.295111666954146,
            -0.42603747372884815
        ],
        [
            6.868415290593081,
            -9.630911264583272,
            -0.47616052725681934
        ]
    ],
    "nodes": [
        2,
        3,
        3,
        3,
        4,
        4
    ],
    "scene": 6
}