{
    "centers": [
        [
            -1.815493760346783,
            9.546722477851773,
            -0.12517927545180063
        ],
        [
            -2.525164728988731,
            -1.1881711518505504,
            -0.36736863642196455
        ],
        [
            5.951413339293827,
            -4.525844607324383,
            -0.14739419902361967
        ],
        [
            -5.105438036621564,
            -3.8673262322267954,
            -0.2333165002191493
        ],
        [
            -6.271669284975587,
            4.573065691953387,
            -0.2400929216718466
        ]
    ],
    "nodes": [
        3,
        3,
        3,
        3,
        4
    ],
    "scene": 6
}