{
    "centers": [
        [
            -3.43944454125519,
            1.579439020719402,
            -0.31638680637463945
        ],
        [
            6.205583407715739,
            -8.94654449468925,
            -0.10425121037529927
        ],
        [
            9.684864319289591,
            -5.0491919158266985,
            -0.30542254058634977
        ],
        [
            -7.66609246695416,
            8.411420478614765,
            -0.3562464812950589
        ]
    ],
    "nodes": [
        3,
        3,
        4,
        4
    ],
    "scene": 6
}