{
    "centers": [
        [
            -5.773881230252497,
            -0.9990636555457897,
            -0.45694091993893904
        ],
        [
            -3.4875199923177114,
            3.785541576092818,
            -0.23268704412638103
        ],
        [
            7.374402077424897,
            -3.736607177368258,
            -0.27310778693232146
        ],
        [
            -6.499390572641808,
            5.03109774599044,
            -0.28826648481731787
        ],
        [
            -0.7936163157172444,
            0.9524929937643751,
            -0.2803613989885938
        ],
        [
            1.4156519052045873,
            -7.537353592961451,
            -0.16516500497833314
        ],
        [
            9.709472233585885,
            -6.889003089922432,
            -0.35670421545052666
        ]
    ],
    "nodes": [
        2,
        3,
        3,
        3,
        3,
        4,
        4
    ],
    "scene": 6
}