{
    "centers": [
        [
            -6.278426923595939,
            -3.811461138023253,
            -0.348451270381121
        ],
        [
            -2.476837669240912,
            3.698701697674478,
            -0.17064988529031178
        ],
        [
            -5.40481506389654,
            -2.1237683596915957,
            -0.39999796386079167
        ],
        [
            -8.808043791706803,
            1.5374993441617963,
            -0.13938457226430484
        ],
        [
            -9.711648005611003,
            7.152657905497119,
            -0.2539388093151815
        ]
    ],
    "nodes": [
        3,
        3,
        3,
        4,
        4
    ],
    "scene": 6
}