{
    "centers": [
        [
            -7.549295284062447,
            6.57743196991337,
            -0.12214040782062913
        ],
        [
            1.8286013476744536,
            -8.687840669445599,
            -0.3643066041639139
        ],
        [
            -0.30961580872813954,
            -0.5232980872352666,
            -0.37841306744031206
        ],
        [
            8.02891533348863,
            3.6592099189069867,
            -0.10928109769688771
        ],
        [
            6.667893531849909,
            7.629195603793626,
            -0.3104515395794548
        ]
    ],
    "nodes": [
        3,
        3,
        3,
        3,
        4
    ],
    "scene": 6
}