{
    "centers": [
        [
            -2.291328809082911,
            -4.334239569951215,
            -0.10230353810464266
        ],
        [
            -7.123575702559104,
            3.5259031815943676,
            -0.46441183459698043
        ],
        [
            -9.700781464027887,
            9.883213661334523,
            -0.11330198636136457
        ],
        [
            -8.968346236119107,
            1.4487538267034932,
            -0.14963270674545287
        ]
    ],
    "nodes": [
        2,
        3,
        3,
        4
    ],
    "scene": 6
}