{
    "centers": [
        [
            -6.294741062960549,
            7.367418925611478,
            -0.17462994708916119
        ],
        [
            2.223635106438042,
            -7.758560100212071,
            -0.42959558485999627
        ],
        [
            3.4212719046947075,
            -8.371296095878279,
            -0.15457443646820979
        ],
        [
            -3.8013172862961024,
            -2.5895934754067333,
            -0.1188053736319632
        ]
    ],
    "nodes": [
        3,
        3,
        3,
        4
    ],
    "scene": 6
}