{
    "centers": [
        [
            -7.725375933353565,
            6.917938429798124,
            -0.3013280969641893
        ],
        [
            -3.801612826531251,
            8.750179056982681,
            -0.1440902567032919
        ],
        [
            1.0058438257556048,
            9.990838237999007,
            -0.44884865808404933
        ]
    ],
    "nodes": [
        3,
        3,
        4
    ],
    "scene": 6
}