{
    "centers": [
        [
            -9.107202782161627,
            8.607294483155336,
            -0.12690875004874114
        ],
        [
            -0.44371210532800376,
            -8.957506328832414,
            -0.27648137179037285
        ],
        [
            8.990478073854163,
            2.407932649187021,
            -0.30118325287514813
        ],
        [
            -5.0290540354033215,
            -5.350768129226289,
            -0.3965561392105582
        ],
        [
            -3.367317743053695,
            5.6870965622451575,
            -0.27246283076768707
        ],
        [
            -5.778313629240175,
            0.6317400430669213,
            -0.4177529682611829
        ]
    ],
    "nodes": [
        3,
        3,
        3,
        3,
        4,
        4
    ],
    "scene": 6
}