{
    "centers": [
        [
            -6.491433956121526,
            -6.7821194384039885,
            -0.4763700078834723
        ],
        [
            1.1370993810494738,
            5.210951067510095,
            -0.3650748854005299
        ],
        [
            2.1767587239602975,
            -3.997655520117167,
            -0.22646082263018913
        ]
    ],
    "nodes": [
        3,
        3,
        4
    ],
    "scene": 6
}