{
    "centers": [
        [
            4.021717829066887,
            2.648271669506032,
            -0.2342183155657977
        ],
        [
            7.027880421016405,
            1.8750677060902436,
            -0.3708528150704036
        ],
        [
            -9.536584188818528,
            -8.714544466397179,
            -0.18293471982168974
        ],
        [
            -5.20840978869948,
            -6.0742082218691,
            -0.4415784747498929
        ],
        [
            0.0044170228272903955,
            0.21531645046010084,
            -0.38831507514987373
        ],
        [
            3.0162113541675915,
            -5.073911705309293,
            -0.3533586156595133
        ]
    ],
    "nodes": [
        3,
        3,
        3,
        3,
        4,
        4
    ],
    "scene": 6
}