{
    "centers": [
        [
            -8.716693722745703,
            -1.4743842256356015,
            -0.16901907858834392
        ],
        [
            5.788538432810302,
            0.6263565003635101,
            -0.3906705904180542
        ],
        [
            4.448961733882248,
            6.4079864965918105,
            -0.3105951373469826
        ]
    ],
    "nodes": [
        3,
        3,
        4
    ],
    "scene": 6
}