{
    "centers": [
        [
            2.488432529196789,
            -6.668630342339039,
            -0.2555768108449069
        ],
        [
            4.568479830182499,
            1.7299099293469329,
            -0.15299181921507626
        ],
        [
            -8.331725941812493,
            2.87521879909586,
            -0.16066299629345077
        ],
        [
            -5.653594534331885,
            -0.501676272425085,
            -0.3879617488761891
        ],
        [
            -2.5247680919352096,
            3.948816124417929,
            -0.15509318387232446
        ],
        [
            8.000613758372698,
            -8.07697128754077,
            -0.44645461185317525
        ],
        [
            0.6273006656971134,
            9.519581842295096,
            -0.2806840321618695
        ]
    ],
    "nodes": [
        2,
        3,
        3,
        3,
        3,
        4,
        4
    ],
    "scene": 6
}