{
    "centers": [
        [
            6.540259046938168,
            1.2508171889838415,
            -0.3021235030788998
        ],
        [
            8.219887490425872,
            -1.4843001595263985,
            -0.11530738267419155
        ]
    ],
    "nodes": [
        1,
        1
    ],
    "scene": 7
}