{
    "centers": [
        [
            -3.628890607287955,
            -4.125511733631639,
            -0.19126433547050464
        ],
        [
            1.3444436841517735,
            -8.52833905904465,
            -0.12235765737444809
        ]
    ],
    "nodes": [
        1,
        1
    ],
    "scene": 7
}