{
    "centers": [
        [
            -7.30937186210695,
            0.3452188736849102,
            -0.2831383588564268
        ],
        [
            -8.162730665244988,
            -4.712978396791532,
            -0.13300714628761784
        ],
        [
            7.200939342928304,
            9.768163412926864,
            -0.2201008462122756
        ]
    ],
    "nodes": [
        1,
        1,
        3
    ],
    "scene": 7
}