{
    "centers": [
        [
            -0.8051281973625208,
            3.1294089711894166,
            -0.45990586978951653
        ],
        [
            4.67554680831611,
            -8.47927941636245,
            -0.37239118906692814
        ],
        [
            2.6980825178065597,
            1.900713374972046,
            -0.25927775784548035
        ]
    ],
    "nodes": [
        1,
        1,
        3
    ],
    "scene": 7
}