{
    "centers": [
        [
            3.436111031518651,
            -1.5089910438137082,
            -0.3051197344863923
        ],
        [
            -1.3918433058422615,
            9.297459473084942,
            -0.2827367678484456
        ],
        [
            1.2927396187415425,
            2.586812189399833,
            -0.2664321113457015
        ]
    ],
    "nodes": [
        1,
        1,
        3
    ],
    "scene": 7
}