{
    "centers": [
        [
            9.431929950792394,
            -2.1489388632999296,
            -0.360440873997875
        ],
        [
            -5.343418627774083,
            5.667880142299229,
            -0.1475128450881405
        ]
    ],
    "nodes": [
        1,
        1
    ],
    "scene": 7
}