{
    "centers": [
        [
            -5.12526212230836,
            -2.6912153362921014,
            -0.46024063803866394
        ],
        [
            -2.9710880343186847,
            -5.681035995069676,
            -0.39444606197770415
        ],
        [
            8.243395163224786,
            7.311143817339076,
            -0.3706381640388139
        ]
    ],
    "nodes": [
        1,
        1,
        1
    ],
    "scene": 7
}