{
    "centers": [
        [
            6.546002607061737,
            -2.2694181674030496,
            -0.16924899932131626
        ],
        [
            -1.9656635689215562,
            -0.6133700813322474,
            -0.3341824061981272
        ],
        [
            3.3678195286856134,
            -7.353485455494835,
            -0.40648256360176493
        ],
        [
            9.632545586648774,
            7.371196898910458,
            -0.40078329655434847
        ]
    ],
    "nodes": [
        1,
        1,
        1,
        3
    ],
    "scene": 7
}