{
    "centers": [
        [
            2.5294374010375247,
            -7.048231271079937,
            -0.2675862448179257
        ],
        [
            3.7531850579970865,
            2.0233834775459965,
            -0.39565725631174614
        ],
        [
            -7.56398024394662,
            0.4251679756070601,
            -0.30194028299253123
        ]
    ],
    "nodes": [
        1,
        1,
        3
    ],
    "scene": 7
}