{
    "centers": [
        [
            -0.43930088229271647,
            -4.541446379262197,
            -0.25339359362375036
        ],
        [
            2.0423155696181716,
            0.5863801149794785,
            -0.20303192495911399
        ],
        [
            -9.629418426800797,
            5.777210667534412,
            -0.39292345033966064
        ],
        [
            -4.976491277812734,
            8.347380917331726,
            -0.11803507973715205
        ],
        [
            5.537121209242656,
            -9.092489827974982,
            -0.31775555418292395
        ]
    ],
    "nodes": [
        1,
        1,
        1,
        1,
        3
    ],
    "scene": 7
}