{
    "centers": [
        [
            4.358204908026984,
            -0.9837778708550076,
            -0.42233474033371354
        ],
        [
            -0.13659896752528944,
            9.599651634504525,
            -0.2457231437090081
        ],
        [
            2.3458644360495136,
            2.894496037339829,
            -0.304259632392706
        ],
        [
            -7.309582291987966,
            -6.099922936494195,
            -0.19547688007187336
        ]
    ],
    "nodes": [
        1,
        1,
        1,
        1
    ],
    "scene": 7
}