{
    "centers": [
        [
            2.5535881313001134,
            4.093038092179537,
            -0.434557432060837
        ],
        [
            -1.8165195480649992,
            -3.7717320486952115,
            -0.11257945216356496
        ],
        [
            -7.146119601471503,
            9.864053253129079,
            -0.4333010029625925
        ]
    ],
    "nodes": [
        1,
        1,
        3
    ],
    "scene": 7
}