{
    "centers": [
        [
            -0.8419193442029549,
            -4.991548193700071,
            -0.39303069868878887
        ],
        [
            7.242656556362014,
            -2.1019673459339794,
            -0.2955565296760314
        ],
        [
            -2.045066378025828,
            2.908896203381202,
            -0.372319843269975
        ],
        [
            -5.44609194492784,
            -3.413762215994696,
            -0.29181968483549536
        ],
        [
            -9.288257859407935,
            5.866792867075754,
            -0.18053045454698385
        ]
    ],
    "nodes": [
        1,
        1,
        1,
        1,
        3
    ],
    "scene": 7
}