{
    "centers": [
        [
            -2.356396523077957,
            0.10072244660733354,
            -0.27661281544089167
        ],
        [
            -4.361744254343005,
            2.0353513239740195,
            -0.20441381218520438
        ],
        [
            2.8468639769970476,
            4.707632880888486,
            -0.47983994223464504
        ],
        [
            -1.16048495846999,
            7.219844722113383,
            -0.23864359198483565
        ],
        [
            7.1674626602750955,
            -7.760932938416898,
            -0.22249200129163416
        ]
    ],
    "nodes": [
        1,
        1,
        1,
        1,
        3
    ],
    "scene": 7
}