{
    "centers": [
        [
            5.380261841681566,
            0.46731647081734096,
            -0.49587543590535244
        ],
        [
            0.16231344614592658,
            -8.104901572847892,
            -0.14066866275702966
        ],
        [
            1.9497473660682925,
            9.769649334919599,
            -0.43165161141748787
        ],
        [
            7.996461296339966,
            3.89809218621059,
            -0.3543631139812249
        ],
        [
            8.925408343814418,
            -5.983293321770824,
            -0.2766639566976331
        ]
    ],
    "nodes": [
        1,
        1,
        1,
        1,
        3
    ],
    "scene": 7
}