{
    "centers": [
        [
            -2.7769128416089695,
            -8.175383500689197,
            -0.3208203392929876
        ],
        [
            8.018742997966363,
            5.7803590367282425,
            -0.37077749745180144
        ],
        [
            -6.053620702725777,
            9.869803228800592,
            -0.3698444885330989
        ]
    ],
    "nodes": [
        1,
        1,
        1
    ],
    "scene": 7
}