{
    "centers": [
        [
            2.5840224200523174,
            0.5034936258153007,
            -0.33077736731020824
        ],
        [
            0.4155258779019455,
            7.421762012165797,
            -0.22063049796005957
        ],
        [
            -9.23471649511627,
            -7.522137717495778,
            -0.15503446455195313
        ],
        [
            -4.138453056088151,
            -8.464232209088864,
            -0.2552098000492148
        ]
    ],
    "nodes": [
        1,
        1,
        1,
        3
    ],
    "scene": 7
}