{
    "centers": [
        [
            1.8998714638842387,
            -5.69355536242536,
            -0.2273481151121713
        ],
        [
            -6.739912633976193,
            8.101689897740595,
            -0.4881503285930065
        ],
        [
            3.4910402837594727,
            9.021231580631117,
            -0.4433719805393088
        ]
    ],
    "nodes": [
        1,
        1,
        1
    ],
    "scene": 7
}