{
    "centers": [
        [
            6.158992736281309,
            -2.447168787992961,
            -0.21643094386565181
        ],
        [
            -2.9995750379619412,
            -7.09731955185241,
            -0.32470977137066764
        ],
        [
            4.972394679623964,
            1.0892263108796776,
            -0.20522349376876542
        ]
    ],
    "nodes": [
        1,
        1,
        3
    ],
    "scene": 7
}