{
    "centers": [
        [
            9.841025117069261,
            8.51926825538036,
            -0.23145025263997315
        ],
        [
            -0.17954528764321154,
            4.483322363976951,
            -0.38216966561292676
        ],
        [
            4.245349882510951,
            9.306194942801365,
            -0.3631234098394641
        ]
    ],
    "nodes": [
        1,
        1,
        3
    ],
    "scene": 7
}