{
    "centers": [
        [
            6.7233452757901375,
            7.228141397433227,
            -0.43796307414702706
        ],
        [
            7.749987137356907,
            9.394678733539457,
            -0.31198235014075126
        ],
        [
            3.1481049711604907,
            -5.383046157771858,
            -0.34048942258298454
        ]
    ],
    "nodes": [
        1,
        1,
        3
    ],
    "scene": 7
}