{
    "centers": [
        [
            2.2596623592033094,
            1.1049867938849989,
            -0.29906828307470534
        ],
        [
            3.0907370376124206,
            -6.033414834618879,
            -0.23064444318079264
        ]
    ],
    "nodes": [
        1,
        1
    ],
    "scene": 7
}