{
    "centers": [
        [
            -0.011517710636502088,
            -9.327948180816106,
            -0.35509886937164026
        ],
        [
            8.383889825046083,
            -1.71303834649855,
            -0.19359876445758145
        ],
        [
            7.365423590459802,
            8.030213170328185,
            -0.20157370793451995
        ]
    ],
    "nodes": [
        1,
        1,
        1
    ],
    "scene": 7
}