{
    "centers": [
        [
            8.58997407140923,
            1.4897567183183789,
            -0.19047163220721292
        ],
        [
            -8.147898540405414,
            5.499596569033226,
            -0.14634678470284895
        ],
        [
            -4.154540985398456,
            6.806461636816714,
            -0.3974417144872799
        ]
    ],
    "nodes": [
        1,
        1,
        1
    ],
    "scene": 7
}