{
    "centers": [
        [
            -9.23309819925353,
            -0.5613269807369896,
            -0.3047676807110453
        ],
        [
            7.65537423232686,
            6.074405427463244,
            -0.20628010766456495
        ],
        [
            3.3305766722232573,
            -2.571789311965686,
            -0.34527150610584334
        ],
        [
            0.8525634326422313,
            -4.588581848148213,
            -0.32604057007068876
        ],
        [
            -7.569766532337332,
            -6.977140048966093,
            -0.4701719202052021
        ]
    ],
    "nodes": [
        1,
        1,
        1,
        1,
        3
    ],
    "scene": 7
}