{
    "centers": [
        [
            7.673875991466346,
            0.9133560023834182,
            -0.42903049912260316
        ],
        [
            -7.29056015698246,
            1.9342103010970177,
            -0.41550237343098073
        ]
    ],
    "nodes": [
        1,
        1
    ],
    "scene": 7
}