{
    "centers": [
        [
            -4.878558399480641,
            -2.303738908453199,
            -0.21558959093989893
        ],
        [
            0.33920779904787324,
            -0.45391230479735256,
            -0.25731848185834905
        ],
        [
            -6.9939053733543215,
            -5.492178595108667,
            -0.15818386102315135
        ],
        [
            9.734302198732138,
            1.2204716256885462,
            -0.4322636140370779
        ],
        [
            2.900740518236324,
            -4.447792894730316,
            -0.23366467176955058
        ]
    ],
    "nodes": [
        1,
        1,
        1,
        1,
        3
    ],
    "scene": 7
}