{
    "centers": [
        [
            9.74379113362441,
            9.888035248798374,
            -0.10650862806350397
        ],
        [
            4.798033719326543,
            -3.629113734387383,
            -0.3244329964557737
        ],
        [
            -1.4583592361690236,
            3.4860730410219354,
            -0.37486026807544726
        ],
        [
            -8.550740422907415,
            -6.5703218616133245,
            -0.2368156711508858
        ],
        [
            6.520689997672363,
            -5.455056134117857,
            -0.15547316084025775
        ]
    ],
    "nodes": [
        1,
        1,
        1,
        1,
        3
    ],
    "scene": 7
}