{
    "centers": [
        [
            -3.5289072199692795,
            -7.408122339916126,
            -0.4174512827087678
        ],
        [
            9.959643710634918,
            -4.742581150101419,
            -0.3719557499950499
        ],
        [
            8.976682254801528,
            0.03888033216502329,
            -0.38560238549230563
        ],
        [
            5.481536837568864,
            6.981165170435318,
            -0.253578603122232
        ]
    ],
    "nodes": [
        1,
        1,
        1,
        3
    ],
    "scene": 7
}