{
    "centers": [
        [
            8.180372785466481,
            -9.289728651392991,
            -0.14400141164960473
        ],
        [
            0.9662416220502852,
            -7.671178735985286,
            -0.4867017513462093
        ],
        [
            4.648306607833286,
            -6.646765491189386,
            -0.16413125866431233
        ]
    ],
    "nodes": [
        1,
        1,
        1
    ],
    "scene": 7
}