{
    "centers": [
        [
            -1.3291507688209503,
            7.945009512506765,
            -0.2715591050496817
        ],
        [
            -0.34351066230377647,
            -2.865841851672373,
            -0.18438921015943865
        ],
        [
            8.588355740265946,
            0.15529393098035982,
            -0.3705691732189579
        ]
    ],
    "nodes": [
        1,
        1,
        3
    ],
    "scene": 7
}