{
    "centers": [
        [
            9.499680800796842,
            -8.8271602314854,
            -0.2936380223547145
        ],
        [
            -1.0514032847694992,
            -4.341048752944121,
            -0.31256954127508235
        ],
        [
            1.113793060670842,
            -7.409434249960871,
            -0.2542840638969967
        ],
        [
            -7.057569626701607,
            5.737549397486202,
            -0.11667042376505032
        ],
        [
            -3.163580822857832,
            -3.0087707534541135,
            -0.24004985592456218
        ]
    ],
    "nodes": [
        1,
        1,
        1,
        1,
        3
    ],
    "scene": 7
}