{
    "centers": [
        [
            -9.08727990116271,
            9.41265062832478,
            -0.1677940496960808
        ],
        [
            7.338416581352597,
            -8.885844153713212,
            -0.4650317707958376
        ],
        [
            -1.6081990712486753,
            -2.009209801199372,
            -0.2517317154102715
        ],
        [
            9.031499770145214,
            -9.865951274025587,
            -0.4719598541789261
        ]
    ],
    "nodes": [
        1,
        1,
        1,
        1
    ],
    "scene": 7
}