{
    "centers": [
        [
            -4.344712377858615,
            -7.395851264327766,
            -0.4384726490055526
        ],
        [
            -1.406123477012983,
            -9.767249495823338,
            -0.17505937351915396
        ],
        [
            9.312041644847987,
            0.49403410677366466,
            -0.1111446684376704
        ]
    ],
    "nodes": [
        1,
        1,
        1
    ],
    "scene": 7
}