{
    "centers": [
        [
            1.0197849753702926,
            -9.000325104013967,
            -0.35476401823442905
        ],
        [
            3.9654646393580038,
            9.869563356491419,
            -0.2327668499493422
        ],
        [
            5.054059424858883,
            7.077566770827687,
            -0.1268593756020524
        ]
    ],
    "nodes": [
        1,
        1,
        1
    ],
    "scene": 7
}