{
    "centers": [
        [
            7.361019906295109,
            5.7722973837463485,
            -0.27728851700603807
        ],
        [
            5.5114957649124605,
            -1.9721192420764044,
            -0.2962619939781259
        ],
        [
            -0.6870014522788477,
            6.904409103203125,
            -0.37971377724790545
        ]
    ],
    "nodes": [
        1,
        1,
        1
    ],
    "scene": 7
}