{
    "centers": [
        [
            -5.381044074690349,
            -3.825948467508815,
            -0.3812024076961064
        ],
        [
            -7.435664725133162,
            -6.99072692436475,
            -0.3302831916111233
        ],
        [
            3.080030714721101,
            -9.640048208554335,
            -0.4897753811308027
        ],
        [
            8.854294126527208,
            -8.495845673210773,
            -0.22924136449149213
        ]
    ],
    "nodes": [
        1,
        1,
        1,
        1
    ],
    "scene": 7
}