{
    "centers": [
        [
            6.427715593227447,
            -5.800287358689056,
            -0.33759102282414133
        ],
        [
            -2.1587145222536837,
            -7.754219428653492,
            -0.15520660266310488
        ]
    ],
    "nodes": [
        1,
        1
    ],
    "scene": 7
}