{
    "centers": [
        [
            -7.135332660173024,
            0.14880171539098797,
            -0.10358522906477513
        ],
        [
            -3.8817729827683785,
            -5.253155852449032,
            -0.44156938857407435
        ],
        [
            4.236192425763814,
            -7.025909266972537,
            -0.17848966648200792
        ],
        [
            7.5933937837153564,
            6.470264260804516,
            -0.13206998722007612
        ],
        [
            -1.8699413205442035,
            8.42852029079733,
            -0.4475490981281379
        ]
    ],
    "nodes": [
        1,
        1,
        1,
        1,
        3
    ],
    "scene": 7
}