{
    "centers": [
        [
            0.5232660024809217,
            -8.71257140307395,
            -0.23269400874402324
        ],
        [
            1.9347835658055086,
            5.388273263481311,
            -0.1260212980701998
        ],
        [
            -0.6903297298937936,
            -1.0373639972307807,
            -0.32967527994088264
        ],
        [
            -8.782679329196446,
            3.426424112728119,
            -0.2405486915553956
        ]
    ],
    "nodes": [
        1,
        1,
        1,
        3
    ],
    "scene": 7
}