{
    "centers": [
        [
            0.9520552762474317,
            -0.3218413072163724,
            -0.3925578589631801
        ],
        [
            -7.043706256227489,
            -2.458920370250322,
            -0.1783274210410517
        ],
        [
            -3.5142275328021055,
            3.747716416216022,
            -0.2519561448140625
        ],
        [
            -7.897628963597807,
            -3.9374884608830936,
            -0.41036482520298134
        ]
    ],
    "nodes": [
        1,
        1,
        1,
        1
    ],
    "scene": 7
}