{
    "centers": [
        [
            8.734378074710548,
            2.1966682975814535,
            -0.21500572211125363
        ],
        [
            -3.747430849495778,
            -4.320178354133337,
            -0.3366000432341162
        ],
        [
            5.312022547899449,
            0.9051432082096689,
            -0.4161756169477871
        ]
    ],
    "nodes": [
        1,
        1,
        3
    ],
    "scene": 7
}