{
    "centers": [
        [
            -1.8446928326533385,
            -8.257736304888233,
            -0.45113980428087863
        ],
        [
            5.980531422570749,
            -4.787342163636847,
            -0.36330648092814577
        ]
    ],
    "nodes": [
        1,
        1
    ],
    "scene": 7
}