{
    "centers": [
        [
            -8.35838428450677,
            -2.158267935635605,
            -0.4120967701280148
        ],
        [
            -1.5602970177702211,
            -6.354463592211772,
            -0.21253173185183077
        ],
        [
            7.216222249780131,
            7.588832664154339,
            -0.17940841167705762
        ]
    ],
    "nodes": [
        1,
        1,
        3
    ],
    "scene": 7
}