{
    "centers": [
        [
            6.879940709397047,
            -8.220465815117047,
            -0.40401329802395564
        ],
        [
            4.404080860342493,
            3.3238644341964267,
            -0.1565691789744022
        ],
        [
            -5.3642870330544,
            6.597781208727994,
            -0.18831276309987316
        ]
    ],
    "nodes": [
        1,
        1,
        3
    ],
    "scene": 7
}