{
    "centers": [
        [
            2.3225444423980477,
            6.573107792130248,
            -0.18393015413820524
        ],
        [
            -7.6926213592942405,
            0.18544253923676202,
            -0.288290265806732
        ],
        [
            5.876883644692029,
            5.048469225513294,
            -0.14161178117552836
        ],
        [
            -1.4540801658176896,
            3.037360627143471,
            -0.34687077455922855
        ]
    ],
    "nodes": [
        1,
        1,
        1,
        1
    ],
    "scene": 7
}