{
    "centers": [
        [
            7.870765685916691,
            8.014660222613564,
            -0.12038436198775448
        ],
        [
            -4.539632126131599,
            -6.393028264844773,
            -0.1471930485127575
        ],
        [
            -5.361995810835016,
            1.7662520439191471,
            -0.25192944004762774
        ]
    ],
    "nodes": [
        1,
        1,
        3
    ],
    "scene": 7
}