{
    "centers": [
        [
            -8.286348877831184,
            9.002749812387968,
            -0.4933380396863941
        ],
        [
            -0.383734437518342,
            3.1350158231311998,
            -0.20556170385619105
        ],
        [
            1.3936171382050073,
            7.158720346469032,
            -0.22507827990549806
        ],
        [
            7.395354812930602,
            4.941318222190787,
            -0.1327967453387885
        ]
    ],
    "nodes": [
        1,
        1,
        1,
        3
    ],
    "scene": 7
}