{
    "centers": [
        [
            2.430857723830087,
            -2.4182094706583657,
            -0.3469499997227602
        ],
        [
            -9.25398557889358,
            2.4456809716958183,
            -0.48993984204568786
        ],
        [
            0.4172959245315315,
            5.140577031590377,
            -0.4360834257910922
        ],
        [
            -6.171937885040131,
            7.802008546100453,
            -0.14289748916861456
        ]
    ],
    "nodes": [
        1,
        1,
        1,
        1
    ],
    "scene": 7
}