{
    "centers": [
        [
            1.4801758252269366,
            -2.9641643783942424,
            -0.498935116937201
        ],
        [
            2.332786161326812,
            -6.805679404698144,
            -0.16017410435757778
        ],
        [
            -5.032165242179936,
            -4.1473195414819175,
            -0.2980268845370796
        ],
        [
            4.186751534432036,
            1.556009585460398,
            -0.2622333695556029
        ]
    ],
    "nodes": [
        1,
        1,
        1,
        3
    ],
    "scene": 7
}