{
    "centers": [
        [
            -9.74661916452777,
            -5.9548516164854215,
            -0.4419258139813906
        ],
        [
            -0.3731883364849704,
            -0.3522241933048953,
            -0.3385530638553166
        ],
        [
            1.7556306147519347,
            9.409368335007375,
            -0.40277644369459287
        ],
        [
            9.012095564830577,
            7.27525411217059,
            -0.3907598907186057
        ],
        [
            4.497522638329741,
            -4.647355347465116,
            -0.12820815808660924
        ]
    ],
    "nodes": [
        1,
        1,
        1,
        1,
        3
    ],
    "scene": 7
}