{
    "centers": [
        [
            -4.541059630933264,
            8.235704778033746,
            -0.2538248434179826
        ],
        [
            -8.081577651455781,
            -9.94222753440109,
            -0.2537021044369351
        ]
    ],
    "nodes": [
        1,
        1
    ],
    "scene": 7
}