{
    "centers": [
        [
            6.623169500730292,
            1.3342230724259956,
            -0.45953327684948136
        ],
        [
            -0.4028655344567156,
            -5.99584023710277,
            -0.17066857413233705
        ],
        [
            1.451328755297034,
            -1.8200050675554262,
            -0.424748256741942
        ]
    ],
    "nodes": [
        1,
        1,
        3
    ],
    "scene": 7
}