{
    "centers": [
        [
            -1.4981463781138,
            1.8257499901129073,
            -0.11884758508198223
        ],
        [
            3.689975233454131,
            0.10368868216228577,
            -0.3174019022208082
        ]
    ],
    "nodes": [
        1,
        1
    ],
    "scene": 7
}