{
    "centers": [
        [
            -4.048873848419172,
            4.542334091361191,
            -0.3042153472687312
        ],
        [
            9.878924926531468,
            2.9466509393284817,
            -0.24824211745599778
        ],
        [
            -6.2249179528751135,
            6.849162787057928,
            -0.11038276966720506
        ],
        [
            3.7489284776042524,
            -3.0952815962754503,
            -0.20788154369334633
        ],
        [
            -2.0516831755713287,
            0.04245804676506104,
            -0.2944350086920683
        ]
    ],
    "nodes": [
        1,
        1,
        1,
        1,
        3
    ],
    "scene": 7
}