{
    "centers": [
        [
            4.255908394238359,
            -3.4932774421782824,
            -0.4648563761991953
        ],
        [
            -7.6714359773744505,
            -0.1099085019592998,
            -0.4465047287775471
        ],
        [
            -6.7065720837939224,
            9.512731424329516,
            -0.11794871347639085
        ],
        [
            2.5790270349843496,
            -7.839283756925592,
            -0.17648294699171568
        ],
        [
            -0.15341697481576055,
            -5.404812056877217,
            -0.2682716153271739
        ]
    ],
    "nodes": [
        1,
        1,
        1,
        1,
        3
    ],
    "scene": 7
}