{
    "centers": [
        [
            -2.76278306052983,
            3.965481086607422,
            -0.30447004520955184
        ],
        [
            8.042277957066503,
            -2.1239067195293027,
            -0.396563387285079
        ],
        [
            -7.00001018288434,
            8.699858562355946,
            -0.14341126029509715
        ],
        [
            2.807966858573373,
            5.854482352033056,
            -0.15387989178053663
        ]
    ],
    "nodes": [
        1,
        1,
        1,
        1
    ],
    "scene": 7
}