{
    "centers": [
        [
            -1.9205795878453618,
            3.5663182559310975,
            -0.4407311618812717
        ],
        [
            -3.9450888538183593,
            -7.872382141898672,
            -0.14868326461188625
        ],
        [
            2.237702449038279,
            -1.891075320204859,
            -0.15697737453397664
        ],
        [
            6.266492825821068,
            -6.179167023531951,
            -0.428193509287776
        ]
    ],
    "nodes": [
        1,
        1,
        1,
        1
    ],
    "scene": 7
}