{
    "centers": [
        [
            -7.521386740302692,
            1.7311583255908936,
            -0.30712331520652736
        ],
        [
            0.8980950310912483,
            7.930336826778131,
            -0.368020626151238
        ],
        [
            2.6065784037933675,
            -9.592729175685486,
            -0.24129176946154912
        ]
    ],
    "nodes": [
        1,
        1,
        1
    ],
    "scene": 7
}