{
    "centers": [
        [
            -0.6582570059077923,
            -2.980698211226871,
            -0.22159104708048066
        ],
        [
            -9.183563964926687,
            0.5489939710960847,
            -0.2527301441526075
        ],
        [
            6.753726655452827,
            -4.877048198073113,
            -0.3898088813983823
        ],
        [
            8.153567970351325,
            -9.924226641779484,
            -0.2871578933955058
        ],
        [
            -6.796816195452013,
            -8.066196321359174,
            -0.1998313560898206
        ]
    ],
    "nodes": [
        1,
        1,
        1,
        1,
        3
    ],
    "scene": 7
}