{
    "centers": [
        [
            -2.0795507379491056,
            -3.9396062439759127,
            -0.213162690098675
        ],
        [
            0.8340628168898778,
            -2.9447486947226835,
            -0.17414579989151835
        ]
    ],
    "nodes": [
        1,
        1
    ],
    "scene": 7
}