{
    "centers": [
        [
            -5.1162357061149795,
            -0.4940098490563649,
            -0.4444393823399554
        ],
        [
            -0.5009934737669308,
            -1.8627051574370146,
            -0.42257828779071005
        ],
        [
            2.829848649928646,
            -7.720933184861584,
            -0.47061853604081066
        ],
        [
            8.979732480032283,
            6.7047983006856136,
            -0.21620990654907185
        ]
    ],
    "nodes": [
        1,
        1,
        1,
        1
    ],
    "scene": 7
}