{
    "centers": [
        [
            -8.19708419113709,
            -2.8088934846069673,
            -0.22353943018683015
        ],
        [
            8.43900234819278,
            1.7296447188592872,
            -0.3382868408028703
        ],
        [
            -4.463106729977639,
            2.716491891090813,
            -0.2936690239713503
        ]
    ],
    "nodes": [
        1,
        1,
        1
    ],
    "scene": 7
}