{
    "centers": [
        [
            -1.385967919239949,
            1.101707764032227,
            -0.33581747477911095
        ],
        [
            4.4521688008547535,
            -6.436868929567929,
            -0.22142660119068353
        ]
    ],
    "nodes": [
        1,
        1
    ],
    "scene": 7
}