{
    "centers": [
        [
            7.863752018204227,
            -1.746205532463863,
            -0.17798869073772877
        ],
        [
            1.2245373281433398,
            -8.665687426061744,
            -0.18482128787754087
        ],
        [
            -4.149083705915837,
            -0.7992007846012967,
            -0.2931149860392867
        ]
    ],
    "nodes": [
        1,
        1,
        3
    ],
    "scene": 7
}