{
    "centers": [
        [
            -9.714138728511287,
            5.787060328653608,
            -0.10008762587652154
        ],
        [
            0.293379983859376,
            7.479499444751966,
            -0.3480135001005865
        ],
        [
            -6.220895803878683,
            -8.23869142726313,
            -0.4080048782502441
        ],
        [
            -8.564158342429378,
            1.9556729691249313,
            -0.362389920025179
        ]
    ],
    "nodes": [
        1,
        1,
        1,
        1
    ],
    "scene": 7
}