{
    "centers": [
        [
            -7.909890014909811,
            -5.712861287543795,
            -0.49553324208022664
        ],
        [
            3.159317774752804,
            -8.033314611476001,
            -0.3049098863632744
        ]
    ],
    "nodes": [
        1,
        1
    ],
    "scene": 7
}