{
    "centers": [
        [
            -2.40177780316984,
            -8.74378462319467,
            -0.4057039517915944
        ],
        [
            -3.3713600839001128,
            9.824069383966748,
            -0.48989656671218407
        ],
        [
            6.695785437249995,
            -0.0006735944643736502,
            -0.4524801596554183
        ]
    ],
    "nodes": [
        1,
        1,
        3
    ],
    "scene": 7
}