{
    "centers": [
        [
            9.820360274689964,
            0.43851640290879246,
            -0.49156613726060144
        ],
        [
            -3.440668023155176,
            -5.17671181758238,
            -0.21800752451909333
        ],
        [
            -8.109404998150003,
            -2.8267399830493094,
            -0.16922952294486765
        ]
    ],
    "nodes": [
        1,
        1,
        1
    ],
    "scene": 7
}