{
    "centers": [
        [
            8.067295388508843,
            7.628782638141878,
            -0.43127563324693285
        ],
        [
            -4.171110867402266,
            -3.4445006676896277,
            -0.30123968472210205
        ],
        [
            9.535954470396948,
            3.8600990987231185,
            -0.11705210408848343
        ],
        [
            4.018772215345654,
            8.442635467918201,
            -0.4786064539934109
        ]
    ],
    "nodes": [
        1,
        1,
        1,
        1
    ],
    "scene": 7
}