{
    "centers": [
        [
            4.984901259969499,
            -4.877430194535057,
            -0.31054663829589557
        ],
        [
            -4.396315517440974,
            3.84900639478386,
            -0.45414341158849925
        ],
        [
            -8.60001240915507,
            -1.7796647592408572,
            -0.3716028796691171
        ],
        [
            -7.007735924245095,
            -0.9308640763787484,
            -0.3594361246791138
        ]
    ],
    "nodes": [
        1,
        1,
        1,
        1
    ],
    "scene": 7
}