{
    "centers": [
        [
            -9.275244404434416,
            1.745845549723752,
            -0.259662260983723
        ],
        [
            9.572203727082275,
            -3.0939929286162204,
            -0.2362379625293604
        ],
        [
            -7.865628652773844,
            9.138178653670831,
            -0.4593735905766526
        ]
    ],
    "nodes": [
        1,
        1,
        3
    ],
    "scene": 7
}