{
    "centers": [
        [
            -9.696241751192742,
            -8.59221170290426,
            -0.43033924407002017
        ],
        [
            2.851626639786719,
            -5.424495551448761,
            -0.3193747497511169
        ],
        [
            4.46767206084929,
            9.000570761290025,
            -0.35983389264194277
        ],
        [
            -0.3188094476377916,
            -3.071575993744011,
            -0.10169461542414682
        ]
    ],
    "nodes": [
        1,
        1,
        1,
        3
    ],
    "scene": 7
}