{
    "centers": [
        [
            4.288065366698156,
            2.854708330424092,
            -0.3744268126480904
        ],
        [
            -6.972153206399212,
            -1.0436384726497412,
            -0.41560323024867074
        ],
        [
            8.89354625938045,
            -5.986670514809771,
            -0.24091525623224697
        ]
    ],
    "nodes": [
        1,
        1,
        3
    ],
    "scene": 7
}