{
    "centers": [
        [
            7.443237120229121,
            -2.4662340226611823,
            -0.2905826007691138
        ],
        [
            -7.026639364057727,
            6.849740564390281,
            -0.4150662957507404
        ]
    ],
    "nodes": [
        1,
        1
    ],
    "scene": 7
}