{
    "centers": [
        [
            4.144647638817194,
            -9.653157998954246,
            -0.3940001460803465
        ],
        [
            -7.112328295734298,
            -8.400696453368045,
            -0.3146191731622816
        ],
        [
            0.1683268250152672,
            6.2228348251781505,
            -0.45818957224116075
        ]
    ],
    "nodes": [
        1,
        1,
        1
    ],
    "scene": 7
}