{
    "centers": [
        [
            -5.0462356260197705,
            5.2049464910761465,
            -0.29049823261520336
        ],
        [
            -6.934495265126676,
            -4.2409977101570036,
            -0.2037280815709836
        ]
    ],
    "nodes": [
        1,
        1
    ],
    "scene": 7
}