{
    "centers": [
        [
            -7.359962641335194,
            -0.8868474483560682,
            -0.1897952108956657
        ],
        [
            9.174683595098394,
            2.5241577356237084,
            -0.17804032843287132
        ],
        [
            1.656592033339182,
            9.607884358411376,
            -0.44107995734564587
        ],
        [
            7.99165380357768,
            1.1362718484745962,
            -0.4021300655397565
        ]
    ],
    "nodes": [
        1,
        1,
        1,
        1
    ],
    "scene": 7
}