{
    "centers": [
        [
            -1.8031146776693667,
            4.064069481208099,
            -0.21928866660345891
        ],
        [
            -9.722415330765568,
            -5.006902227198515,
            -0.11854618764561126
        ],
        [
            5.685902419673059,
            -2.2133985380511767,
            -0.4659149436245839
        ]
    ],
    "nodes": [
        1,
        1,
        3
    ],
    "scene": 7
}