{
    "centers": [
        [
            -5.6019684572864765,
            2.9146162485762233,
            -0.39734324698137813
        ],
        [
            1.8793042233171562,
            -9.573976226301193,
            -0.2983233592053901
        ],
        [
            9.204675550893398,
            -6.1815015664949495,
            -0.3906466905592981
        ],
        [
            0.9308710711713513,
            1.2167231794521314,
            -0.10178799046211467
        ],
        [
            4.199101343304587,
            6.329292422687299,
            -0.1876328501404213
        ]
    ],
    "nodes": [
        1,
        1,
        1,
        1,
        3
    ],
    "scene": 7
}