{
    "centers": [
        [
            1.4753731069062006,
            2.186726264128273,
            -0.19853273942063338
        ],
        [
            -8.674084307554457,
            -6.578855943481187,
            -0.11259569947448789
        ],
        [
            -9.582458286428981,
            -0.7952256834786446,
            -0.2700663955961984
        ]
    ],
    "nodes": [
        1,
        1,
        1
    ],
    "scene": 7
}