{
    "centers": [
        [
            8.782947304248566,
            -0.6063248968872159,
            -0.4792308890259648
        ],
        [
            0.40611542890159313,
            4.2424498784667986,
            -0.3623141620589533
        ],
        [
            -9.551124954890442,
            6.708963569881991,
            -0.41903679808925964
        ]
    ],
    "nodes": [
        1,
        1,
        1
    ],
    "scene": 7
}