{
    "centers": [
        [
            5.789478593323992,
            6.315542006127984,
            -0.30574329762502606
        ],
        [
            -2.6652788981957176,
            -3.721866452394506,
            -0.15080680682383418
        ],
        [
            3.525186672349447,
            -6.678751174945942,
            -0.18533852551480906
        ],
        [
            1.8927912299152823,
            -5.3077266096742886,
            -0.49936781466958785
        ]
    ],
    "nodes": [
        1,
        1,
        1,
        1
    ],
    "scene": 7
}