{
    "centers": [
        [
            8.161761409190465,
            -3.906404945437858,
            -0.20082812696052033
        ],
        [
            -8.241918733336671,
            1.8650863076661022,
            -0.27928774186135147
        ]
    ],
    "nodes": [
        1,
        1
    ],
    "scene": 7
}