{
    "centers": [
        [
            -5.3027677169716725,
            -0.8187388223214107,
            -0.3573307884834954
        ],
        [
            3.767849561209289,
            -6.5609150982956095,
            -0.27636430173323934
        ],
        [
            -7.127148731989214,
            3.806926749686765,
            -0.23538767052678045
        ]
    ],
    "nodes": [
        1,
        1,
        3
    ],
    "scene": 7
}