{
    "centers": [
        [
            6.417069708617756,
            -0.2855468505429215,
            -0.11698499081571168
        ],
        [
            -5.71018805616371,
            -9.590352629060884,
            -0.27862361773796035
        ],
        [
            0.026887706315024573,
            1.4968418309507605,
            -0.16160878889385266
        ]
    ],
    "nodes": [
        1,
        1,
        3
    ],
    "scene": 7
}