{
    "centers": [
        [
            -5.615351162960575,
            8.318017964405765,
            -0.2660717189903865
        ],
        [
            5.287432613146928,
            -8.024093190535336,
            -0.1035370405168356
        ],
        [
            4.432556903423631,
            3.196528946425026,
            -0.143924247390796
        ]
    ],
    "nodes": [
        1,
        1,
        3
    ],
    "scene": 7
}