{
    "centers": [
        [
            -7.935979515956182,
            8.982624180241999,
            -0.24795152864710818
        ],
        [
            2.6285915284667905,
            -5.630355248086634,
            -0.23020560589868816
        ],
        [
            -3.327598379127692,
            -8.501336741903296,
            -0.139848512221589
        ],
        [
            8.628742776700513,
            -1.155612950030367,
            -0.3203266560025655
        ]
    ],
    "nodes": [
        1,
        1,
        1,
        1
    ],
    "scene": 7
}