{
    "centers": [
        [
            -6.907815209650108,
            7.3431355709641934,
            -0.19783571023890845
        ],
        [
            9.766634901929542,
            -4.896455201201424,
            -0.28700886503786427
        ],
        [
            4.289684430052038,
            4.361190657001931,
            -0.4550729333427449
        ]
    ],
    "nodes": [
        1,
        1,
        3
    ],
    "scene": 7
}