{
    "centers": [
        [
            -1.0372246926517548,
            -3.813302263088117,
            -0.3546977140802367
        ],
        [
            4.935455925246135,
            2.0261043539920838,
            -0.31947785719767385
        ],
        [
            8.866895641130014,
            -1.689290506373112,
            -0.4269058498562809
        ],
        [
            7.064501334332775,
            -6.91050606415478,
            -0.10031141565273649
        ]
    ],
    "nodes": [
        1,
        1,
        1,
        1
    ],
    "scene": 7
}