{
    "centers": [
        [
            3.799208330831563,
            -1.0158663043115794,
            -0.3974684103941236
        ],
        [
            -7.386008188565127,
            5.2683947759344445,
            -0.32160444920778897
        ]
    ],
    "nodes": [
        1,
        1
    ],
    "scene": 7
}