{
    "centers": [
        [
            9.387613251734233,
            9.7330586441261,
            -0.10220683765169913
        ],
        [
            -7.390668680357533,
            -0.6178615547688882,
            -0.17648721649021082
        ],
        [
            5.628791742336556,
            0.6866956442208618,
            -0.15864483051124095
        ]
    ],
    "nodes": [
        1,
        1,
        3
    ],
    "scene": 7
}