{
    "centers": [
        [
            -8.29591642659964,
            0.011800288907684475,
            -0.29825284169873845
        ],
        [
            0.018321459898318793,
            -4.219955465502327,
            -0.2949248797389106
        ],
        [
            -1.6776309493073427,
            -6.76329182709569,
            -0.3056717984329874
        ]
    ],
    "nodes": [
        1,
        1,
        3
    ],
    "scene": 7
}