{
    "centers": [
        [
            -2.1605858019529673,
            -6.300477741198069,
            -0.25431406175956595
        ],
        [
            6.370976862969769,
            0.4017859558699026,
            -0.45198897872644195
        ]
    ],
    "nodes": [
        1,
        1
    ],
    "scene": 7
}