{
    "centers": [
        [
            2.95701312515121,
            1.9665911559030196,
            -0.37517395102913087
        ],
        [
            2.1077735540507945,
            -2.3055872506172044,
            -0.23176525907022133
        ],
        [
            -9.706317283098425,
            4.396455924636296,
            -0.4033500039332624
        ]
    ],
    "nodes": [
        1,
        1,
        3
    ],
    "scene": 7
}