{
    "centers": [
        [
            -8.381828724741307,
            -9.557408273988013,
            -0.4157062008373739
        ],
        [
            -5.650061580503585,
            9.189288385069787,
            -0.15421009819390818
        ],
        [
            8.57263230291501,
            -2.173054778155339,
            -0.4951189531377779
        ],
        [
            0.8192856710195073,
            5.591502097457779,
            -0.19815082437412046
        ],
        [
            2.5719553759800267,
            -2.994507363648511,
            -0.4674989399534853
        ]
    ],
    "nodes": [
        1,
        1,
        1,
        1,
        3
    ],
    "scene": 7
}