{
    "centers": [
        [
            5.396700681031044,
            6.999725717473616,
            -0.49539140868145803
        ],
        [
            -6.498917399728008,
            8.265264711509936,
            -0.37638409593200123
        ],
        [
            9.519479145286468,
            3.390339044986641,
            -0.4759323475624907
        ],
        [
            7.069057409159402,
            1.043525482311578,
            -0.10177927949462617
        ],
        [
            0.7062499966357834,
            -1.3047816262313638,
            -0.4557911360975992
        ]
    ],
    "nodes": [
        1,
        1,
        1,
        1,
        3
    ],
    "scene": 7
}