{
    "centers": [
        [
            8.545032804191614,
            -2.313514384172173,
            -0.3244180940641753
        ],
        [
            6.286825167657778,
            3.930580837617935,
            -0.4737872652737831
        ],
        [
            -2.566842566169772,
            4.826994084526561,
            -0.11723528566092706
        ],
        [
            -5.520191399749155,
            -9.531912852719111,
            -0.26892549543439737
        ]
    ],
    "nodes": [
        1,
        1,
        1,
        1
    ],
    "scene": 7
}