{
    "centers": [
        [
            -1.241518222049807,
            -9.881356337132548,
            -0.41035911770875677
        ],
        [
            -4.4146051951697185,
            0.420110883952427,
            -0.45906304242251694
        ],
        [
            1.9870924384430069,
            6.079105603326578,
            -0.2661477958196925
        ]
    ],
    "nodes": [
        1,
        1,
        3
    ],
    "scene": 7
}