{
    "centers": [
        [
            5.622783185411054,
            3.090892704588482,
            -0.30018343268991454
        ],
        [
            1.9702676267578507,
            5.589283972339416,
            -0.3366067928497559
        ],
        [
            -1.454701819025292,
            -5.196249631835867,
            -0.2520811800667313
        ],
        [
            3.440060604062351,
            -3.2610401036585586,
            -0.224393497202873
        ],
        [
            4.731564143540673,
            -1.7689621144841041,
            -0.21962586329098716
        ]
    ],
    "nodes": [
        1,
        1,
        1,
        1,
        3
    ],
    "scene": 7
}