{
    "centers": [
        [
            -0.3198609904370038,
            3.5236599663576236,
            -0.32633151861658705
        ],
        [
            -3.1029836175017937,
            -6.025934560422157,
            -0.4805417247546893
        ],
        [
            7.9980970456781755,
            -3.16499421943353,
            -0.18246317636720982
        ]
    ],
    "nodes": [
        1,
        1,
        1
    ],
    "scene": 7
}