{
    "centers": [
        [
            -2.4763950122053373,
            -0.8764208031889371,
            -0.3767505435616746
        ],
        [
            7.012454633124758,
            4.678090031864009,
            -0.10856046091078175
        ]
    ],
    "nodes": [
        1,
        1
    ],
    "scene": 7
}