{
    "centers": [
        [
            1.147991228218972,
            4.077406452729367,
            -0.2841150393721712
        ],
        [
            -3.9166587261452452,
            8.531662484963313,
            -0.21096579784829844
        ],
        [
            8.934491130209725,
            6.652081992160312,
            -0.4550371896920349
        ]
    ],
    "nodes": [
        1,
        1,
        3
    ],
    "scene": 7
}