{
    "centers": [
        [
            3.7203122061817577,
            1.6132512573082476,
            -0.3246191558632613
        ],
        [
            1.3325498660355901,
            -6.711282301696113,
            -0.18367061658884437
        ],
        [
            0.07803035743536846,
            -3.2796054024229093,
            -0.2616438352154219
        ]
    ],
    "nodes": [
        1,
        1,
        3
    ],
    "scene": 7
}