{
    "centers": [
        [
            8.460982561033795,
            -3.5508102984626966,
            -0.3407130760686018
        ],
        [
            9.604374033884739,
            3.0770487448638164,
            -0.3122595062433836
        ],
        [
            -8.586711516013006,
            -9.228445649459163,
            -0.48704455172113087
        ],
        [
            -2.2449953818047907,
            -7.586902678822234,
            -0.38109309803910674
        ]
    ],
    "nodes": [
        1,
        1,
        1,
        1
    ],
    "scene": 7
}