{
    "centers": [
        [
            -9.609198753229292,
            -1.6301666470209764,
            -0.3770681968950529
        ],
        [
            3.22507830254132,
            0.5118536006275072,
            -0.13297040021878287
        ],
        [
            -7.391034124464795,
            -5.1866632447715215,
            -0.12873960378695581
        ],
        [
            -8.677873651610085,
            8.431300857065573,
            -0.21605178010240628
        ]
    ],
    "nodes": [
        2,
        2,
        2,
        2
    ],
    "scene": 8
}