{
    "centers": [
        [
            -3.8804201984498228,
            -5.134305723272794,
            -0.27602805759722926
        ],
        [
            5.795386493024131,
            1.7655121402855656,
            -0.18446449442807272
        ],
        [
            9.982511870041137,
            8.07596791902974,
            -0.4503707508040634
        ],
        [
            -6.691309275047921,
            -0.04871422019778571,
            -0.4405376884269942
        ],
        [
            1.2329106464262658,
            6.6048879777736715,
            -0.18386565347491257
        ]
    ],
    "nodes": [
        2,
        2,
        2,
        2,
        2
    ],
    "scene": 8
}