{
    "centers": [
        [
            -5.2353127560514885,
            -0.2997547346093157,
            -0.497975135293914
        ],
        [
            -1.4955321495678486,
            -4.670073342471559,
            -0.3671623577113975
        ],
        [
            -8.913390561919092,
            -2.182718114795965,
            -0.3933305640421774
        ]
    ],
    "nodes": [
        2,
        2,
        3
    ],
    "scene": 8
}