{
    "centers": [
        [
            8.679667265133808,
            -9.5215077860367,
            -0.46210810414003844
        ],
        [
            3.170847888644408,
            4.577063230395336,
            -0.36786314327557246
        ],
        [
            -2.670139864844665,
            -2.1664071781570327,
            -0.19164928023725347
        ],
        [
            -8.14496310297061,
            9.754632273321509,
            -0.18865541807800335
        ],
        [
            -1.6046867916254914,
            8.035390411939165,
            -0.3925104376736408
        ]
    ],
    "nodes": [
        2,
        2,
        2,
        2,
        2
    ],
    "scene": 8
}