{
    "centers": [
        [
            -7.406907991291929,
            8.6463492317894,
            -0.42429055636714497
        ],
        [
            8.238092096120948,
            4.79744295304717,
            -0.34573925380325277
        ],
        [
            9.348482004085806,
            -2.291033899136183,
            -0.27108065233453305
        ]
    ],
    "nodes": [
        2,
        2,
        3
    ],
    "scene": 8
}