{
    "centers": [
        [
            2.5473779280898317,
            -8.188861324104156,
            -0.17264578677447912
        ],
        [
            -7.698726823562878,
            6.016339640758588,
            -0.2757723099494096
        ],
        [
            -5.702467879239661,
            -4.111640698913426,
            -0.410094435449803
        ],
        [
            6.845612348888277,
            0.08991119339924403,
            -0.25572242391866773
        ],
        [
            8.04899376886797,
            3.4825059293461536,
            -0.12669398642562835
        ]
    ],
    "nodes": [
        2,
        2,
        2,
        2,
        3
    ],
    "scene": 8
}