{
    "centers": [
        [
            5.1138275634572885,
            -8.065646726050197,
            -0.37297070284359457
        ],
        [
            3.261254124526495,
            1.2312684985623807,
            -0.20741752291662024
        ],
        [
            1.5170739860774454,
            7.1746850658881876,
            -0.17025130039890612
        ]
    ],
    "nodes": [
        2,
        2,
        2
    ],
    "scene": 8
}