{
    "centers": [
        [
            6.077473272600059,
            -9.818652240608143,
            -0.4282002955428383
        ],
        [
            -5.453623285374278,
            4.958567299864471,
            -0.4942363418707741
        ],
        [
            0.8273522873076438,
            2.5192814697362547,
            -0.13892983185876207
        ],
        [
            -8.389630929826568,
            0.2754176603881433,
            -0.3990322305189782
        ]
    ],
    "nodes": [
        2,
        2,
        2,
        2
    ],
    "scene": 8
}