{
    "centers": [
        [
            -1.6771274162899061,
            9.727672957327236,
            -0.37199164657229145
        ],
        [
            7.997444594178983,
            -5.694673166600721,
            -0.293242726363955
        ],
        [
            -8.705697018413286,
            1.8864443190541085,
            -0.3730624335205991
        ]
    ],
    "nodes": [
        2,
        2,
        3
    ],
    "scene": 8
}