{
    "centers": [
        [
            9.062642285709945,
            -0.8412523605229616,
            -0.22847992912321913
        ],
        [
            -7.004524989746659,
            6.532694390661746,
            -0.1765494145384574
        ],
        [
            4.552231663426481,
            -4.8101480273392845,
            -0.3165440136165967
        ],
        [
            -9.9073250342415,
            -7.1154866859161015,
            -0.32437504555551555
        ]
    ],
    "nodes": [
        2,
        2,
        2,
        3
    ],
    "scene": 8
}