{
    "centers": [
        [
            -3.782058247269717,
            5.753805895922991,
            -0.35015792839155524
        ],
        [
            -4.576279754114594,
            -5.523177513067898,
            -0.17107714462073215
        ],
        [
            6.801828462055788,
            8.313995401105466,
            -0.27616397354909294
        ],
        [
            -6.423455456552693,
            -0.3253976268166987,
            -0.3105497945551731
        ],
        [
            -9.656744330763908,
            -3.9129348792361007,
            -0.46947918046341275
        ],
        [
            1.4144940646936206,
            7.311861667590389,
            -0.290222787683311
        ]
    ],
    "nodes": [
        2,
        2,
        2,
        2,
        2,
        3
    ],
    "scene": 8
}