{
    "centers": [
        [
            1.7744455813701876,
            7.429549941761408,
            -0.2529226413352474
        ],
        [
            5.010050054973714,
            -0.5051951796459075,
            -0.2602499022290247
        ],
        [
            -7.910565493137605,
            -4.832152823883331,
            -0.18906152326564357
        ]
    ],
    "nodes": [
        2,
        2,
        3
    ],
    "scene": 8
}