{
    "centers": [
        [
            2.6490129460844063,
            8.766339103293582,
            -0.33268006336415834
        ],
        [
            3.9044954673092285,
            4.438097664117729,
            -0.20330324478396916
        ],
        [
            1.7212727692840275,
            0.7741989096108188,
            -0.4047254357330484
        ]
    ],
    "nodes": [
        2,
        2,
        2
    ],
    "scene": 8
}