{
    "centers": [
        [
            -2.234760104065474,
            -1.1661899550569927,
            -0.3707129427594973
        ],
        [
            -1.0492344950201034,
            -8.006526489136325,
            -0.2015645183796591
        ],
        [
            -9.712644522060055,
            -3.1656596850392438,
            -0.18724305488718113
        ]
    ],
    "nodes": [
        2,
        2,
        3
    ],
    "scene": 8
}