{
    "centers": [
        [
            -9.961314419238947,
            -3.631464445048911,
            -0.363031094571273
        ],
        [
            -2.8056075318950935,
            9.89188068949733,
            -0.4202892167303667
        ],
        [
            5.9696375909262755,
            1.8130953261041718,
            -0.2746507942733529
        ],
        [
            -6.661045696859674,
            4.947177456385843,
            -0.4778975666409232
        ],
        [
            -3.736465383290759,
            3.371070078965868,
            -0.34005897937768176
        ]
    ],
    "nodes": [
        2,
        2,
        2,
        2,
        2
    ],
    "scene": 8
}