{
    "centers": [
        [
            -6.271039747220534,
            -5.916634658089914,
            -0.4374013777123061
        ],
        [
            -2.4792666205305043,
            -8.540665362849193,
            -0.2713483714682885
        ],
        [
            -9.841604442120488,
            -0.14058663402897054,
            -0.22528652408972843
        ],
        [
            2.2676210338998253,
            6.557492788091711,
            -0.4043929579123939
        ],
        [
            -5.4773434517798725,
            7.83345069098765,
            -0.37103690140902934
        ]
    ],
    "nodes": [
        2,
        2,
        2,
        2,
        3
    ],
    "scene": 8
}