{
    "centers": [
        [
            -3.9513572866445497,
            9.02416504182693,
            -0.39792136399334704
        ],
        [
            -5.472100179389042,
            -0.7229694188883169,
            -0.3378613478214233
        ]
    ],
    "nodes": [
        2,
        2
    ],
    "scene": 8
}