{
    "centers": [
        [
            -7.610131720522453,
            4.823824372235519,
            -0.38737942673562353
        ],
        [
            -0.0009208952296475559,
            -0.002645720622435732,
            -0.20718781201876862
        ],
        [
            1.2774499237554178,
            9.236275127712972,
            -0.4112951267780839
        ],
        [
            3.713311776909789,
            6.796541854878932,
            -0.47940167423621555
        ],
        [
            -8.772633857019262,
            -6.880547522698663,
            -0.1772494360603279
        ]
    ],
    "nodes": [
        2,
        2,
        2,
        2,
        3
    ],
    "scene": 8
}