{
    "centers": [
        [
            2.939391015072051,
            6.857463913568523,
            -0.22685590904362446
        ],
        [
            3.6974569622152114,
            -8.703599390039967,
            -0.37220842917113084
        ],
        [
            7.114084996304445,
            -5.776510087652536,
            -0.4763608586297376
        ],
        [
            -1.394209057120129,
            5.351802951290079,
            -0.18566362107316436
        ]
    ],
    "nodes": [
        2,
        2,
        2,
        2
    ],
    "scene": 8
}