{
    "centers": [
        [
            7.066995432656547,
            -3.29611259703759,
            -0.40037111864056496
        ],
        [
            2.040093469583354,
            6.094664867619496,
            -0.4197376585514323
        ]
    ],
    "nodes": [
        2,
        2
    ],
    "scene": 8
}