{
    "centers": [
        [
            -9.696140303004707,
            9.644464868203467,
            -0.27013556529143445
        ],
        [
            9.231877867344298,
            -6.81999955118245,
            -0.1701338251557053
        ],
        [
            2.4941741387535927,
            -1.3572851181612648,
            -0.28592292389983087
        ],
        [
            4.769201862244223,
            3.3758668830290883,
            -0.17376309994091726
        ]
    ],
    "nodes": [
        2,
        2,
        2,
        3
    ],
    "scene": 8
}