{
    "centers": [
        [
            9.941400105455614,
            -1.44958523855977,
            -0.2826361002826513
        ],
        [
            -9.664997058874402,
            -4.876051227315193,
            -0.13786577786455967
        ],
        [
            1.8880637575912935,
            -6.859982724077813,
            -0.2787746836673719
        ],
        [
            1.1134516205603369,
            7.251221664073519,
            -0.46220861774142946
        ],
        [
            4.168385559814032,
            -8.7617842856904,
            -0.22880394578087965
        ]
    ],
    "nodes": [
        2,
        2,
        2,
        2,
        2
    ],
    "scene": 8
}