{
    "centers": [
        [
            2.765676564107933,
            -8.59244549567767,
            -0.45946181685498017
        ],
        [
            4.606588648397739,
            8.684882760997688,
            -0.4441200053725728
        ]
    ],
    "nodes": [
        2,
        2
    ],
    "scene": 8
}