{
    "centers": [
        [
            0.8587584911099011,
            -7.753744212872295,
            -0.17240020152929558
        ],
        [
            -5.499510405595894,
            1.1292248071680788,
            -0.22040999526716615
        ]
    ],
    "nodes": [
        2,
        2
    ],
    "scene": 8
}