{
    "centers": [
        [
            -9.083016286415997,
            -2.838935861277376,
            -0.47592930172492437
        ],
        [
            -5.199223564656963,
            0.3418619354848129,
            -0.45669873702009617
        ]
    ],
    "nodes": [
        2,
        2
    ],
    "scene": 8
}