{
    "centers": [
        [
            -4.535985955687847,
            -4.04231196421168,
            -0.10019308232089358
        ],
        [
            3.6522170644880134,
            1.8989992001417662,
            -0.28866428990841386
        ],
        [
            -0.6422219023655913,
            6.618713582261918,
            -0.33799629943654386
        ]
    ],
    "nodes": [
        2,
        2,
        2
    ],
    "scene": 8
}