{
    "centers": [
        [
            -4.464058613116146,
            -3.898384686078442,
            -0.1774312775046899
        ],
        [
            -2.809052835149515,
            7.814928348800343,
            -0.2938036167877988
        ],
        [
            -7.183340192292523,
            -0.2967946301237756,
            -0.1504982303685949
        ]
    ],
    "nodes": [
        2,
        2,
        3
    ],
    "scene": 8
}