{
    "centers": [
        [
            5.886106061000508,
            8.516478820651841,
            -0.49647692706713226
        ],
        [
            -3.7101536011217906,
            5.927767483669539,
            -0.3150810005595478
        ],
        [
            -1.2131358312574942,
            -5.723242974356316,
            -0.4599801092349699
        ],
        [
            7.072886418659483,
            -2.9816010112372204,
            -0.19378423610443846
        ],
        [
            -7.3083459702873625,
            2.9054510931348343,
            -0.32918258242724296
        ]
    ],
    "nodes": [
        2,
        2,
        2,
        2,
        2
    ],
    "scene": 8
}