{
    "centers": [
        [
            -4.708441582040425,
            4.520799127903601,
            -0.4707941182234735
        ],
        [
            -9.791616687215877,
            8.925704842744576,
            -0.14097139527508773
        ]
    ],
    "nodes": [
        2,
        2
    ],
    "scene": 8
}