{
    "centers": [
        [
            -9.204249050855836,
            0.09959360339686185,
            -0.3164342355766689
        ],
        [
            9.861427018626003,
            2.492863505337162,
            -0.4711133318917944
        ]
    ],
    "nodes": [
        2,
        2
    ],
    "scene": 8
}