{
    "centers": [
        [
            5.955552873687164,
            4.316044697213886,
            -0.40501593305551586
        ],
        [
            7.587479882013849,
            7.9955516920761625,
            -0.2523450662866339
        ],
        [
            -6.249808987949546,
            -5.16038928839885,
            -0.15379194624533332
        ]
    ],
    "nodes": [
        2,
        2,
        2
    ],
    "scene": 8
}