{
    "centers": [
        [
            -7.114588479121786,
            1.8727461698475079,
            -0.46022828536959615
        ],
        [
            7.136065350409211,
            5.703273222435843,
            -0.19252929057100365
        ],
        [
            -8.48427940565802,
            -7.363223563389292,
            -0.4723127331040123
        ],
        [
            -4.0774557083835745,
            0.4460036956721165,
            -0.3946439887281586
        ],
        [
            8.46323451890941,
            8.1196533535295,
            -0.3564577360022684
        ]
    ],
    "nodes": [
        2,
        2,
        2,
        2,
        2
    ],
    "scene": 8
}