{
    "centers": [
        [
            -5.835654338768082,
            -2.2449628189683484,
            -0.25644056049939323
        ],
        [
            -2.9500567433297515,
            0.47129667219870086,
            -0.4727339176782147
        ],
        [
            -9.820849731547383,
            -5.796038430277848,
            -0.3978298765259447
        ],
        [
            -3.9724044634525697,
            2.544842898953675,
            -0.4157537969871421
        ],
        [
            -6.529741052814075,
            4.053639235116634,
            -0.18338628503196186
        ]
    ],
    "nodes": [
        2,
        2,
        2,
        2,
        2
    ],
    "scene": 8
}