{
    "centers": [
        [
            -4.000828199122877,
            9.681015313459667,
            -0.3943017437685383
        ],
        [
            -6.430295213232975,
            1.1842329962470046,
            -0.1179980434019004
        ],
        [
            7.396792710996763,
            6.479422158554826,
            -0.46416400747742304
        ],
        [
            1.9296732916078412,
            -8.84207194326965,
            -0.16785090451973533
        ]
    ],
    "nodes": [
        2,
        2,
        2,
        2
    ],
    "scene": 8
}