{
    "centers": [
        [
            -4.433742496411326,
            -3.8058338404581598,
            -0.31967554811905996
        ],
        [
            -1.4820202481111426,
            -7.95660285467958,
            -0.23040556808551388
        ],
        [
            -6.599670433521705,
            8.96758435508788,
            -0.2700760796320172
        ]
    ],
    "nodes": [
        2,
        2,
        3
    ],
    "scene": 8
}