{
    "centers": [
        [
            -0.7582887344418374,
            6.318204027395332,
            -0.263269298948963
        ],
        [
            3.669174066688914,
            -5.0691234630139315,
            -0.24952625617671537
        ],
        [
            1.1796665954954193,
            -9.685032063409995,
            -0.19469476072520875
        ],
        [
            2.2918239160229987,
            -2.0743766389805955,
            -0.39478327091328314
        ],
        [
            7.575994549690787,
            3.7211728023421724,
            -0.41522137965540873
        ],
        [
            -3.8259038217123393,
            -6.770729533499329,
            -0.25608099385736505
        ]
    ],
    "nodes": [
        2,
        2,
        2,
        2,
        2,
        3
    ],
    "scene": 8
}