{
    "centers": [
        [
            -7.866059441121573,
            -5.791771690338163,
            -0.18174343033693446
        ],
        [
            1.0961555355125192,
            -8.588732824123234,
            -0.33212602676209824
        ]
    ],
    "nodes": [
        2,
        2
    ],
    "scene": 8
}