{
    "centers": [
        [
            4.4800044944006885,
            -4.754518368466709,
            -0.17550192195209707
        ],
        [
            -0.831485615795458,
            1.5993943599298888,
            -0.38524429692259016
        ],
        [
            -5.4175030505228,
            5.56216296514096,
            -0.1747333001572935
        ],
        [
            -7.009798434678891,
            -1.84297285905323,
            -0.340781462297687
        ]
    ],
    "nodes": [
        2,
        2,
        2,
        2
    ],
    "scene": 8
}