{
    "centers": [
        [
            -0.8090599078410836,
            -0.2937181313369699,
            -0.49279937145228697
        ],
        [
            8.646274978398935,
            1.2852634378805554,
            -0.4333952990433164
        ],
        [
            3.7011971914374158,
            6.101351254142031,
            -0.4065321247639221
        ],
        [
            -7.728503542348211,
            -4.912320200703196,
            -0.22878758218463197
        ],
        [
            5.41334882767228,
            9.793424297969079,
            -0.24032920902055044
        ]
    ],
    "nodes": [
        2,
        2,
        2,
        2,
        3
    ],
    "scene": 8
}