{
    "centers": [
        [
            6.311078859399618,
            -3.199392966736763,
            -0.3368110949822515
        ],
        [
            1.9574605348180025,
            3.997714240754437,
            -0.33119179850158376
        ]
    ],
    "nodes": [
        2,
        2
    ],
    "scene": 8
}