{
    "centers": [
        [
            3.269097020237904,
            0.782995660036967,
            -0.2497897632060399
        ],
        [
            5.909482651737502,
            5.371293210160275,
            -0.10107817707939437
        ],
        [
            -4.329232302870672,
            9.284823880469286,
            -0.24241271927889024
        ],
        [
            -0.5587955080460727,
            -1.2628499131185116,
            -0.11072981054580405
        ],
        [
            7.603689710752622,
            -9.41125594892714,
            -0.38236040149342904
        ],
        [
            -8.074150924255228,
            -4.7624704240804805,
            -0.3957637678580689
        ]
    ],
    "nodes": [
        2,
        2,
        2,
        2,
        2,
        3
    ],
    "scene": 8
}