{
    "centers": [
        [
            -8.48831804612784,
            1.9485364682891397,
            -0.38779688607143453
        ],
        [
            8.887287881016231,
            -4.261885274466646,
            -0.268771053246856
        ],
        [
            4.025851589655023,
            9.981684700178267,
            -0.12745930540050865
        ]
    ],
    "nodes": [
        2,
        2,
        3
    ],
    "scene": 8
}