{
    "centers": [
        [
            -5.3261684546486325,
            0.8913059876899165,
            -0.23797657277963274
        ],
        [
            8.68239753301961,
            -4.65747762835522,
            -0.2832310827891039
        ],
        [
            -3.6923700537236233,
            3.198453913629482,
            -0.1865597076066698
        ]
    ],
    "nodes": [
        2,
        2,
        2
    ],
    "scene": 8
}