{
    "centers": [
        [
            0.5836459396113973,
            7.519869368056288,
            -0.30071528161154026
        ],
        [
            -5.609934591623775,
            -2.3687526975163475,
            -0.13304009683080414
        ]
    ],
    "nodes": [
        2,
        2
    ],
    "scene": 8
}