{
    "centers": [
        [
            8.569090785586798,
            -3.9651540352038994,
            -0.12024520658711424
        ],
        [
            -7.916333495641357,
            -8.319979212526107,
            -0.20783381843759025
        ],
        [
            -3.922495556105712,
            7.0881847762956305,
            -0.3869065440398495
        ]
    ],
    "nodes": [
        2,
        2,
        2
    ],
    "scene": 8
}