{
    "centers": [
        [
            -8.187608294012222,
            7.9078331649143685,
            -0.16471729746983632
        ],
        [
            7.316619991192287,
            2.132743890761917,
            -0.32071543921929435
        ],
        [
            -1.0038629399687515,
            0.010521072257612119,
            -0.2872937980495974
        ]
    ],
    "nodes": [
        2,
        2,
        2
    ],
    "scene": 8
}