{
    "centers": [
        [
            -3.7996187506127495,
            4.825879525112512,
            -0.16228291047968824
        ],
        [
            -9.883359315463911,
            -1.7584110642052941,
            -0.31027042060512156
        ],
        [
            -6.548055497035447,
            0.29069191887541734,
            -0.28404489782770737
        ],
        [
            -1.0200476134091545,
            -9.222834639394899,
            -0.2193442007155923
        ]
    ],
    "nodes": [
        2,
        2,
        2,
        2
    ],
    "scene": 8
}