{
    "centers": [
        [
            1.5895850543741261,
            -9.815650244247028,
            -0.35487721584670195
        ],
        [
            -2.8104005829656797,
            2.471484123012509,
            -0.30841301267293153
        ],
        [
            5.090429535187544,
            9.253621693559886,
            -0.42654554323613614
        ],
        [
            -5.481686715272631,
            1.2238540369847772,
            -0.11985511543143634
        ]
    ],
    "nodes": [
        2,
        2,
        2,
        3
    ],
    "scene": 8
}