{
    "centers": [
        [
            4.672217702727258,
            6.478321644853889,
            -0.35368071020928243
        ],
        [
            -5.960777447429033,
            2.2620210815818567,
            -0.4674947947296266
        ],
        [
            -1.027485953018811,
            9.606037743798506,
            -0.17855068462258522
        ]
    ],
    "nodes": [
        2,
        2,
        3
    ],
    "scene": 8
}