{
    "centers": [
        [
            5.688000412001591,
            -3.600010741275841,
            -0.36805439691507824
        ],
        [
            -7.541322350101616,
            -7.476053614825018,
            -0.4219651146236071
        ]
    ],
    "nodes": [
        2,
        2
    ],
    "scene": 8
}