{
    "centers": [
        [
            3.1544853828780717,
            7.459098183669898,
            -0.22108211635332164
        ],
        [
            9.773665533151714,
            -8.754621837789465,
            -0.11204128652401996
        ]
    ],
    "nodes": [
        2,
        2
    ],
    "scene": 8
}