{
    "centers": [
        [
            -5.753312510878585,
            -1.5870666267732592,
            -0.3728233619657344
        ],
        [
            -2.7256284910567246,
            0.9294176335627053,
            -0.37391581551047004
        ]
    ],
    "nodes": [
        2,
        2
    ],
    "scene": 8
}