{
    "centers": [
        [
            3.945550773422852,
            -1.8056371838699565,
            -0.23515280612095657
        ],
        [
            -1.3024277107514592,
            -4.221119424014725,
            -0.41697978486258
        ],
        [
            -7.5218303889642435,
            1.0903251325147263,
            -0.20632455027215518
        ],
        [
            2.665566603296739,
            6.642281655937552,
            -0.265614732835069
        ]
    ],
    "nodes": [
        2,
        2,
        2,
        3
    ],
    "scene": 8
}