{
    "centers": [
        [
            -1.080081198209804,
            -2.7391004024677272,
            -0.4226648920412216
        ],
        [
            -7.5607364880739,
            3.36664357614964,
            -0.22852698034694557
        ],
        [
            -6.75987019508081,
            -1.0676338680326296,
            -0.2752004833934264
        ],
        [
            6.5298002743718655,
            1.9065102272589698,
            -0.34566182614770957
        ]
    ],
    "nodes": [
        2,
        2,
        2,
        3
    ],
    "scene": 8
}