{
    "centers": [
        [
            -0.3576055169037211,
            -4.3408245922338455,
            -0.10392344708102214
        ],
        [
            3.8768655240723113,
            -6.670001985240585,
            -0.3443653941846475
        ],
        [
            6.981317558706415,
            -1.208972419082226,
            -0.1092781763578703
        ],
        [
            5.080528071285961,
            0.15423464719123814,
            -0.463912910306005
        ]
    ],
    "nodes": [
        2,
        2,
        2,
        3
    ],
    "scene": 8
}