{
    "centers": [
        [
            7.493402797655818,
            2.1205369232459255,
            -0.20748765249064133
        ],
        [
            -0.4756800854243153,
            8.507805520078243,
            -0.10880452866220552
        ],
        [
            -4.953555261797842,
            -1.1283535865286751,
            -0.25785338379549727
        ],
        [
            -3.0932630541359423,
            6.339191082912187,
            -0.3899879510837475
        ],
        [
            0.18975916159612538,
            -9.982717005381133,
            -0.10461344702559328
        ],
        [
            9.015145220376088,
            0.576507630437721,
            -0.16078885350138017
        ]
    ],
    "nodes": [
        2,
        2,
        2,
        2,
        2,
        3
    ],
    "scene": 8
}