{
    "centers": [
        [
            3.939037339535874,
            -7.021787750990496,
            -0.2632398839202383
        ],
        [
            8.873006752032321,
            9.96511541732557,
            -0.18525043932473373
        ],
        [
            -2.777176310796124,
            -5.59683009247774,
            -0.15445622888328342
        ],
        [
            -9.522672665659842,
            5.614410395031877,
            -0.43100854288068735
        ]
    ],
    "nodes": [
        2,
        2,
        2,
        2
    ],
    "scene": 8
}