{
    "centers": [
        [
            -4.4988391891638235,
            -7.0042142926264255,
            -0.23432775310175086
        ],
        [
            -8.211328412803251,
            8.387340920328835,
            -0.167973562994508
        ],
        [
            3.406056280760412,
            0.20130974541777746,
            -0.21595787025449736
        ],
        [
            -2.5047242049087703,
            5.833227002154192,
            -0.1627164571075268
        ],
        [
            -0.7571256807060962,
            -9.673077855111922,
            -0.33868825942296754
        ]
    ],
    "nodes": [
        2,
        2,
        2,
        2,
        3
    ],
    "scene": 8
}