{
    "centers": [
        [
            -3.489697623531727,
            -7.264558158866623,
            -0.2939839627832725
        ],
        [
            3.650679079801659,
            -4.0173578226413635,
            -0.13934557440320944
        ],
        [
            9.854873672734008,
            -0.25939741593136034,
            -0.4453049048078358
        ]
    ],
    "nodes": [
        2,
        2,
        3
    ],
    "scene": 8
}