{
    "centers": [
        [
            -5.0834507726796385,
            7.168832168481828,
            -0.12526973998852453
        ],
        [
            8.585174891979197,
            0.957857090706538,
            -0.36938308852690516
        ],
        [
            5.8003348032670505,
            -7.267236330031417,
            -0.31539352354812955
        ],
        [
            -7.400656684997749,
            3.2345124849270306,
            -0.2438389131529755
        ],
        [
            1.8929621753990293,
            -0.4931671878050121,
            -0.3335412318681459
        ],
        [
            6.6543671035529535,
            -9.750577531997456,
            -0.2424780067583358
        ]
    ],
    "nodes": [
        2,
        2,
        2,
        2,
        2,
        3
    ],
    "scene": 8
}