{
    "centers": [
        [
            -6.9583755510566,
            -4.041885368630098,
            -0.24870820942160082
        ],
        [
            1.416745846954175,
            3.023769372310653,
            -0.17731857123340977
        ],
        [
            -9.721196149187,
            -0.3967508642932227,
            -0.16343075425397702
        ]
    ],
    "nodes": [
        2,
        2,
        2
    ],
    "scene": 8
}