{
    "centers": [
        [
            -3.60433762388028,
            9.540548246793993,
            -0.1917225768515482
        ],
        [
            -8.18057926275645,
            6.149727269672624,
            -0.23668381179335185
        ]
    ],
    "nodes": [
        2,
        2
    ],
    "scene": 8
}