{
    "centers": [
        [
            4.9557038706536805,
            3.8246349286178507,
            -0.33714424584905023
        ],
        [
            -6.165445713933764,
            -7.43495300277305,
            -0.3673431238924545
        ]
    ],
    "nodes": [
        2,
        2
    ],
    "scene": 8
}