{
    "centers": [
        [
            -0.51521924514104,
            -2.909587585825366,
            -0.17823324632133208
        ],
        [
            -7.004726343692978,
            6.247831716683056,
            -0.3818879180457342
        ],
        [
            -5.877732352181511,
            -0.9314340107883368,
            -0.47681638363156936
        ],
        [
            -3.1116155457153667,
            4.028044996162201,
            -0.4660284145778551
        ],
        [
            -8.241145945474367,
            0.6583044916736469,
            -0.13234518404248496
        ]
    ],
    "nodes": [
        2,
        2,
        2,
        2,
        2
    ],
    "scene": 8
}