{
    "centers": [
        [
            3.5249804803715286,
            -5.295255528247216,
            -0.2965610925469177
        ],
        [
            6.529758968219447,
            -7.9671417501945125,
            -0.48066313917847553
        ],
        [
            7.719266549597904,
            3.2178426460272487,
            -0.2944108585794841
        ]
    ],
    "nodes": [
        2,
        2,
        3
    ],
    "scene": 8
}