{
    "centers": [
        [
            4.68799344693273,
            -0.44960685924028176,
            -0.13917729445968624
        ],
        [
            0.6311779639528918,
            8.289634443136752,
            -0.17048496761438864
        ],
        [
            -6.0987746322610565,
            1.2864120673702732,
            -0.27591564213589637
        ],
        [
            9.809091093270109,
            -5.1875123224123705,
            -0.1420006360227104
        ],
        [
            7.3363265952138015,
            3.8510879537059868,
            -0.33548981143411727
        ]
    ],
    "nodes": [
        2,
        2,
        2,
        2,
        3
    ],
    "scene": 8
}