{
    "centers": [
        [
            0.5421872427414716,
            5.705445959723006,
            -0.2606975069491849
        ],
        [
            5.83679189852603,
            -0.13584784218022783,
            -0.27281741442755403
        ]
    ],
    "nodes": [
        2,
        2
    ],
    "scene": 8
}