{
    "centers": [
        [
            -6.528864369635128,
            -4.304056186676474,
            -0.27171379167382537
        ],
        [
            -7.217366214773239,
            -0.05539576411598368,
            -0.3246483316066737
        ],
        [
            -9.582436463984337,
            -2.368977250387598,
            -0.4137508527213179
        ],
        [
            5.7683242534313806,
            5.397009933764467,
            -0.442501675994735
        ]
    ],
    "nodes": [
        2,
        2,
        2,
        2
    ],
    "scene": 8
}