{
    "centers": [
        [
            -6.124226699651181,
            -8.930320083422256,
            -0.23387097189033035
        ],
        [
            -0.8905963639333763,
            3.990396011261545,
            -0.37006931952096433
        ],
        [
            9.369809657909265,
            -2.794086731313092,
            -0.3591926943103162
        ],
        [
            7.014262389284305,
            5.672491675685507,
            -0.2282096881613816
        ],
        [
            6.34838598172221,
            -6.424441192700341,
            -0.2462288952863737
        ],
        [
            -9.412836416513473,
            -7.688550056275078,
            -0.3883935947925305
        ]
    ],
    "nodes": [
        2,
        2,
        2,
        2,
        2,
        3
    ],
    "scene": 8
}