{
    "centers": [
        [
            7.009213094396607,
            7.580180643762191,
            -0.43615082178246484
        ],
        [
            -6.751942551085593,
            -2.8043453505356304,
            -0.19143905550726054
        ],
        [
            -5.516269763506578,
            0.46002126355732287,
            -0.11339934302226895
        ],
        [
            3.4142433345015526,
            -4.365144519101099,
            -0.24267840598081636
        ]
    ],
    "nodes": [
        2,
        2,
        2,
        3
    ],
    "scene": 8
}