{
    "centers": [
        [
            -6.6304947156173455,
            3.788553252568194,
            -0.4443812826813315
        ],
        [
            -9.645605521550598,
            -9.289048784058728,
            -0.48752600722175793
        ],
        [
            7.950208062914658,
            5.3986474688249775,
            -0.48005621808537025
        ],
        [
            9.92047618778981,
            -1.6802314734540236,
            -0.13527398598441248
        ],
        [
            3.534889806830641,
            7.294818227983562,
            -0.10048280474409838
        ]
    ],
    "nodes": [
        2,
        2,
        2,
        2,
        2
    ],
    "scene": 8
}