{
    "centers": [
        [
            -5.20952796265899,
            -5.148967447850632,
            -0.21754889185322485
        ],
        [
            -9.708600953582675,
            1.691127063793541,
            -0.3683998964446924
        ],
        [
            2.026119368605956,
            4.088953451332388,
            -0.4499533647786122
        ],
        [
            4.111821889908347,
            6.968250735358819,
            -0.48615729127913654
        ]
    ],
    "nodes": [
        2,
        2,
        2,
        2
    ],
    "scene": 8
}