{
    "centers": [
        [
            -7.705407903409986,
            -1.090282176624962,
            -0.11461372116191981
        ],
        [
            -3.129522958609998,
            -6.5583650577398345,
            -0.44633809139497505
        ],
        [
            5.141275061090308,
            5.241564045822692,
            -0.42758603566045017
        ]
    ],
    "nodes": [
        2,
        2,
        2
    ],
    "scene": 8
}