{
    "centers": [
        [
            -2.0593757006331064,
            3.3485832834339746,
            -0.2197253036453351
        ],
        [
            4.5368046572487835,
            -8.782818566013031,
            -0.3212604524555979
        ],
        [
            -7.845068004106559,
            -7.442314729166921,
            -0.3062434553084157
        ]
    ],
    "nodes": [
        2,
        2,
        3
    ],
    "scene": 8
}