{
    "centers": [
        [
            -0.7061113511298966,
            1.5072236492692035,
            -0.17385996420579863
        ],
        [
            3.732541503403011,
            7.787697889567312,
            -0.494682561713192
        ]
    ],
    "nodes": [
        2,
        2
    ],
    "scene": 8
}