{
    "centers": [
        [
            6.2308256795766646,
            -4.311012721945644,
            -0.46221290744691756
        ],
        [
            -3.032839273285335,
            6.771386894898924,
            -0.1912840960813738
        ],
        [
            7.038343892721333,
            -0.9334283939895691,
            -0.24215995175182609
        ],
        [
            -9.160813145443274,
            3.7857886629361364,
            -0.3156691441417987
        ],
        [
            3.90197148739688,
            1.3941299966070453,
            -0.1038751085981624
        ]
    ],
    "nodes": [
        2,
        2,
        2,
        2,
        2
    ],
    "scene": 8
}