{
    "centers": [
        [
            1.4766216416636713,
            -4.430940868371154,
            -0.21526875832058368
        ],
        [
            -4.224553641557936,
            8.244051113280548,
            -0.2627010317028701
        ],
        [
            4.820776434095912,
            9.867709045572337,
            -0.14925045147729077
        ]
    ],
    "nodes": [
        2,
        2,
        3
    ],
    "scene": 8
}