{
    "centers": [
        [
            6.227431793979548,
            -7.3230300188795,
            -0.47438106859838475
        ],
        [
            -3.296970531914578,
            -9.833232903189542,
            -0.45860172290065443
        ],
        [
            7.352721531391744,
            9.428790873068905,
            -0.47709645865422523
        ]
    ],
    "nodes": [
        2,
        2,
        3
    ],
    "scene": 8
}