{
    "centers": [
        [
            3.200311380416373,
            -4.862522997870715,
            -0.33595617148810275
        ],
        [
            5.551763478048301,
            6.505106636102656,
            -0.375065732778458
        ],
        [
            -5.181374638671308,
            9.09868280305771,
            -0.24097438572073876
        ],
        [
            9.381629974736335,
            -7.87290433638754,
            -0.22979850535791885
        ],
        [
            8.704868432475124,
            -1.9352974106966023,
            -0.25112684917476524
        ]
    ],
    "nodes": [
        2,
        2,
        2,
        2,
        2
    ],
    "scene": 8
}