{
    "centers": [
        [
            -0.7122696969075584,
            -8.153681492000464,
            -0.29143489235769326
        ],
        [
            5.615052141498387,
            -1.5504242667714667,
            -0.12928448913605717
        ],
        [
            -4.775958292513877,
            5.230060838666386,
            -0.34971518545629915
        ],
        [
            8.095894263312143,
            -3.5078713175965293,
            -0.4470693682007208
        ],
        [
            -1.8695883773990154,
            9.682024501129874,
            -0.3245231586551838
        ],
        [
            1.4618895685386661,
            1.5437028050977055,
            -0.3411333374003285
        ]
    ],
    "nodes": [
        2,
        2,
        2,
        2,
        2,
        3
    ],
    "scene": 8
}