{
    "centers": [
        [
            -7.6999807273991605,
            -7.484259068125181,
            -0.17379165320356427
        ],
        [
            9.508702962473922,
            2.3627692917440335,
            -0.35266332260183736
        ],
        [
            -4.036595512369312,
            6.432001201760297,
            -0.4694427949900039
        ]
    ],
    "nodes": [
        2,
        2,
        3
    ],
    "scene": 8
}