{
    "centers": [
        [
            -7.796865457337705,
            -2.2136746182221927,
            -0.33135269718784544
        ],
        [
            -3.0786936181361853,
            4.908634033991007,
            -0.35330300711243645
        ],
        [
            -6.954442137704575,
            9.293084731064791,
            -0.4918120459158457
        ]
    ],
    "nodes": [
        2,
        2,
        2
    ],
    "scene": 8
}