{
    "centers": [
        [
            -5.610537159063158,
            0.014666407421692895,
            -0.42684250244723454
        ],
        [
            -3.649745918267648,
            5.197510710186329,
            -0.3712291634885436
        ],
        [
            9.235494950808757,
            -8.050134036686485,
            -0.31010282289457985
        ],
        [
            -2.9746060062944952,
            3.712287433610655,
            -0.4054317629211958
        ],
        [
            -7.070564300145028,
            -9.825018758717729,
            -0.15435018600315348
        ]
    ],
    "nodes": [
        2,
        2,
        2,
        2,
        3
    ],
    "scene": 8
}