{
    "centers": [
        [
            -7.6289013138819435,
            -4.484190390781317,
            -0.24856101809669473
        ],
        [
            -0.230130335111836,
            -0.9992652061960037,
            -0.16141405171184336
        ],
        [
            -6.1541813049823375,
            9.569624081776421,
            -0.1267549754071518
        ]
    ],
    "nodes": [
        2,
        2,
        3
    ],
    "scene": 8
}