{
    "centers": [
        [
            0.8699908870933708,
            -7.346311561006589,
            -0.21161868177076565
        ],
        [
            -9.327568655645127,
            -4.451877416151007,
            -0.1324645244106284
        ]
    ],
    "nodes": [
        2,
        2
    ],
    "scene": 8
}