{
    "centers": [
        [
            -7.325145573336693,
            1.8705651389967688,
            -0.1345875271078179
        ],
        [
            -9.4440612366907,
            -2.3405711296447045,
            -0.48298350876459667
        ],
        [
            -2.824902214277241,
            5.047687950284734,
            -0.2560339293843473
        ],
        [
            3.840526921831744,
            -5.687286186323243,
            -0.1028661089266052
        ]
    ],
    "nodes": [
        2,
        2,
        2,
        2
    ],
    "scene": 8
}