{
    "centers": [
        [
            9.718410356457625,
            9.058431412577445,
            -0.41259060619783605
        ],
        [
            -8.810514044282938,
            -0.7050154163215527,
            -0.18127694654769222
        ],
        [
            4.667588505035896,
            5.8216889251325625,
            -0.2762676291378382
        ],
        [
            -7.971200859002416,
            1.3642597556616227,
            -0.47776798523589104
        ]
    ],
    "nodes": [
        2,
        2,
        2,
        3
    ],
    "scene": 8
}