{
    "centers": [
        [
            -1.0684629271607005,
            -8.57494926978349,
            -0.4665045597939346
        ],
        [
            -2.588096165323252,
            -6.377472012960423,
            -0.2760120287939679
        ],
        [
            -9.57370279810866,
            0.8736637019531823,
            -0.3862801400200776
        ]
    ],
    "nodes": [
        2,
        2,
        2
    ],
    "scene": 8
}