{
    "centers": [
        [
            7.706564942973074,
            3.2178108757582855,
            -0.10184018744550732
        ],
        [
            3.952102651152483,
            0.16914936362555544,
            -0.22984926996714794
        ],
        [
            -9.489888588947261,
            1.7738622162518212,
            -0.2667623017434618
        ]
    ],
    "nodes": [
        2,
        2,
        3
    ],
    "scene": 8
}