{
    "centers": [
        [
            4.549526898483132,
            -6.972885559368558,
            -0.164348888300402
        ],
        [
            -4.321735821821684,
            -0.8615261047541711,
            -0.4184469827786102
        ],
        [
            7.646721034847065,
            1.064163992886403,
            -0.18867684760423753
        ],
        [
            -5.074381148169795,
            -8.377000998366002,
            -0.12562151110052472
        ],
        [
            -6.769637614397716,
            3.0736302318361393,
            -0.15488085895119985
        ],
        [
            -5.782506321691072,
            8.67921099784138,
            -0.17321779584279567
        ]
    ],
    "nodes": [
        2,
        2,
        2,
        2,
        2,
        3
    ],
    "scene": 8
}