{
    "centers": [
        [
            5.96772113824392,
            7.3541917317258125,
            -0.16125359520815186
        ],
        [
            8.778878201274686,
            2.3070745514691122,
            -0.25008172604929946
        ],
        [
            -2.99937615474043,
            8.946814185780468,
            -0.16843958858333397
        ],
        [
            -6.6424823615059765,
            -9.575288843304595,
            -0.4228857381396399
        ]
    ],
    "nodes": [
        2,
        2,
        2,
        2
    ],
    "scene": 8
}