{
    "centers": [
        [
            -9.594298188100762,
            -8.343961312653654,
            -0.4977785782589635
        ],
        [
            -6.682855854093546,
            6.105918405456698,
            -0.28380292670733737
        ],
        [
            -1.2621899439362299,
            8.412440840408863,
            -0.49815637947450864
        ],
        [
            -8.64356166509314,
            0.3573708645228919,
            -0.49209354480036804
        ],
        [
            -6.022596451124544,
            -2.823246761926878,
            -0.48035429140996005
        ]
    ],
    "nodes": [
        2,
        2,
        2,
        2,
        2
    ],
    "scene": 8
}