{
    "centers": [
        [
            8.015300125667967,
            5.6690088779339725,
            -0.47122608706401126
        ],
        [
            9.99942906134844,
            -2.31447943694552,
            -0.16681504555341048
        ],
        [
            6.991315525349705,
            1.6915949200612364,
            -0.2196241745423156
        ],
        [
            -9.124926804790414,
            -7.094943081054734,
            -0.16549929488887477
        ],
        [
            -6.098511410376551,
            -1.2439995800677899,
            -0.32979458440389264
        ]
    ],
    "nodes": [
        2,
        2,
        2,
        2,
        3
    ],
    "scene": 8
}