{
    "centers": [
        [
            -0.5263308979396122,
            -4.104178529863926,
            -0.4963701327605774
        ],
        [
            4.373782464711123,
            8.075763964547082,
            -0.12859112186596533
        ],
        [
            -8.45937861021444,
            1.0073871968956727,
            -0.4960102576587755
        ],
        [
            2.824091814473901,
            4.481665493853493,
            -0.274855554246183
        ],
        [
            1.657686385941977,
            9.595539232963446,
            -0.2145759009963602
        ],
        [
            7.545535711412221,
            2.8276930464982044,
            -0.2974336564951219
        ]
    ],
    "nodes": [
        2,
        2,
        2,
        2,
        2,
        3
    ],
    "scene": 8
}