{
    "centers": [
        [
            -9.533424844908849,
            0.5374470311054509,
            -0.3185535018913712
        ],
        [
            -5.8249847881304895,
            -8.642808558403349,
            -0.32919545428340363
        ],
        [
            3.810678805840997,
            -6.0505435970411625,
            -0.31394552491812755
        ],
        [
            5.620204671724441,
            5.183482981128121,
            -0.4351419812233302
        ]
    ],
    "nodes": [
        2,
        2,
        2,
        3
    ],
    "scene": 8
}