{
    "centers": [
        [
            -4.064978318844792,
            8.516145740766458,
            -0.31235644963759357
        ],
        [
            7.0014327754570935,
            -2.583396413502901,
            -0.2539901155298149
        ],
        [
            4.654362377783157,
            3.9408891953242975,
            -0.22208226878131482
        ],
        [
            -6.247712692349399,
            -0.14760084652699135,
            -0.2631874155300695
        ]
    ],
    "nodes": [
        2,
        2,
        2,
        3
    ],
    "scene": 8
}