{
    "centers": [
        [
            4.658414450025987,
            -1.2391061830007555,
            -0.42514520256553767
        ],
        [
            -5.070911775002047,
            -9.337904652134233,
            -0.4192391863100914
        ],
        [
            8.672320461339279,
            -3.1711240705048294,
            -0.29287321252279575
        ]
    ],
    "nodes": [
        2,
        2,
        2
    ],
    "scene": 8
}