{
    "centers": [
        [
            2.8335130212159534,
            6.398176811998404,
            -0.43143536037488
        ],
        [
            -5.517693210714921,
            -8.149390481762506,
            -0.44754707555390033
        ],
        [
            1.4159120364968807,
            9.153875501744764,
            -0.2564545172450352
        ],
        [
            3.6102274113971227,
            4.837752099471192,
            -0.2634360716485147
        ],
        [
            5.928665741130327,
            3.2345349260903244,
            -0.12605394201676723
        ]
    ],
    "nodes": [
        2,
        2,
        2,
        2,
        2
    ],
    "scene": 8
}