{
    "centers": [
        [
            -1.624475676442172,
            -9.584863106793112,
            -0.34784192406364745
        ],
        [
            2.764106798776208,
            1.638639099579267,
            -0.41300102020233387
        ]
    ],
    "nodes": [
        2,
        2
    ],
    "scene": 8
}