{
    "centers": [
        [
            -1.5241118413842596,
            6.924148396766533,
            -0.1799053061125575
        ],
        [
            1.458806206192163,
            -4.870018018304984,
            -0.3965262252888716
        ],
        [
            -5.1527452239419524,
            8.338693886878673,
            -0.23591079741605459
        ],
        [
            5.284252991570625,
            -6.387821145364052,
            -0.1073719934241692
        ],
        [
            4.629523475225312,
            9.833633322426262,
            -0.4761399660908083
        ],
        [
            3.2283642012291676,
            3.0227855511327206,
            -0.13175122616944934
        ]
    ],
    "nodes": [
        2,
        2,
        2,
        2,
        2,
        3
    ],
    "scene": 8
}