{
    "centers": [
        [
            -8.6397286110059,
            -5.04483128975203,
            -0.16827270904006025
        ],
        [
            -7.915351754362634,
            8.127702555965762,
            -0.4980526818362931
        ],
        [
            -0.16834939690950534,
            6.631173705127949,
            -0.46978672739151
        ],
        [
            3.1762799699311692,
            -1.5596137371573153,
            -0.2956524865361489
        ],
        [
            4.50429820870783,
            -8.966964286921282,
            -0.4076589871058742
        ],
        [
            -2.2385159540579362,
            -4.2209188554956505,
            -0.308294522250268
        ]
    ],
    "nodes": [
        3,
        4,
        4,
        4,
        4,
        4
    ],
    "scene": 9
}