{
    "centers": [
        [
            5.269030523864389,
            7.811159319832758,
            -0.22093426716371756
        ],
        [
            -2.5407246319396286,
            2.831128589979375,
            -0.33610368956100317
        ],
        [
            -3.2643640972784578,
            4.9639867898184225,
            -0.23259512083644518
        ],
        [
            0.34662641695063456,
            -3.521680287173867,
            -0.3065762846905606
        ],
        [
            3.473991816971587,
            1.995407349016352,
            -0.4394247532369337
        ],
        [
            -4.142325994258716,
            6.233698887853198,
            -0.1794600115690428
        ]
    ],
    "nodes": [
        3,
        4,
        4,
        4,
        4,
        4
    ],
    "scene": 9
}