{
    "centers": [
        [
            -6.60307193218925,
            -4.1854215210566466,
            -0.3490600912477265
        ],
        [
            6.257523950185604,
            4.775827010785349,
            -0.2820394335015812
        ],
        [
            -5.639660017067913,
            -5.762628815575967,
            -0.4086465944931415
        ],
        [
            -9.95034515920755,
            7.875867606328658,
            -0.2929542161471952
        ],
        [
            -2.2371495933716945,
            -7.533351349166402,
            -0.11836452871381276
        ]
    ],
    "nodes": [
        3,
        4,
        4,
        4,
        4
    ],
    "scene": 9
}