{
    "centers": [
        [
            -6.519049179589542,
            9.639096325530623,
            -0.21781443499939124
        ],
        [
            5.4908449175456155,
            1.5200720348480914,
            -0.1795423433712151
        ],
        [
            7.435221196191787,
            5.758606589512556,
            -0.3487807507120301
        ],
        [
            2.66459739520827,
            -9.054806802680162,
            -0.3205819647470274
        ]
    ],
    "nodes": [
        4,
        4,
        4,
        4
    ],
    "scene": 9
}