{
    "centers": [
        [
            6.416250909226736,
            8.370840383856077,
            -0.47287352286981205
        ],
        [
            -2.0981656170099434,
            0.790709943968599,
            -0.42959287638622456
        ],
        [
            8.029430547397993,
            -3.306067097478733,
            -0.49584635809854943
        ],
        [
            -8.641470519605514,
            2.029006290644224,
            -0.2248671617008976
        ],
        [
            -5.248611878529137,
            -2.3225874311880723,
            -0.1588050876504572
        ]
    ],
    "nodes": [
        4,
        4,
        4,
        4,
        4
    ],
    "scene": 9
}