{
    "centers": [
        [
            -7.509912414381303,
            4.346581330158134,
            -0.10360410833958172
        ],
        [
            -2.454657261863387,
            6.949626165120073,
            -0.42742251719904345
        ],
        [
            6.554482088771103,
            -1.2340299216051314,
            -0.1826937662493176
        ]
    ],
    "nodes": [
        4,
        4,
        4
    ],
    "scene": 9
}