{
    "centers": [
        [
            1.8101167410064516,
            8.122892106028953,
            -0.16790420085656343
        ],
        [
            -9.56435389951096,
            0.496570532816353,
            -0.46439001017702763
        ],
        [
            -6.243165936959862,
            -8.932717989958645,
            -0.22660436671754547
        ],
        [
            7.771635093881258,
            6.358178864433167,
            -0.2969273025089211
        ],
        [
            0.8019304064176502,
            -4.623668258677462,
            -0.14499337134576318
        ]
    ],
    "nodes": [
        4,
        4,
        4,
        4,
        4
    ],
    "scene": 9
}