{
    "centers": [
        [
            -5.438235700993852,
            -8.605850939275374,
            -0.34581672467275676
        ],
        [
            -1.114587542025907,
            -0.05351630192731882,
            -0.1309898565111301
        ],
        [
            -8.848410326012905,
            2.8980221757991824,
            -0.3786639053430903
        ],
        [
            -2.0803904142446576,
            -7.635985219965038,
            -0.4694266085298935
        ]
    ],
    "nodes": [
        3,
        4,
        4,
        4
    ],
    "scene": 9
}