{
    "centers": [
        [
            -7.100663153432221,
            -2.568093954569264,
            -0.2686674204326237
        ],
        [
            -2.4269433897693986,
            -3.3973086517906648,
            -0.2309375189034052
        ],
        [
            5.729358345843465,
            -6.638363122737802,
            -0.10857088393356945
        ]
    ],
    "nodes": [
        4,
        4,
        4
    ],
    "scene": 9
}