{
    "centers": [
        [
            -2.035277101998611,
            -1.0566192549515527,
            -0.29582256564119946
        ],
        [
            -4.6126152176989965,
            -0.19386908054312357,
            -0.4853336954265455
        ],
        [
            -8.45699360257327,
            3.7831876986374464,
            -0.28141874150088264
        ],
        [
            6.04914895069275,
            -3.691287701045926,
            -0.36094664057219084
        ],
        [
            5.332777417059917,
            5.360125679364396,
            -0.23191316915464322
        ],
        [
            -6.687761999938802,
            8.0288894872157,
            -0.24720401348474286
        ]
    ],
    "nodes": [
        3,
        4,
        4,
        4,
        4,
        4
    ],
    "scene": 9
}