{
    "centers": [
        [
            -4.315434962320652,
            0.1626266646622927,
            -0.3836150286701816
        ],
        [
            4.217833749871161,
            -7.840819602353102,
            -0.16160202129039009
        ],
        [
            7.545729242685233,
            -3.570087569759939,
            -0.3476365088533926
        ],
        [
            6.588780108754694,
            -8.759330291483401,
            -0.4822522139491519
        ],
        [
            3.32764348848902,
            8.429822637046442,
            -0.4232552775402615
        ],
        [
            -8.124945225465048,
            5.3910059415381095,
            -0.12884971307498783
        ]
    ],
    "nodes": [
        4,
        4,
        4,
        4,
        4,
        4
    ],
    "scene": 9
}