{
    "centers": [
        [
            6.502612973132248,
            -5.254769445311944,
            -0.3514508596587287
        ],
        [
            7.584751203620787,
            7.108170253928378,
            -0.3300739418052929
        ],
        [
            -4.712817126035269,
            4.650822491631585,
            -0.10164308076769235
        ],
        [
            9.772475975377873,
            3.474046878747492,
            -0.3436100596457714
        ]
    ],
    "nodes": [
        4,
        4,
        4,
        4
    ],
    "scene": 9
}