{
    "centers": [
        [
            2.276954920832905,
            -9.114893669473235,
            -0.12079629935693176
        ],
        [
            3.043687736361452,
            -7.125972379475005,
            -0.41050692954819124
        ],
        [
            -8.56013947691446,
            1.8978453052581585,
            -0.40644401119170154
        ],
        [
            -4.110887112831114,
            -3.7105096969912355,
            -0.4182117548098082
        ]
    ],
    "nodes": [
        3,
        4,
        4,
        4
    ],
    "scene": 9
}