{
    "centers": [
        [
            -2.3476805797141154,
            0.7480426051094842,
            -0.28598515468523367
        ],
        [
            9.025206143524649,
            -2.628352371600025,
            -0.43898065763736394
        ],
        [
            -5.391613949414486,
            5.621753307446138,
            -0.41007798381670285
        ],
        [
            -9.408095326349322,
            -0.45650989674934195,
            -0.41007551476877857
        ],
        [
            -4.1403636718728976,
            -1.1447739888708792,
            -0.31861683513338124
        ],
        [
            -0.8559012357163631,
            -5.49716252659739,
            -0.38977725260458185
        ],
        [
            -7.826348933320877,
            8.780116192617637,
            -0.2768699644085342
        ]
    ],
    "nodes": [
        3,
        4,
        4,
        4,
        4,
        4,
        4
    ],
    "scene": 9
}