{
    "centers": [
        [
            -8.369557690469273,
            -9.905161888406163,
            -0.44061549561701396
        ],
        [
            7.52194980892072,
            6.889181596710664,
            -0.2616124423489382
        ],
        [
            1.3349632831449547,
            -8.895825795871177,
            -0.22981877591921634
        ],
        [
            -2.241923281099707,
            1.5109638319181329,
            -0.22335831554506047
        ],
        [
            -5.560221533665343,
            8.176344972669206,
            -0.3243146069398084
        ]
    ],
    "nodes": [
        4,
        4,
        4,
        4,
        4
    ],
    "scene": 9
}