{
    "centers": [
        [
            -8.661647247393123,
            7.094305672631851,
            -0.14749430562268923
        ],
        [
            -5.125348262958596,
            2.8426329630904856,
            -0.11540196863128038
        ],
        [
            7.8128585978681215,
            -4.97510799368383,
            -0.28161960305480815
        ],
        [
            -7.1796076891999805,
            -2.1847996691554483,
            -0.12562779105530164
        ],
        [
            2.0792762318941485,
            -5.737806795251236,
            -0.13850350532349548
        ]
    ],
    "nodes": [
        3,
        4,
        4,
        4,
        4
    ],
    "scene": 9
}