{
    "centers": [
        [
            6.621937601214391,
            -9.710278889193464,
            -0.39476316158812297
        ],
        [
            0.47328008556463885,
            -3.4252509655767227,
            -0.2904143701922902
        ],
        [
            2.33018626680483,
            -7.281119953714765,
            -0.2810590848016977
        ],
        [
            -4.022994842014613,
            -2.7005334763746998,
            -0.3363368226793779
        ],
        [
            8.933388059810007,
            7.121031334233226,
            -0.35236260985608225
        ]
    ],
    "nodes": [
        3,
        4,
        4,
        4,
        4
    ],
    "scene": 9
}