{
    "centers": [
        [
            2.153679738622891,
            -0.7153577400260591,
            -0.2910189171699592
        ],
        [
            -8.516209280319543,
            1.490952382476376,
            -0.29727275044010953
        ],
        [
            9.882635694875848,
            -5.959138803217288,
            -0.4081585263756585
        ],
        [
            3.6701247055081527,
            -1.593866243544113,
            -0.41714385221079087
        ],
        [
            7.384051316892403,
            5.4461861098249,
            -0.12102387519309626
        ]
    ],
    "nodes": [
        3,
        4,
        4,
        4,
        4
    ],
    "scene": 9
}