{
    "centers": [
        [
            -9.683325051271943,
            -4.126328978979068,
            -0.13052361308084248
        ],
        [
            7.828305575744761,
            -5.0610233303032715,
            -0.1670442511358745
        ],
        [
            4.158882590295036,
            0.10721430231435392,
            -0.29248437492778023
        ],
        [
            1.0208171503037526,
            -1.2287492722367723,
            -0.4059606329701868
        ],
        [
            -8.777078016437176,
            3.561846693390189,
            -0.38969845939360115
        ],
        [
            -6.347237479268124,
            4.421253971172153,
            -0.33618840989720833
        ],
        [
            8.526644104249982,
            -3.2955637784712044,
            -0.45301891252113496
        ]
    ],
    "nodes": [
        3,
        4,
        4,
        4,
        4,
        4,
        4
    ],
    "scene": 9
}