{
    "centers": [
        [
            8.446597548957108,
            5.297872299883842,
            -0.3339201061709527
        ],
        [
            6.257737078548718,
            -5.815224713547888,
            -0.49372099456539853
        ],
        [
            -5.072668253531624,
            -0.6510793243999853,
            -0.1956216780352662
        ],
        [
            2.0961079093466832,
            0.875183891224605,
            -0.28310993029853954
        ]
    ],
    "nodes": [
        3,
        4,
        4,
        4
    ],
    "scene": 9
}