{
    "centers": [
        [
            9.321224769246193,
            9.065537839639042,
            -0.26448455483569466
        ],
        [
            0.9647683820500692,
            2.064462088214148,
            -0.4331890072580119
        ],
        [
            -2.9697453310664645,
            8.272920134562845,
            -0.15881922207295301
        ],
        [
            8.452907851294917,
            -4.096414801572033,
            -0.27785624664812647
        ],
        [
            0.341709634660079,
            -9.799694424935163,
            -0.2139860487586593
        ],
        [
            3.3938244041717684,
            7.569134824950243,
            -0.4686637786180241
        ],
        [
            6.390517204509553,
            -6.386581389487789,
            -0.46499528344503577
        ]
    ],
    "nodes": [
        3,
        4,
        4,
        4,
        4,
        4,
        4
    ],
    "scene": 9
}