{
    "centers": [
        [
            6.299809174963997,
            -9.605509066985627,
            -0.11313716560426001
        ],
        [
            -5.120014871533989,
            1.2605858107956927,
            -0.18636075420952725
        ],
        [
            -0.19599174263415975,
            9.800586746668632,
            -0.24750377187017064
        ],
        [
            -2.3320329721248045,
            -5.196511726083797,
            -0.1668431423455045
        ],
        [
            -7.169850319198252,
            -3.451652755961055,
            -0.40781732632200063
        ]
    ],
    "nodes": [
        3,
        4,
        4,
        4,
        4
    ],
    "scene": 9
}