{
    "centers": [
        [
            -9.878543095738987,
            0.777802710063737,
            -0.4648632924329592
        ],
        [
            5.453575418841197,
            2.7034178455253617,
            -0.23765418191961035
        ],
        [
            -4.963987733160158,
            -9.694583508532098,
            -0.3889931084651622
        ],
        [
            -7.453750113357936,
            -7.00084394800416,
            -0.3085610119565162
        ],
        [
            0.7632859216120167,
            -5.493213732652844,
            -0.27418312579210624
        ]
    ],
    "nodes": [
        3,
        4,
        4,
        4,
        4
    ],
    "scene": 9
}