{
    "centers": [
        [
            4.879283609034275,
            8.728142183916923,
            -0.15692980633967046
        ],
        [
            -3.9122377932828183,
            0.9553216489400356,
            -0.42288529862007257
        ],
        [
            3.4489511599609646,
            6.0064863312330345,
            -0.4914413629120361
        ]
    ],
    "nodes": [
        4,
        4,
        4
    ],
    "scene": 9
}