{
    "centers": [
        [
            9.548656314149063,
            8.124800598998196,
            -0.41915191978812943
        ],
        [
            -5.491762686975477,
            -9.417347932410323,
            -0.1608660261850201
        ],
        [
            7.704073776674512,
            0.2433412664329282,
            -0.3378946910460826
        ],
        [
            -4.394319043207695,
            -7.8446283603328855,
            -0.23140209342480772
        ],
        [
            -8.457248610644845,
            -7.0759875007637,
            -0.2884581318823408
        ],
        [
            4.465655502235528,
            1.6379616909417969,
            -0.1958957615266259
        ]
    ],
    "nodes": [
        3,
        4,
        4,
        4,
        4,
        4
    ],
    "scene": 9
}