{
    "centers": [
        [
            -2.358365495948169,
            4.434821454155479,
            -0.3891786897743107
        ],
        [
            0.3248629288268994,
            5.741990617187193,
            -0.43004848743482954
        ],
        [
            -5.601401671966226,
            0.15437369918067034,
            -0.10542505196396251
        ],
        [
            9.9750925114706,
            -1.1591267348922347,
            -0.4841375202801113
        ]
    ],
    "nodes": [
        3,
        4,
        4,
        4
    ],
    "scene": 9
}