{
    "centers": [
        [
            -9.593489528263524,
            -7.566513732519526,
            -0.19835122305985148
        ],
        [
            3.4550709745482333,
            2.7695321496743457,
            -0.2324262240949368
        ],
        [
            4.131561821478993,
            -6.066913608065891,
            -0.18460340384701346
        ],
        [
            -2.1998037975418967,
            5.902592056996847,
            -0.19322003638445467
        ]
    ],
    "nodes": [
        3,
        4,
        4,
        4
    ],
    "scene": 9
}