{
    "centers": [
        [
            -9.1512425608941,
            -4.28922496846319,
            -0.4650305607471362
        ],
        [
            -5.393205463074082,
            -7.320810944753617,
            -0.4784397892839692
        ],
        [
            -6.193960024940934,
            7.543880568787362,
            -0.38507315442409845
        ],
        [
            5.899874295250614,
            -1.3940465207100452,
            -0.16485902382449907
        ]
    ],
    "nodes": [
        3,
        4,
        4,
        4
    ],
    "scene": 9
}