{
    "centers": [
        [
            1.8741214561429018,
            7.8031133844430585,
            -0.44546441462141845
        ],
        [
            -3.060414309550077,
            -6.557390416327555,
            -0.20312293848576007
        ],
        [
            -8.971406869294444,
            -3.288022847132524,
            -0.3854689546802753
        ],
        [
            7.461846055107259,
            9.77102181625617,
            -0.28109697018281143
        ]
    ],
    "nodes": [
        3,
        4,
        4,
        4
    ],
    "scene": 9
}