{
    "centers": [
        [
            -6.324990464999072,
            7.986641549344519,
            -0.15695188850151326
        ],
        [
            -4.187642774561622,
            0.4177364820572027,
            -0.23011481219618524
        ],
        [
            8.693387321064794,
            -2.0276648699143562,
            -0.48713643228815073
        ],
        [
            1.265481463820766,
            -0.5798516717180959,
            -0.35822274174807545
        ],
        [
            5.123069901153897,
            4.582845701420888,
            -0.4501920921374781
        ]
    ],
    "nodes": [
        3,
        4,
        4,
        4,
        4
    ],
    "scene": 9
}