{
    "centers": [
        [
            -1.719041862803735,
            3.3653068415953395,
            -0.200681256290405
        ],
        [
            -6.664175924358526,
            -3.9003202068695186,
            -0.31441820149139205
        ],
        [
            2.244970445419632,
            6.813393111448864,
            -0.2831007738399669
        ],
        [
            -2.6464874035751347,
            -2.4820258423615122,
            -0.15265189373389854
        ],
        [
            3.4402888524803554,
            -1.2675698251229193,
            -0.2247712663780796
        ],
        [
            9.433086320658589,
            1.025926744975152,
            -0.4306188324834514
        ]
    ],
    "nodes": [
        3,
        4,
        4,
        4,
        4,
        4
    ],
    "scene": 9
}