{
    "centers": [
        [
            -6.22339531553285,
            9.03921007321781,
            -0.16643676471620567
        ],
        [
            -1.7426963509593207,
            7.645960680931452,
            -0.1290086422540166
        ],
        [
            1.1751545961178618,
            -9.578826868606159,
            -0.19475301055456046
        ],
        [
            4.510880087492783,
            2.84905902628366,
            -0.3739328614641453
        ],
        [
            7.299768948440427,
            -6.9285511012349765,
            -0.18408529831836717
        ],
        [
            -3.0422039207997447,
            -0.7647388978727889,
            -0.2347068123006142
        ]
    ],
    "nodes": [
        3,
        4,
        4,
        4,
        4,
        4
    ],
    "scene": 9
}