{
    "centers": [
        [
            0.15350591494103227,
            -5.194886790344495,
            -0.44513963954214303
        ],
        [
            -8.879633187451496,
            -9.212546258928821,
            -0.25156232956565683
        ],
        [
            -4.221719289380896,
            -5.948441622244786,
            -0.4760323043046434
        ],
        [
            -1.7462157008083885,
            5.369965780201946,
            -0.11912536966532633
        ]
    ],
    "nodes": [
        3,
        4,
        4,
        4
    ],
    "scene": 9
}