{
    "centers": [
        [
            0.329294842557049,
            2.8025152394708606,
            -0.34112871140280565
        ],
        [
            -1.1618944007764398,
            -3.840840789451862,
            -0.10136268257229925
        ],
        [
            -4.249559810243797,
            -3.056144704239527,
            -0.35635404777856206
        ],
        [
            -5.465558928997809,
            6.882622555101985,
            -0.35341536980212274
        ],
        [
            -7.095701642025711,
            -4.777535650131163,
            -0.23661119566588001
        ],
        [
            5.703258097172501,
            4.0628191428872285,
            -0.16561850264152994
        ]
    ],
    "nodes": [
        3,
        4,
        4,
        4,
        4,
        4
    ],
    "scene": 9
}