{
    "centers": [
        [
            3.479260863875119,
            6.188483894920388,
            -0.25832371222129974
        ],
        [
            2.0027796103997666,
            -3.882143991638878,
            -0.4617119348131461
        ],
        [
            7.984132068820976,
            -4.587592280291853,
            -0.2529083209219722
        ],
        [
            -8.728095954903281,
            -5.338651583911799,
            -0.3023777417368192
        ],
        [
            -4.874638168972643,
            -7.9379995514935064,
            -0.4710361718338479
        ]
    ],
    "nodes": [
        3,
        4,
        4,
        4,
        4
    ],
    "scene": 9
}