{
    "centers": [
        [
            8.572165928652272,
            -9.182322284584892,
            -0.44179754992069575
        ],
        [
            -1.1728447119050749,
            0.9090893571093321,
            -0.49414200039462586
        ],
        [
            4.206018980302034,
            -3.050667710619674,
            -0.38035605388748706
        ],
        [
            5.815082557680011,
            2.1916347395319224,
            -0.2848880806600258
        ]
    ],
    "nodes": [
        4,
        4,
        4,
        4
    ],
    "scene": 9
}