{
    "centers": [
        [
            8.49681182894279,
            -7.468747972785854,
            -0.14443129163559382
        ],
        [
            -5.197189746920059,
            0.6940038283359016,
            -0.3180643868683004
        ],
        [
            2.7985355120895328,
            -0.326865411571573,
            -0.3763442060122127
        ],
        [
            -0.20525401389761733,
            8.475719955576107,
            -0.11475759655928708
        ],
        [
            -6.694686923231499,
            7.606694634461839,
            -0.40407448088800046
        ],
        [
            -2.7031322772244692,
            1.70801910083782,
            -0.4370821648147357
        ]
    ],
    "nodes": [
        3,
        4,
        4,
        4,
        4,
        4
    ],
    "scene": 9
}