{
    "centers": [
        [
            -3.535297628222347,
            6.697341542040075,
            -0.43542144313125025
        ],
        [
            5.5117797325583915,
            1.5653266742067444,
            -0.12847203248435862
        ],
        [
            -4.762241636721121,
            -4.728846703501648,
            -0.24706938547606122
        ],
        [
            2.716703383098011,
            8.239550543230393,
            -0.11078323297192066
        ],
        [
            1.4855196085477154,
            -0.522934297769087,
            -0.4564978764716482
        ]
    ],
    "nodes": [
        1,
        1,
        3,
        3,
        3
    ],
    "scene": 2
}