{
    "centers": [
        [
            -8.928663630296,
            -1.8847065303496038,
            -0.20689246789589066
        ],
        [
            8.606151387094975,
            7.01840690001702,
            -0.49623367430097687
        ],
        [
            -2.6955947990348283,
            -0.3427667891407875,
            -0.14757035598839446
        ],
        [
            2.4979419412745507,
            -2.666895612121232,
            -0.27033060139608045
        ]
    ],
    "nodes": [
        1,
        1,
        3,
        3
    ],
    "scene": 2
}