{
    "centers": [
        [
            3.40658298232027,
            -1.654813192228218,
            -0.1305743802365379
        ],
        [
            7.169494168666667,
            2.585859452072601,
            -0.34152192402545073
        ],
        [
            9.08085037061759,
            -4.633464372461075,
            -0.15573825308562228
        ]
    ],
    "nodes": [
        1,
        3,
        3
    ],
    "scene": 2
}