{
    "centers": [
        [
            -5.338307767493163,
            -4.807921065350196,
            -0.47716374163222186
        ],
        [
            0.2592870180896085,
            -9.430664605930701,
            -0.3925344395050917
        ],
        [
            9.91520245712525,
            5.786729431626158,
            -0.3912990165512865
        ]
    ],
    "nodes": [
        1,
        3,
        3
    ],
    "scene": 2
}