{
    "centers": [
        [
            6.17440032474633,
            -9.703643566933259,
            -0.2893183707574156
        ],
        [
            3.1287385817229545,
            4.1197054881156525,
            -0.48323994933671466
        ],
        [
            9.174886256263939,
            4.865932211438471,
            -0.41179832054527443
        ]
    ],
    "nodes": [
        1,
        3,
        3
    ],
    "scene": 2
}