{
    "centers": [
        [
            -6.17456025609502,
            -8.210024913755907,
            -0.424903484862765
        ],
        [
            2.457386068784901,
            9.573802311424267,
            -0.1972815698696776
        ],
        [
            -1.338951785275846,
            0.057013911093539704,
            -0.24181771567782678
        ],
        [
            -2.4193934698596724,
            -7.471989518694349,
            -0.27915825842157516
        ],
        [
            -0.7387224174936513,
            2.6411669678658694,
            -0.3311897340668048
        ],
        [
            -8.974946012052882,
            7.4132844704419085,
            -0.2856608384841749
        ],
        [
            8.571243052153662,
            -6.765686545212695,
            -0.19687331917557666
        ],
        [
            1.065272060590157,
            1.8867395778237395,
            -0.24479328111264503
        ]
    ],
    "nodes": [
        1,
        3,
        3,
        3,
        3,
        3,
        3,
        3
    ],
    "scene": 3
}