{
    "centers": [
        [
            2.3182479926135002,
            0.2969851348897521,
            -0.12331029414350775
        ],
        [
            -8.823692273034682,
            1.7186628057843283,
            -0.16896730940178506
        ],
        [
            -4.8873926408916795,
            -0.6351495321869756,
            -0.4223459995858042
        ],
        [
            8.876937945092191,
            8.91266666135606,
            -0.46576510695902174
        ],
        [
            -3.4544569100139455,
            6.402408312716435,
            -0.4417632430381178
        ]
    ],
    "nodes": [
        1,
        3,
        3,
        3,
        3
    ],
    "scene": 3
}