{
    "centers": [
        [
            3.1109546791410008,
            6.005711315933532,
            -0.15279922970561666
        ],
        [
            -3.759713534052884,
            -1.9334174899868728,
            -0.37845811659096135
        ],
        [
            -2.5966179525330535,
            4.342756258054109,
            -0.19355233282143908
        ],
        [
            8.422373894597701,
            1.3571277897631706,
            -0.1487231610130767
        ],
        [
            5.191741403982654,
            7.916522879952627,
            -0.3782170965971812
        ],
        [
            0.739897706680182,
            3.078137797103677,
            -0.1713773215135217
        ],
        [
            7.581595229547151,
            -3.0964259488035806,
            -0.3741216653403985
        ]
    ],
    "nodes": [
        1,
        3,
        3,
        3,
        3,
        3,
        3
    ],
    "scene": 3
}