{
    "centers": [
        [
            9.312103477639418,
            1.6921451937867733,
            -0.19466953227895561
        ],
        [
            1.3444667903140015,
            -2.5028708668121036,
            -0.20156188972962108
        ],
        [
            -1.3838710978213875,
            -7.424048917853434,
            -0.2109454962201207
        ],
        [
            -8.62582425762753,
            5.005208985235296,
            -0.38856558571396466
        ],
        [
            -2.009484517770046,
            -3.4996348577230822,
            -0.17617458180915513
        ],
        [
            0.44013860018115736,
            6.268337368528133,
            -0.20542316100949726
        ],
        [
            4.719237287295673,
            -6.1282695439054,
            -0.11854698821649046
        ],
        [
            -4.812600929362015,
            6.985784833104788,
            -0.43572025141520293
        ]
    ],
    "nodes": [
        1,
        3,
        3,
        3,
        3,
        3,
        3,
        3
    ],
    "scene": 3
}