{
    "centers": [
        [
            -6.040173370956621,
            9.534891851065122,
            -0.33683425734213845
        ],
        [
            1.0496886698163106,
            -9.825244692326729,
            -0.2862137436467005
        ],
        [
            -9.628229091918833,
            -7.108751792678993,
            -0.3510546892294727
        ],
        [
            -2.782604852522965,
            1.0520064797598039,
            -0.21034377228966467
        ],
        [
            2.4469263094273295,
            -0.4220875822007173,
            -0.3935833663779291
        ],
        [
            -8.0702081899053,
            5.326094370798247,
            -0.232257301354663
        ],
        [
            6.690498206331615,
            -5.568646699709903,
            -0.2589725346078737
        ]
    ],
    "nodes": [
        0,
        0,
        1,
        3,
        3,
        3,
        3
    ],
    "scene": 4
}