{
    "centers": [
        [
            -7.909473053308201,
            -2.8319028366335797,
            -0.10871279296565822
        ],
        [
            9.040598472327833,
            5.387603655860643,
            -0.3140890606473373
        ],
        [
            -8.977077088408551,
            -4.206174455990195,
            -0.2130932704134365
        ],
        [
            5.077800104988652,
            -0.9121044062596795,
            -0.4755619066265996
        ],
        [
            -6.85457857927585,
            9.876972905367406,
            -0.38828968653135465
        ]
    ],
    "nodes": [
        0,
        1,
        3,
        3,
        3
    ],
    "scene": 4
}