{
    "centers": [
        [
            4.19172497337108,
            6.744220413987605,
            -0.42620068147152157
        ],
        [
            5.308649039880663,
            -4.118169992495597,
            -0.4379687318635549
        ],
        [
            8.604397016590323,
            -2.004422866217488,
            -0.23959185871763655
        ],
        [
            0.8375283425654771,
            -8.603354628849,
            -0.4124167461245137
        ],
        [
            -2.373668680781817,
            8.938903276707215,
            -0.42267749128744947
        ]
    ],
    "nodes": [
        0,
        0,
        1,
        3,
        3
    ],
    "scene": 4
}