{
    "centers": [
        [
            3.324140217460954,
            0.04537813579448091,
            -0.4939429827853306
        ],
        [
            -6.563004218814732,
            8.527019199628413,
            -0.4460943937613888
        ],
        [
            2.4703755015539244,
            4.9559775363182155,
            -0.23345290190061985
        ]
    ],
    "nodes": [
        0,
        1,
        3
    ],
    "scene": 4
}