{
    "centers": [
        [
            -2.4724192950566177,
            8.052212868224984,
            -0.3313561229710684
        ]
    ],
    "nodes": [
        0
    ],
    "scene": 4
}