{
    "centers": [
        [
            -5.9551712330788025,
            8.07861909110051,
            -0.3809384403935237
        ],
        [
            9.852644001845189,
            -1.7605641468918076,
            -0.43957359191718914
        ],
        [
            1.0029616826971441,
            0.9265096893312013,
            -0.13151847773952952
        ],
        [
            -4.913563307788378,
            3.1683725081389458,
            -0.19543000868048443
        ]
    ],
    "nodes": [
        0,
        0,
        3,
        3
    ],
    "scene": 4
}