{
    "centers": [
        [
            0.8793610942285319,
            4.071348049771901,
            -0.43619117534372603
        ],
        [
            -5.385219958130685,
            -1.312817897301608,
            -0.30615289587675915
        ],
        [
            4.562765621753593,
            -6.662246227935751,
            -0.3494210431777608
        ]
    ],
    "nodes": [
        0,
        3,
        3
    ],
    "scene": 4
}