{
    "centers": [
        [
            3.7123540475174455,
            -7.748913563033854,
            -0.3806311657808305
        ],
        [
            8.981546129663936,
            9.887131823545591,
            -0.34715552704078334
        ],
        [
            -7.316721914712117,
            -1.3813512579287295,
            -0.440312538866691
        ],
        [
            0.4769173413759926,
            0.3428056595942337,
            -0.29332903867127047
        ],
        [
            -9.06634860623869,
            -2.185658560208825,
            -0.2403540527376356
        ]
    ],
    "nodes": [
        0,
        1,
        3,
        3,
        3
    ],
    "scene": 4
}