{
    "centers": [
        [
            7.476557303708475,
            -7.117957053759348,
            -0.3548846043862208
        ],
        [
            1.49812483224364,
            -9.304758627141394,
            -0.4067098240907802
        ]
    ],
    "nodes": [
        0,
        3
    ],
    "scene": 4
}