{
    "centers": [
        [
            1.6118728484988303,
            -7.412879096762641,
            -0.4538469114359174
        ],
        [
            -5.3686724744856456,
            -3.5808515142900994,
            -0.37310984416946447
        ],
        [
            -4.504909286004932,
            4.096158582844524,
            -0.12105749260741006
        ]
    ],
    "nodes": [
        0,
        0,
        3
    ],
    "scene": 4
}