{
    "centers": [
        [
            1.2351052820416442,
            7.950315756019073,
            -0.4913068817462214
        ],
        [
            -2.86678490893544,
            -4.2716189098463335,
            -0.37355965921825407
        ],
        [
            3.2237297598211594,
            -7.121700900694787,
            -0.28821677553082947
        ],
        [
            5.8014507819766,
            -1.449592430607824,
            -0.1882480182479201
        ]
    ],
    "nodes": [
        0,
        3,
        3,
        3
    ],
    "scene": 4
}