{
    "centers": [
        [
            5.815029088271187,
            2.7174292069668216,
            -0.20979947180651504
        ],
        [
            8.496103482960955,
            6.56291556787075,
            -0.408475893837475
        ]
    ],
    "nodes": [
        0,
        3
    ],
    "scene": 4
}