{
    "centers": [
        [
            2.2021507955142017,
            5.725096447105106,
            -0.18827269224907384
        ],
        [
            5.257249390210415,
            -3.7861296436053182,
            -0.2771431369056039
        ],
        [
            -1.0233278157522463,
            -9.268372165627392,
            -0.18840903062123604
        ],
        [
            0.16733670182237503,
            -7.994979965099034,
            -0.13553577116453108
        ],
        [
            6.137091040658902,
            2.111977983576148,
            -0.30859214815098046
        ]
    ],
    "nodes": [
        1,
        2,
        3,
        3,
        3
    ],
    "scene": 5
}