{
    "centers": [
        [
            3.9199173751508294,
            -7.39324461771564,
            -0.3674898212490447
        ],
        [
            2.9775647904291063,
            -3.3215690440704027,
            -0.4437863254542456
        ],
        [
            -4.609072132855195,
            0.6653740930999756,
            -0.21263373412026132
        ],
        [
            -1.5428876972963064,
            -5.880429742818498,
            -0.11872347457034399
        ],
        [
            1.8632454086303962,
            9.93447215173834,
            -0.34201239467473676
        ],
        [
            5.627464524222683,
            9.104366824764579,
            -0.4350766452853795
        ]
    ],
    "nodes": [
        1,
        2,
        2,
        2,
        3,
        3
    ],
    "scene": 5
}