{
    "centers": [
        [
            1.049443159325893,
            7.967006529471096,
            -0.3805844480673482
        ],
        [
            6.5147778264304,
            -6.323774744583255,
            -0.26403048426865305
        ],
        [
            -3.613456005433906,
            -0.21690415064097301,
            -0.34981739828058095
        ],
        [
            -7.329838038403893,
            3.3544487744439806,
            -0.16819617997333403
        ]
    ],
    "nodes": [
        2,
        2,
        2,
        3
    ],
    "scene": 5
}