{
    "centers": [
        [
            -7.9490469122709335,
            9.78049922492481,
            -0.37984901946977234
        ],
        [
            7.094714028475423,
            -7.486282802112432,
            -0.3316428633010716
        ],
        [
            -8.80934722459066,
            1.1801368490799007,
            -0.16786291984317403
        ],
        [
            5.041401412106843,
            3.059569296527542,
            -0.21670840736309893
        ],
        [
            2.2674296251555184,
            -0.5074934568165155,
            -0.30372136638739533
        ]
    ],
    "nodes": [
        1,
        2,
        2,
        3,
        3
    ],
    "scene": 5
}