{
    "centers": [
        [
            4.00718075609883,
            4.685262512336429,
            -0.15789249091710778
        ],
        [
            -4.362147933813924,
            9.681075704050432,
            -0.4725909021709951
        ],
        [
            -8.067394303712925,
            1.8098426219920256,
            -0.10374962920248898
        ]
    ],
    "nodes": [
        2,
        3,
        3
    ],
    "scene": 5
}