{
    "centers": [
        [
            1.654417908777413,
            -1.4284736931380806,
            -0.3139325312075866
        ],
        [
            -6.976760612161071,
            1.9680038364593688,
            -0.2430563674320836
        ],
        [
            3.3782347748997115,
            9.250097406254202,
            -0.174834744260989
        ],
        [
            0.8092894365236347,
            3.712079123776075,
            -0.42570478658381317
        ]
    ],
    "nodes": [
        1,
        2,
        3,
        3
    ],
    "scene": 5
}