{
    "centers": [
        [
            1.2136071303927238,
            -2.750205747895209,
            -0.24593059700121273
        ],
        [
            -1.5486921792819288,
            3.5694419842653993,
            -0.28422649142570844
        ]
    ],
    "nodes": [
        1,
        2
    ],
    "scene": 5
}