{
    "centers": [
        [
            -7.304239842889246,
            -3.5819854008563556,
            -0.43859213393940594
        ],
        [
            8.01156786005961,
            1.9478487010600798,
            -0.3834205751292758
        ],
        [
            9.837442989910453,
            -7.345206457850219,
            -0.45443756659374696
        ],
        [
            -3.5450882917676214,
            7.778763376309211,
            -0.49698314428926127
        ]
    ],
    "nodes": [
        2,
        2,
        2,
        3
    ],
    "scene": 5
}