{
    "centers": [
        [
            2.318411423611371,
            1.8077374792231087,
            -0.48548097227703557
        ],
        [
            5.485299008314806,
            -1.810817666973703,
            -0.4466106490229594
        ]
    ],
    "nodes": [
        1,
        2
    ],
    "scene": 5
}