{
    "centers": [
        [
            0.22464328669296307,
            -9.717284826600924,
            -0.3645656065796081
        ],
        [
            -6.482930903829461,
            9.191362488642522,
            -0.10384301669937224
        ],
        [
            5.053008779841717,
            -3.0066153805248774,
            -0.2278769228332011
        ],
        [
            8.057486413939984,
            -4.8158908987862326,
            -0.35037937395069374
        ],
        [
            9.284138064690215,
            -0.435689944648864,
            -0.18910074604620164
        ]
    ],
    "nodes": [
        2,
        3,
        3,
        3,
        3
    ],
    "scene": 5
}