{
    "centers": [
        [
            6.741417485650437,
            -7.039999583875202,
            -0.23925557328622243
        ],
        [
            2.618390769048691,
            8.719872419775907,
            -0.13250356761877047
        ],
        [
            -1.9642068989189667,
            -1.2247049004184323,
            -0.3138860774092601
        ]
    ],
    "nodes": [
        2,
        2,
        2
    ],
    "scene": 5
}