{
    "centers": [
        [
            6.191276158298329,
            3.8149655478597904,
            -0.14156785537067762
        ],
        [
            4.780151559461048,
            -1.1375742516567637,
            -0.47966296338454023
        ]
    ],
    "nodes": [
        1,
        2
    ],
    "scene": 5
}