{
    "centers": [
        [
            9.713035182966216,
            -4.046913183556812,
            -0.1462402721920409
        ],
        [
            -1.6183371824313202,
            9.051405086457041,
            -0.232116136591412
        ],
        [
            -8.65089844102474,
            -1.2792152759290119,
            -0.39228596616318756
        ]
    ],
    "nodes": [
        2,
        2,
        3
    ],
    "scene": 5
}