{
    "centers": [
        [
            8.468647200268752,
            4.638408716908128,
            -0.17685609348188802
        ],
        [
            -4.702837937808879,
            -3.4044681783099318,
            -0.13984607842842878
        ],
        [
            -7.778238721249151,
            -5.817124295941927,
            -0.12270294615041111
        ],
        [
            6.31388318299253,
            1.5571760628354916,
            -0.45369666771031525
        ]
    ],
    "nodes": [
        2,
        2,
        2,
        3
    ],
    "scene": 5
}