{
    "centers": [
        [
            2.7569548261117394,
            9.452196056498664,
            -0.16891551795420523
        ],
        [
            -7.878500299241504,
            -1.1305829590427923,
            -0.4475336255287313
        ],
        [
            5.9123747449755655,
            3.7817744371333895,
            -0.3409229093075493
        ],
        [
            6.731593854134193,
            5.655678252961923,
            -0.46006362185888044
        ]
    ],
    "nodes": [
        1,
        2,
        3,
        3
    ],
    "scene": 5
}