{
    "centers": [
        [
            7.79036938052047,
            5.002081036198835,
            -0.1377966067897689
        ]
    ],
    "nodes": [
        2
    ],
    "scene": 5
}