{
    "centers": [
        [
            -5.454061613858753,
            5.70173301390286,
            -0.16042924883853882
        ],
        [
            -2.0719782021400412,
            -9.48757407419405,
            -0.34313789476432816
        ],
        [
            -3.821777612490691,
            -6.153269768631208,
            -0.49045233706845737
        ],
        [
            -7.122359817106647,
            4.232185722169003,
            -0.1398155703594145
        ],
        [
            5.059824495087613,
            9.48059336510838,
            -0.49606430147697855
        ]
    ],
    "nodes": [
        1,
        2,
        2,
        2,
        3
    ],
    "scene": 5
}