{
    "centers": [
        [
            9.12376062574608,
            -3.291041750663668,
            -0.38568075208882646
        ],
        [
            8.496801394714918,
            -8.727887936770358,
            -0.25321745081793584
        ]
    ],
    "nodes": [
        2,
        3
    ],
    "scene": 5
}