{
    "centers": [
        [
            1.95469643085843,
            -1.7326669237926353,
            -0.1499575484185085
        ],
        [
            -0.22046859734252955,
            9.671093071230153,
            -0.4330340127097453
        ],
        [
            5.350326004209979,
            -6.432185919924049,
            -0.2028136515466728
        ],
        [
            -4.504526739110024,
            1.0709675063202102,
            -0.1909101978078317
        ],
        [
            -8.441010594000636,
            -7.3715180389740915,
            -0.35483000692584965
        ],
        [
            -2.0472473607065655,
            4.077135903516428,
            -0.3468327229192879
        ]
    ],
    "nodes": [
        2,
        2,
        3,
        3,
        3,
        3
    ],
    "scene": 5
}