{
    "centers": [
        [
            -4.022061239514914,
            5.637588068304982,
            -0.4061689665829498
        ],
        [
            2.3727471186173403,
            -1.8697677996226183,
            -0.11201531933805281
        ],
        [
            7.742681932747679,
            9.205700445538334,
            -0.28517747911988134
        ],
        [
            5.067538397238758,
            1.1836994121709044,
            -0.4918208152377235
        ]
    ],
    "nodes": [
        2,
        2,
        3,
        3
    ],
    "scene": 5
}