{
    "centers": [
        [
            -2.981246538660991,
            -6.03471298518212,
            -0.4251396988735957
        ],
        [
            8.23202493252462,
            1.260319171582287,
            -0.18482255797636177
        ],
        [
            -8.656522785278469,
            5.552962848934586,
            -0.30983818099006355
        ],
        [
            4.772893134227672,
            -0.6828502523435613,
            -0.3783892813084307
        ],
        [
            1.249911545243794,
            -7.710751355377818,
            -0.3485197139503324
        ]
    ],
    "nodes": [
        1,
        2,
        2,
        2,
        3
    ],
    "scene": 5
}