{
    "centers": [
        [
            -6.4761709467048245,
            -7.827117114050508,
            -0.33181361367779905
        ],
        [
            1.3187578441988492,
            6.146809716073214,
            -0.3588018462475768
        ],
        [
            -3.111373988957695,
            1.386179628547895,
            -0.12031644977803074
        ],
        [
            0.529122966904314,
            3.480200715519752,
            -0.3048937466400763
        ],
        [
            4.272676068659333,
            -0.05506733167293021,
            -0.2139126407219898
        ],
        [
            -0.5940303307187378,
            9.166128365796432,
            -0.32768253416164644
        ]
    ],
    "nodes": [
        2,
        2,
        2,
        3,
        3,
        3
    ],
    "scene": 5
}