{
    "centers": [
        [
            -9.271685661012715,
            9.729638454918877,
            -0.3467689693495656
        ],
        [
            -2.651000946452424,
            -6.995773381792134,
            -0.14490679485717667
        ],
        [
            -7.0243390400130234,
            -1.4337382956188804,
            -0.21696090230440485
        ]
    ],
    "nodes": [
        1,
        2,
        3
    ],
    "scene": 5
}