{
    "centers": [
        [
            5.895144265413689,
            -9.606277703007667,
            -0.1709464152258054
        ],
        [
            -0.33669117244228985,
            9.119985330418384,
            -0.45575857521104757
        ],
        [
            7.221878938030979,
            6.921751959850553,
            -0.45236859326009415
        ],
        [
            9.929868435288064,
            -6.065484764048001,
            -0.4017336974240615
        ],
        [
            -3.2971251451483674,
            3.6678288054558,
            -0.48889162472250314
        ],
        [
            -8.237662523936537,
            5.138775262025954,
            -0.4911360768386842
        ]
    ],
    "nodes": [
        2,
        2,
        2,
        3,
        3,
        3
    ],
    "scene": 5
}