{
    "centers": [
        [
            4.476335581254753,
            -7.1645156649911135,
            -0.11809855231444533
        ],
        [
            6.359039258770611,
            9.198244397231583,
            -0.32133774953388006
        ]
    ],
    "nodes": [
        2,
        2
    ],
    "scene": 5
}