{
    "centers": [
        [
            -4.303881661100569,
            8.930265723042492,
            -0.2522034414369676
        ],
        [
            5.656700981372557,
            1.767396657217251,
            -0.25862219171212886
        ],
        [
            2.987085474197089,
            -1.2769714889603172,
            -0.10420645869587808
        ],
        [
            -2.645324407275309,
            -4.185771960619993,
            -0.2944366330625149
        ],
        [
            -9.95190346601648,
            7.137978249339785,
            -0.1625129949851063
        ],
        [
            -8.688561481685744,
            -2.4578144028724935,
            -0.2568565330102497
        ]
    ],
    "nodes": [
        2,
        2,
        2,
        3,
        3,
        3
    ],
    "scene": 5
}