{
    "centers": [
        [
            8.356663081604523,
            7.1625506373588905,
            -0.3276180476557552
        ],
        [
            3.9414326279049554,
            1.2601120925696527,
            -0.1322109670937499
        ],
        [
            -1.0371936046768386,
            8.288416290167923,
            -0.1974198224699808
        ],
        [
            4.8058522144212965,
            -4.903461758701344,
            -0.11982282581033754
        ],
        [
            1.3441074385425296,
            -7.808494464643445,
            -0.30092802966521937
        ]
    ],
    "nodes": [
        2,
        3,
        3,
        3,
        3
    ],
    "scene": 5
}