{
    "centers": [
        [
            -8.233117319155937,
            9.8423816799037,
            -0.45872875507884614
        ],
        [
            -1.9847995433876253,
            -7.1054615275327375,
            -0.17434515797126648
        ],
        [
            1.8900672135591439,
            -3.1574809049938146,
            -0.343958302696037
        ],
        [
            -9.515715371022573,
            4.26870790173705,
            -0.1673619172170499
        ],
        [
            3.9892827980319048,
            -1.4304497897211519,
            -0.4846294725075157
        ],
        [
            0.836710304006008,
            -5.54875766185323,
            -0.4187635166315023
        ],
        [
            8.391285886048458,
            3.1486146329012765,
            -0.3478479034834421
        ]
    ],
    "nodes": [
        1,
        2,
        2,
        3,
        3,
        3,
        3
    ],
    "scene": 5
}