{
    "centers": [
        [
            3.1024042717663907,
            -8.511479352316533,
            -0.45545295499900795
        ],
        [
            6.476483439479988,
            2.784989565882068,
            -0.2717333013664388
        ],
        [
            -4.124504736219392,
            9.954435652305833,
            -0.31631023161549615
        ],
        [
            -7.9682194346535,
            6.018189713589187,
            -0.22185276014118172
        ],
        [
            0.1502110250239177,
            -6.3528347274304275,
            -0.39706408365244694
        ],
        [
            -1.3486822879834826,
            -7.798623029053948,
            -0.3802523426005964
        ]
    ],
    "nodes": [
        1,
        2,
        3,
        3,
        3,
        3
    ],
    "scene": 5
}