{
    "centers": [
        [
            3.785473378322834,
            -9.94121184964879,
            -0.31288540062802567
        ],
        [
            -6.041081844816317,
            1.3844116597853144,
            -0.30820959163169026
        ],
        [
            7.5685980536227575,
            7.9131139623926146,
            -0.42057942285959626
        ]
    ],
    "nodes": [
        2,
        2,
        2
    ],
    "scene": 5
}