{
    "centers": [
        [
            -8.383277592247255,
            -9.56070498986908,
            -0.4588087834501017
        ],
        [
            9.501316040998478,
            1.9201880739937334,
            -0.4920877230547956
        ],
        [
            7.533940497319211,
            -7.576472798417622,
            -0.26589951714146276
        ],
        [
            -7.280350458081055,
            -5.124698164930297,
            -0.2549803036653614
        ]
    ],
    "nodes": [
        1,
        2,
        2,
        2
    ],
    "scene": 5
}