{
    "centers": [
        [
            -0.27476033715126924,
            1.843708455591761,
            -0.11077662912674419
        ],
        [
            -3.9218744400509813,
            -9.145619645533298,
            -0.3655569554987619
        ],
        [
            -8.680556826518416,
            -2.0698837994016195,
            -0.26392050635317654
        ],
        [
            6.559414807423771,
            -0.3483741723162659,
            -0.2669886285296858
        ],
        [
            1.902881503804819,
            7.092224216273596,
            -0.16022399490396833
        ],
        [
            -6.229698699171196,
            9.486043860831849,
            -0.38560844911458314
        ],
        [
            -7.588457273905089,
            5.259845055873795,
            -0.22443229806900927
        ]
    ],
    "nodes": [
        1,
        2,
        2,
        2,
        3,
        3,
        3
    ],
    "scene": 5
}