{
    "centers": [
        [
            -5.5370708183108945,
            9.98509640902197,
            -0.18207524814106812
        ],
        [
            7.431702194861977,
            3.2722164146237915,
            -0.3050084368859118
        ],
        [
            -1.3098139281207306,
            -7.264659567551915,
            -0.41642472160932986
        ],
        [
            -6.325570709263668,
            6.7855704676344,
            -0.1572903563871486
        ]
    ],
    "nodes": [
        2,
        2,
        3,
        3
    ],
    "scene": 5
}