{
    "centers": [
        [
            -0.20364487841711565,
            -4.246030679764821,
            -0.40639791385620544
        ],
        [
            -5.051055893386129,
            4.94493909434706,
            -0.18223234413735429
        ],
        [
            -2.897037033964816,
            8.259487060853527,
            -0.4152468066164361
        ],
        [
            2.5403606908701715,
            -5.102266933935756,
            -0.3247388695629987
        ]
    ],
    "nodes": [
        1,
        2,
        2,
        3
    ],
    "scene": 5
}