{
    "centers": [
        [
            -2.7003594789028256,
            -9.386829275514984,
            -0.3098577513755827
        ],
        [
            -1.898110865158726,
            6.3422147114177605,
            -0.1065824048926115
        ],
        [
            5.0991650745584955,
            1.9716619228404362,
            -0.2511581292548399
        ]
    ],
    "nodes": [
        2,
        2,
        2
    ],
    "scene": 5
}