{
    "centers": [
        [
            8.186861165129834,
            6.3167861734411375,
            -0.420396607910789
        ],
        [
            -9.290482679202551,
            0.17978805377106433,
            -0.21609970596738198
        ],
        [
            -3.88370772344466,
            -9.84929934642043,
            -0.45389357199674557
        ]
    ],
    "nodes": [
        2,
        2,
        2
    ],
    "scene": 5
}