{
    "centers": [
        [
            8.9988063050586,
            -0.16876913125909354,
            -0.10215269650792408
        ],
        [
            -0.9932884893484601,
            -7.1944051135465585,
            -0.3384008749311066
        ]
    ],
    "nodes": [
        2,
        2
    ],
    "scene": 5
}