{
    "centers": [
        [
            9.155176235356635,
            6.841237601389373,
            -0.400335803778735
        ],
        [
            7.723989410688258,
            2.0606593305978276,
            -0.35405508461503604
        ],
        [
            5.684570822952944,
            -7.157467954383985,
            -0.26409097599064346
        ],
        [
            -3.620387582952251,
            -4.693614330949516,
            -0.1520846223768615
        ],
        [
            -5.346681288133659,
            9.291387431646875,
            -0.2188230948988712
        ]
    ],
    "nodes": [
        1,
        2,
        2,
        3,
        3
    ],
    "scene": 5
}