{
    "centers": [
        [
            -0.5194266987887808,
            -5.156945653745932,
            -0.20711434621610414
        ],
        [
            0.983028930042444,
            2.501630447129253,
            -0.12143937571168784
        ],
        [
            4.373821628877753,
            -0.6731427242241299,
            -0.38210219921067534
        ],
        [
            9.8602558284183,
            7.955076463321934,
            -0.24137893864211452
        ],
        [
            -3.836559013854406,
            -6.401380738839597,
            -0.31549412759066975
        ],
        [
            -5.202687802534875,
            9.884040120918932,
            -0.3113007655134625
        ]
    ],
    "nodes": [
        2,
        2,
        2,
        3,
        3,
        3
    ],
    "scene": 5
}