{
    "centers": [
        [
            8.509754295722153,
            7.4652780317754655,
            -0.3336132806717781
        ],
        [
            -0.29828921077156423,
            9.38783847124683,
            -0.46508628160441345
        ],
        [
            1.7510871049137844,
            -1.0904820456628332,
            -0.4390699433278415
        ],
        [
            4.643349871152957,
            -3.63082656378994,
            -0.2135055333704055
        ],
        [
            -6.46923683213031,
            1.0909181526949467,
            -0.10525770093610048
        ],
        [
            -1.9603307659851605,
            -7.543103800575624,
            -0.1014904060745006
        ],
        [
            -5.50234595183281,
            -5.4727535752344325,
            -0.3667282297891452
        ],
        [
            3.728432772839625,
            -9.983111419742002,
            -0.1848343462690929
        ]
    ],
    "nodes": [
        1,
        2,
        2,
        2,
        3,
        3,
        3,
        3
    ],
    "scene": 5
}