{
    "centers": [
        [
            -6.632848505909172,
            -6.3207126815202175,
            -0.3862575085743495
        ],
        [
            6.924024141194145,
            -3.9276316876223083,
            -0.30879502259949376
        ],
        [
            -7.651892612891866,
            2.8127048036729327,
            -0.15977764302091219
        ],
        [
            5.858412382820779,
            9.995676686968853,
            -0.4383099345837973
        ],
        [
            -9.717705547656498,
            -8.767482838547156,
            -0.24345436904573808
        ]
    ],
    "nodes": [
        2,
        2,
        2,
        3,
        3
    ],
    "scene": 5
}