{
    "centers": [
        [
            2.5355875985313165,
            2.303678763868266,
            -0.41777956399480753
        ],
        [
            -1.5824977703926137,
            -8.98774537879234,
            -0.4358388590180978
        ],
        [
            8.801816130066275,
            -0.2087936224775273,
            -0.42392655153919967
        ],
        [
            -2.9072970888661365,
            -7.606790193041597,
            -0.36414309740536893
        ],
        [
            -6.590210489184713,
            -3.808782631554899,
            -0.2604588356555918
        ]
    ],
    "nodes": [
        2,
        2,
        3,
        3,
        3
    ],
    "scene": 5
}