{
    "centers": [
        [
            6.624667518872723,
            -4.102034432677808,
            -0.1833478170052601
        ],
        [
            -9.851670232616046,
            7.947896807676962,
            -0.4495023794712418
        ],
        [
            -7.434106415927504,
            -8.87513224529739,
            -0.2074803734189235
        ],
        [
            -5.531736139779757,
            5.657913282150147,
            -0.11040869380503421
        ],
        [
            2.3698894817162497,
            -8.073306589382007,
            -0.1310119450358569
        ]
    ],
    "nodes": [
        2,
        2,
        3,
        3,
        3
    ],
    "scene": 5
}