{
    "centers": [
        [
            -6.9538316186258005,
            -8.661385694613625,
            -0.3151719624264386
        ],
        [
            9.546434021556347,
            7.655084003622914,
            -0.4327236080422374
        ],
        [
            7.974493558800649,
            -4.86577182706033,
            -0.43264975301408637
        ],
        [
            -0.8766327676131631,
            -2.9522338242741935,
            -0.3123420870343238
        ],
        [
            6.408867833636037,
            2.9718716285100264,
            -0.3617100748936153
        ],
        [
            7.210214471869666,
            -1.5532020672617115,
            -0.16069103801371365
        ]
    ],
    "nodes": [
        2,
        2,
        2,
        3,
        3,
        3
    ],
    "scene": 5
}