{
    "centers": [
        [
            -5.825790989420769,
            -1.8579325106728746,
            -0.13673603674060053
        ],
        [
            -9.325517667833791,
            5.223600045572837,
            -0.3751689509299484
        ],
        [
            -8.590334713001988,
            7.2153223448748065,
            -0.3854110221221504
        ],
        [
            -3.741722315246272,
            -3.215077891717115,
            -0.31962241552575354
        ]
    ],
    "nodes": [
        2,
        3,
        3,
        3
    ],
    "scene": 5
}