{
    "centers": [
        [
            2.2060383163510338,
            -8.82886591158669,
            -0.10272343527587896
        ],
        [
            -6.898631282811392,
            -2.7542092210515223,
            -0.13255827552699861
        ]
    ],
    "nodes": [
        2,
        2
    ],
    "scene": 5
}