{
    "centers": [
        [
            -9.636822617751319,
            6.869810402117128,
            -0.3908358129599941
        ],
        [
            7.6832533232077935,
            -4.334852902183979,
            -0.12775055322149576
        ],
        [
            -4.339795066944372,
            8.279259646415184,
            -0.31218849293326767
        ],
        [
            -2.3475781084525753,
            3.818950919648831,
            -0.390443779774984
        ]
    ],
    "nodes": [
        2,
        3,
        3,
        3
    ],
    "scene": 5
}