{
    "centers": [
        [
            2.0681731521971507,
            7.074004372337164,
            -0.41018188858391186
        ],
        [
            -6.128173165597066,
            1.4424866565556709,
            -0.39908886337020794
        ],
        [
            -4.415563930703998,
            -5.424238433312752,
            -0.1854323746973512
        ]
    ],
    "nodes": [
        2,
        3,
        3
    ],
    "scene": 5
}