{
    "centers": [
        [
            -4.0285131439551165,
            3.442976407087251,
            -0.21020508475052535
        ],
        [
            6.602681068720024,
            -2.57142559034196,
            -0.15253852246438765
        ],
        [
            -0.1708926393151433,
            -1.1501419527670897,
            -0.18879084181443567
        ],
        [
            2.0001057885847153,
            -4.421893346726677,
            -0.2992931963647014
        ]
    ],
    "nodes": [
        2,
        2,
        2,
        3
    ],
    "scene": 5
}