{
    "centers": [
        [
            6.73126612705623,
            -1.4246846486607936,
            -0.3239462180948609
        ],
        [
            0.7291167594999148,
            -5.9919605131672355,
            -0.36146618587410695
        ],
        [
            -2.6789838477144894,
            2.4083937793692627,
            -0.3573697897608046
        ],
        [
            -0.4842095126139885,
            8.452953542113836,
            -0.2741249161680681
        ],
        [
            2.214718818719186,
            6.920323420691211,
            -0.16777565088443802
        ],
        [
            -3.9460411995405487,
            9.79716055562411,
            -0.11859693318666747
        ],
        [
            -5.915794093551949,
            -3.9672316897439686,
            -0.10449749540999242
        ],
        [
            -9.72404940753525,
            5.182734991553753,
            -0.27203922609779857
        ]
    ],
    "nodes": [
        1,
        2,
        2,
        2,
        3,
        3,
        3,
        3
    ],
    "scene": 5
}