{
    "centers": [
        [
            -9.405833362725806,
            9.186441898961387,
            -0.2916397283016751
        ],
        [
            8.11880913996481,
            -8.458851085108927,
            -0.2264553482705996
        ],
        [
            9.47512031838065,
            1.7610917767499359,
            -0.3834708694599591
        ],
        [
            -7.604039069120225,
            -7.127309574389558,
            -0.4402323108330156
        ],
        [
            -1.9623247210822612,
            6.029514226416492,
            -0.17714432772450983
        ]
    ],
    "nodes": [
        2,
        2,
        2,
        3,
        3
    ],
    "scene": 5
}