{
    "centers": [
        [
            -7.33499058170638,
            7.118728481021492,
            -0.2055053780390989
        ],
        [
            -3.9076949338738594,
            -4.921650283987596,
            -0.2725335536228597
        ],
        [
            0.14301951606594798,
            -8.164411207723141,
            -0.10822646144437426
        ],
        [
            2.4607454655910583,
            -9.17428111179417,
            -0.17089862122522959
        ],
        [
            -6.307461804485159,
            1.0802757844502153,
            -0.40870122619619603
        ]
    ],
    "nodes": [
        2,
        2,
        3,
        3,
        3
    ],
    "scene": 5
}