{
    "centers": [
        [
            -4.490545770327532,
            0.21627192986653831,
            -0.19656409209783926
        ],
        [
            -0.9541232276596858,
            -9.527661372503376,
            -0.27178439116937714
        ],
        [
            6.792428948778181,
            3.164805256705579,
            -0.1931031436987813
        ],
        [
            -9.80616131486044,
            5.140991301634202,
            -0.4301151921457294
        ],
        [
            -5.501662463611236,
            -3.403936325298938,
            -0.42699786966820064
        ]
    ],
    "nodes": [
        1,
        2,
        3,
        3,
        3
    ],
    "scene": 5
}