{
    "centers": [
        [
            5.872891238347531,
            -3.618963723779789,
            -0.3927515420179744
        ],
        [
            3.480641247090947,
            -0.5505408720621645,
            -0.37706162974213214
        ],
        [
            8.936116900649733,
            7.153975689307778,
            -0.22157902433167526
        ],
        [
            4.604862709752666,
            4.0541674162271875,
            -0.36410087415150366
        ],
        [
            -1.3191429869070745,
            -5.990624626602202,
            -0.49148685405092873
        ],
        [
            2.339942810813822,
            -6.684413519153707,
            -0.33164273386920196
        ],
        [
            -8.74763547287609,
            8.596227922371071,
            -0.4728982925224343
        ]
    ],
    "nodes": [
        1,
        2,
        2,
        2,
        3,
        3,
        3
    ],
    "scene": 5
}