{
    "centers": [
        [
            -6.656606754426928,
            4.10010354744273,
            -0.410909658780085
        ],
        [
            4.052950663713819,
            -2.3537052637719817,
            -0.17094149906214945
        ],
        [
            2.867775046594902,
            8.521487872000503,
            -0.35335750611682126
        ],
        [
            8.918997648661698,
            -8.443768458525758,
            -0.47680008731879775
        ],
        [
            1.0825956197498332,
            2.7451968935230724,
            -0.4903086688509028
        ],
        [
            -7.740570721042841,
            -5.605525207875202,
            -0.2298598733653801
        ]
    ],
    "nodes": [
        1,
        2,
        2,
        3,
        3,
        3
    ],
    "scene": 5
}