{
    "centers": [
        [
            8.53670021520761,
            3.988489176760604,
            -0.24596541512191816
        ],
        [
            -9.292985820356234,
            -6.516599605977054,
            -0.3215826650556547
        ],
        [
            -3.6751807934093517,
            0.24718457302719443,
            -0.25872876486215535
        ],
        [
            9.864933744383023,
            -0.7188106369399492,
            -0.4100123199207304
        ]
    ],
    "nodes": [
        1,
        2,
        3,
        3
    ],
    "scene": 5
}