{
    "centers": [
        [
            -8.022230857678675,
            4.057148428873534,
            -0.29163501332634956
        ],
        [
            6.00158397418047,
            -1.6338185882133125,
            -0.36146587938917285
        ],
        [
            2.4836314006990143,
            -8.368867278654527,
            -0.1488419597011827
        ]
    ],
    "nodes": [
        2,
        2,
        3
    ],
    "scene": 5
}