{
    "centers": [
        [
            -6.185897420443189,
            0.35733157780311764,
            -0.38340979353519417
        ],
        [
            5.74680102640354,
            7.126063872299255,
            -0.11726775056214794
        ],
        [
            8.108597638811261,
            -8.065918081619188,
            -0.481684419897208
        ],
        [
            -7.428157730228289,
            -1.7552495030156852,
            -0.4412976720080614
        ],
        [
            -8.206995483659757,
            9.92879149881119,
            -0.3060427483709268
        ]
    ],
    "nodes": [
        1,
        2,
        2,
        2,
        3
    ],
    "scene": 5
}