{
    "centers": [
        [
            -5.336174299194525,
            -8.423932368133645,
            -0.2303247313438868
        ],
        [
            -7.772267923120573,
            -0.932926355214974,
            -0.3301504439612157
        ],
        [
            -9.161056843504724,
            9.58077263784935,
            -0.3113438910491459
        ],
        [
            1.6490583680863296,
            4.668556808679718,
            -0.39089528485182223
        ],
        [
            6.429973926085864,
            5.719656854755932,
            -0.40702057961236443
        ],
        [
            -2.82312765921215,
            6.54936884969862,
            -0.2922874247804883
        ],
        [
            -1.1962805033045356,
            1.4757869921106188,
            -0.29421311435902764
        ],
        [
            -6.666765394676917,
            -7.666535835651067,
            -0.3190801908421377
        ]
    ],
    "nodes": [
        1,
        2,
        2,
        2,
        3,
        3,
        3,
        3
    ],
    "scene": 5
}