{
    "centers": [
        [
            -0.5847578199379377,
            -3.8812999664552805,
            -0.27700297087380166
        ],
        [
            0.2646552585134927,
            -9.190091810258213,
            -0.14216872601401614
        ],
        [
            -8.592296661299807,
            -0.9076777370247484,
            -0.40447138007009475
        ],
        [
            3.0504792266365364,
            -2.421249667841545,
            -0.17277960343550647
        ]
    ],
    "nodes": [
        1,
        2,
        3,
        3
    ],
    "scene": 5
}