{
    "centers": [
        [
            -1.4155515849594895,
            -4.083994787150111,
            -0.22129121890092862
        ],
        [
            -6.5114678802661,
            2.4427329123842654,
            -0.43841022322646156
        ],
        [
            -9.916323559482871,
            -9.669335890605154,
            -0.24586781034117472
        ],
        [
            -8.570194793290026,
            1.3744098755568697,
            -0.3500871135522965
        ],
        [
            3.7488102234878866,
            9.078664898799428,
            -0.11097726587347218
        ],
        [
            7.977571477483824,
            9.87130092757721,
            -0.1702136469007816
        ]
    ],
    "nodes": [
        2,
        2,
        2,
        3,
        3,
        3
    ],
    "scene": 5
}