{
    "centers": [
        [
            3.6019144020005722,
            -1.2471829305527837,
            -0.317356584173052
        ],
        [
            -3.913015196951857,
            6.485911698686003,
            -0.2518599782501548
        ],
        [
            1.2459217718716893,
            8.35780953467054,
            -0.4930800690666368
        ],
        [
            -4.6108292223648135,
            -4.894021093978161,
            -0.30344194445769923
        ],
        [
            -2.180380213586117,
            -5.530797740202058,
            -0.3098312629933412
        ]
    ],
    "nodes": [
        2,
        2,
        3,
        3,
        3
    ],
    "scene": 5
}