{
    "centers": [
        [
            -2.5768962683202705,
            -8.951648001161477,
            -0.48448389447916085
        ],
        [
            6.796749126175115,
            -0.9005684413325188,
            -0.24914763019713276
        ],
        [
            -9.275936250319068,
            -2.2780377697104948,
            -0.16357066300677092
        ],
        [
            0.9175913145158425,
            1.9377269519191174,
            -0.3752448240421509
        ],
        [
            4.553514854185035,
            7.591114258264149,
            -0.1119038255889992
        ],
        [
            -4.572437384869541,
            6.577739620853972,
            -0.3534392798010817
        ]
    ],
    "nodes": [
        2,
        2,
        3,
        3,
        3,
        3
    ],
    "scene": 5
}