{
    "centers": [
        [
            0.001239527814467678,
            -8.771206187257494,
            -0.48910789366631235
        ],
        [
            -7.469172478705362,
            7.687345375285744,
            -0.3591293779202831
        ],
        [
            9.5732697580391,
            1.1325917227242517,
            -0.3552265406918424
        ]
    ],
    "nodes": [
        1,
        2,
        3
    ],
    "scene": 5
}