{
    "centers": [
        [
            9.40591720431513,
            -8.388838426529087,
            -0.23674139544242595
        ],
        [
            -1.4249200421407622,
            5.6383560854529335,
            -0.3407779266441192
        ],
        [
            -8.090030245578006,
            -2.132988092917854,
            -0.135893413407007
        ],
        [
            -8.709968228931402,
            -9.452276097500725,
            -0.1488700168039674
        ]
    ],
    "nodes": [
        1,
        2,
        2,
        3
    ],
    "scene": 5
}