{
    "centers": [
        [
            0.834430087213768,
            5.227914126504293,
            -0.1760852528675867
        ],
        [
            -0.3822754521602292,
            6.26130538774267,
            -0.4530533086604828
        ],
        [
            1.8623728477017636,
            8.803905325257364,
            -0.3155297622590807
        ],
        [
            4.96711575792088,
            -0.6464962068100171,
            -0.46520580785472554
        ]
    ],
    "nodes": [
        2,
        3,
        3,
        3
    ],
    "scene": 5
}