{
    "centers": [
        [
            4.603243633680712,
            -6.039140465765874,
            -0.13709830542889279
        ],
        [
            2.7518191769323703,
            1.7007156460705648,
            -0.1295929366275972
        ],
        [
            6.407668680615316,
            -8.2274669819903,
            -0.4094993965583675
        ],
        [
            8.280139525778445,
            0.4465329266650677,
            -0.14078635318230193
        ]
    ],
    "nodes": [
        1,
        2,
        3,
        3
    ],
    "scene": 5
}