{
    "centers": [
        [
            -1.9494522949218052,
            -0.17589433203596982,
            -0.41399138246368355
        ],
        [
            -0.4822050292857245,
            5.816792646417067,
            -0.4553494750098935
        ],
        [
            6.472386208144435,
            5.052447388890027,
            -0.10865709387262579
        ]
    ],
    "nodes": [
        2,
        3,
        3
    ],
    "scene": 5
}