{
    "centers": [
        [
            -0.3669844388955301,
            4.938842633364731,
            -0.31825177747749367
        ],
        [
            -4.476347080872543,
            8.878924602220991,
            -0.230550809818735
        ],
        [
            -5.350795716969985,
            3.570784602740817,
            -0.18476144832300395
        ],
        [
            9.233839010623015,
            -9.126533145117328,
            -0.21022775890767958
        ],
        [
            6.394097745984471,
            -5.201350561005933,
            -0.2853888653320351
        ],
        [
            2.595523026626477,
            -6.659001006906264,
            -0.15984900259603108
        ],
        [
            0.36969352519988163,
            -1.913717987124679,
            -0.35315938503307087
        ]
    ],
    "nodes": [
        1,
        2,
        2,
        2,
        3,
        3,
        3
    ],
    "scene": 5
}