{
    "centers": [
        [
            6.899641695735301,
            -5.242181704261403,
            -0.2643611955277971
        ],
        [
            -3.6477751346675618,
            -7.9418307539352595,
            -0.44602463470120135
        ],
        [
            -5.987091121977112,
            5.726825821354835,
            -0.48563183313913805
        ],
        [
            9.393237591983972,
            -3.039936187947929,
            -0.22068166532098554
        ],
        [
            4.754905497953093,
            -1.5559035718345555,
            -0.18856147352473285
        ],
        [
            7.850593240127207,
            9.339440183110938,
            -0.45307990922210983
        ],
        [
            -1.984552974034635,
            7.597944295541371,
            -0.2880944678308708
        ]
    ],
    "nodes": [
        1,
        2,
        2,
        2,
        3,
        3,
        3
    ],
    "scene": 5
}