{
    "centers": [
        [
            0.20696538395849728,
            -0.5224251260855866,
            -0.38242533406385826
        ],
        [
            9.786903244304387,
            6.924920830524954,
            -0.3679153869621438
        ],
        [
            -6.484091971101131,
            -8.979971664903918,
            -0.49277699487066884
        ],
        [
            6.983984721311824,
            -5.502024760734909,
            -0.2555560120387729
        ]
    ],
    "nodes": [
        1,
        2,
        2,
        2
    ],
    "scene": 5
}