{
    "centers": [
        [
            -0.8896904708365394,
            9.885671653025462,
            -0.2821275837844083
        ],
        [
            1.6205420365217371,
            -4.561252152518098,
            -0.1604620252638715
        ],
        [
            9.477913858462962,
            4.395145128646085,
            -0.21075725974693005
        ],
        [
            -9.85813519344121,
            -3.0270624890002873,
            -0.2206443672466314
        ],
        [
            4.7920869413564855,
            0.9327520614939022,
            -0.4052129959403127
        ],
        [
            5.878283318064208,
            6.866599119933436,
            -0.4158362570056589
        ],
        [
            -3.342965315329584,
            -2.3611898708615264,
            -0.18647832654628993
        ]
    ],
    "nodes": [
        1,
        2,
        2,
        3,
        3,
        3,
        3
    ],
    "scene": 5
}