{
    "centers": [
        [
            1.3465148643307643,
            5.295844429380361,
            -0.1028533548431918
        ],
        [
            -7.945718158304887,
            -6.410127435272308,
            -0.24288229619264268
        ],
        [
            -2.8583213429893455,
            1.5118305776578111,
            -0.4928623900011261
        ],
        [
            3.756503916636307,
            -2.8978214581521256,
            -0.13565768067195916
        ]
    ],
    "nodes": [
        1,
        2,
        2,
        3
    ],
    "scene": 5
}