{
    "centers": [
        [
            7.92770022960033,
            6.073718285488344,
            -0.2335371614466979
        ],
        [
            -7.396647473893143,
            -5.281185877308285,
            -0.4948595040112918
        ],
        [
            8.610386716393048,
            0.4515752239658326,
            -0.15208230022283803
        ],
        [
            5.554840865727247,
            -1.7966985903597816,
            -0.14399681716778934
        ],
        [
            1.8917381210206194,
            -4.252497958692533,
            -0.22456981770488144
        ]
    ],
    "nodes": [
        2,
        2,
        2,
        3,
        3
    ],
    "scene": 5
}