{
    "centers": [
        [
            3.2786982787622563,
            3.6510435633381544,
            -0.4249779578097953
        ],
        [
            -7.01920320913718,
            -5.740581901318816,
            -0.19082000100719598
        ],
        [
            -9.047118623554544,
            -7.262080297046931,
            -0.2876507776809377
        ]
    ],
    "nodes": [
        2,
        2,
        2
    ],
    "scene": 5
}