{
    "centers": [
        [
            -8.14785279634859,
            -2.053660873981345,
            -0.12504386286599012
        ],
        [
            -6.266092229303091,
            -9.889784708386424,
            -0.42167831598868777
        ],
        [
            0.9901465627441741,
            6.541022889552536,
            -0.3804974139131521
        ],
        [
            6.033136157843661,
            -7.8045373080852976,
            -0.14619309733519575
        ]
    ],
    "nodes": [
        1,
        2,
        2,
        2
    ],
    "scene": 5
}