{
    "centers": [
        [
            -0.3744099198176549,
            -1.1960182432933824,
            -0.33935495729967163
        ],
        [
            -2.245401190336114,
            1.300242673853191,
            -0.33999586529028747
        ]
    ],
    "nodes": [
        1,
        2
    ],
    "scene": 5
}