{
    "centers": [
        [
            -2.401959706844446,
            -9.328293847056095,
            -0.3357951504732475
        ],
        [
            -9.160696618610054,
            -5.347330484908383,
            -0.28052828329508683
        ]
    ],
    "nodes": [
        2,
        2
    ],
    "scene": 5
}