{
    "centers": [
        [
            -7.870081036062446,
            -0.18407903075845944,
            -0.23241735909450606
        ],
        [
            8.943632698684858,
            3.951908102844069,
            -0.38615001113001357
        ],
        [
            6.885031581472237,
            -5.687789001994396,
            -0.4791753222832415
        ],
        [
            -1.8488041649656601,
            5.939015323886448,
            -0.16142331805054633
        ],
        [
            2.407528581045188,
            8.627799090551079,
            -0.11796704539395636
        ],
        [
            3.9659036060320823,
            1.2745575661533302,
            -0.3301614650347293
        ]
    ],
    "nodes": [
        1,
        2,
        3,
        3,
        3,
        3
    ],
    "scene": 5
}