{
    "centers": [
        [
            -5.239994998785102,
            8.957066366899372,
            -0.3667076835009129
        ],
        [
            2.7836610858349182,
            -6.883358917004099,
            -0.3509568084716536
        ],
        [
            -1.6783359110196692,
            5.269072735139682,
            -0.12238798345589835
        ],
        [
            -0.7870222972022098,
            -8.663221591199452,
            -0.313583614433416
        ],
        [
            -9.133686847971067,
            -4.747855266626435,
            -0.20425403399265224
        ]
    ],
    "nodes": [
        1,
        2,
        2,
        2,
        3
    ],
    "scene": 5
}