{
    "centers": [
        [
            2.1493215946347597,
            8.474672028170392,
            -0.3098561815058043
        ],
        [
            -0.17233616035680122,
            -3.7167942401216507,
            -0.22034142021339875
        ],
        [
            -6.751697686002814,
            3.361780418913657,
            -0.1562034041788537
        ],
        [
            4.6633332812810036,
            -0.9565707013781335,
            -0.1338909320992625
        ],
        [
            -1.3206917458703806,
            7.416448303006511,
            -0.10911794012740722
        ],
        [
            9.680032904002378,
            5.083469442152042,
            -0.2887434832833293
        ],
        [
            5.511071513983445,
            1.2757981118082249,
            -0.22734376894059893
        ],
        [
            -6.118819372703996,
            9.253692471625968,
            -0.27427506406330593
        ]
    ],
    "nodes": [
        1,
        2,
        2,
        2,
        3,
        3,
        3,
        3
    ],
    "scene": 5
}