{
    "centers": [
        [
            7.264522775988549,
            -6.702021177781672,
            -0.21160717634370452
        ],
        [
            -0.539270061410825,
            0.5506015828488273,
            -0.14033857804132865
        ],
        [
            -8.061073019203171,
            3.950010518931128,
            -0.2889173978777257
        ],
        [
            6.027863014249657,
            4.894407787977496,
            -0.297252533555732
        ]
    ],
    "nodes": [
        3,
        3,
        3,
        4
    ],
    "scene": 6
}