{
    "centers": [
        [
            2.562565259319019,
            -5.480558197893055,
            -0.19174180047339262
        ],
        [
            -9.327391838000578,
            6.436390639906044,
            -0.3501469758071505
        ],
        [
            4.030062248696797,
            5.505463475563868,
            -0.2525183334290996
        ],
        [
            -0.4135587513114771,
            -0.399170258767775,
            -0.46624454202945664
        ],
        [
            5.553263362105598,
            -3.1141691746436866,
            -0.4961251169587669
        ]
    ],
    "nodes": [
        3,
        3,
        3,
        3,
        4
    ],
    "scene": 6
}