{
    "centers": [
        [
            -1.6844633524503152,
            8.314346894501643,
            -0.4081176514805619
        ],
        [
            9.931333170397963,
            -4.778195211891692,
            -0.3943908715127676
        ],
        [
            3.3996317703154215,
            -1.241579249123335,
            -0.2880883257615787
        ],
        [
            -0.8604795357897732,
            9.431729217733352,
            -0.11499185409658247
        ]
    ],
    "nodes": [
        2,
        3,
        3,
        4
    ],
    "scene": 6
}