{
    "centers": [
        [
            -5.70325494466311,
            1.8363369707708461,
            -0.11008351608890432
        ],
        [
            -3.1854919969291062,
            -4.712094971948972,
            -0.18775568414613936
        ],
        [
            -1.4015488034671257,
            9.672995198765989,
            -0.3504535615847105
        ],
        [
            2.754752399715308,
            -8.501806727970546,
            -0.14648475174944747
        ],
        [
            1.1622294081918199,
            -2.2400373059628897,
            -0.25194403745166505
        ],
        [
            -9.829553827739257,
            3.4755568667685584,
            -0.2639783905269282
        ]
    ],
    "nodes": [
        3,
        3,
        3,
        3,
        4,
        4
    ],
    "scene": 6
}