{
    "centers": [
        [
            -9.269116780257221,
            1.079808845867463,
            -0.49982313329171835
        ],
        [
            6.5979965313197795,
            3.4066525948642052,
            -0.19668673594666952
        ],
        [
            -4.547618388047889,
            -4.652431672064752,
            -0.4325789095430207
        ],
        [
            -6.660492229409636,
            1.8335563206242984,
            -0.3847590393368362
        ],
        [
            -0.8464542931522416,
            -8.883649238813057,
            -0.11920379040229928
        ]
    ],
    "nodes": [
        3,
        3,
        3,
        4,
        4
    ],
    "scene": 6
}