{
    "centers": [
        [
            7.000090211585729,
            -3.7973907755905323,
            -0.4077438123903162
        ],
        [
            0.2732154743311561,
            4.855534462625105,
            -0.3460226319316616
        ],
        [
            9.784656359701962,
            -2.376733514413756,
            -0.41166067483394503
        ],
        [
            4.2386435755844545,
            6.542601058690462,
            -0.16841318449606485
        ],
        [
            -3.9928575180512693,
            7.925767192627806,
            -0.3699621139285346
        ]
    ],
    "nodes": [
        2,
        3,
        3,
        3,
        4
    ],
    "scene": 6
}