{
    "centers": [
        [
            -5.2352163812754915,
            5.872932734522564,
            -0.22900419760354085
        ],
        [
            -3.566423578435531,
            -4.246110651311175,
            -0.3928871763574907
        ],
        [
            9.04349328436929,
            -6.558613041958141,
            -0.24556685833453668
        ],
        [
            8.378567264619708,
            -8.96411840814179,
            -0.2989119483600926
        ],
        [
            -8.969499385202282,
            9.149835406376635,
            -0.48813649968270534
        ],
        [
            5.091288750575648,
            -3.5671958991272135,
            -0.19321545661931255
        ]
    ],
    "nodes": [
        2,
        3,
        3,
        3,
        3,
        4
    ],
    "scene": 6
}