{
    "centers": [
        [
            -2.0288539272252475,
            7.392589441627411,
            -0.2649132252897709
        ],
        [
            5.386042107722528,
            -5.63608041435387,
            -0.21809357146256325
        ],
        [
            -8.624769109954705,
            3.1235992873349456,
            -0.2695132874024727
        ],
        [
            -1.3026088191561502,
            -9.185405117883969,
            -0.46510030056236157
        ],
        [
            -0.06736449409851808,
            -6.436343732022001,
            -0.1901397290725867
        ],
        [
            7.173414177760812,
            -3.738112009868959,
            -0.28810206699804164
        ]
    ],
    "nodes": [
        2,
        3,
        3,
        3,
        3,
        4
    ],
    "scene": 6
}