{
    "centers": [
        [
            7.366987500369987,
            3.9332726564641796,
            -0.2482628235921951
        ],
        [
            -2.192097263388977,
            -3.7253829332130177,
            -0.17560113207814582
        ],
        [
            5.563180453510006,
            -6.000692976040797,
            -0.19936576563283204
        ]
    ],
    "nodes": [
        3,
        3,
        4
    ],
    "scene": 6
}