{
    "centers": [
        [
            -1.6272402617418926,
            -0.9255639489872198,
            -0.19295620914370964
        ],
        [
            0.5062794052672999,
            8.705239968827946,
            -0.10174216955836118
        ],
        [
            -9.666533805740173,
            -2.7119697567442618,
            -0.4999345219486785
        ],
        [
            3.724916724702986,
            -4.345563310014975,
            -0.22443804048409133
        ],
        [
            1.230817239949701,
            0.2959378472176617,
            -0.3446128694317864
        ],
        [
            -0.2711181693993687,
            9.501916709250949,
            -0.22814232798379103
        ]
    ],
    "nodes": [
        3,
        3,
        3,
        3,
        4,
        4
    ],
    "scene": 6
}