{
    "centers": [
        [
            -4.050638794285595,
            9.558714232489784,
            -0.3486052542974276
        ],
        [
            4.600902650464008,
            -4.661906129854243,
            -0.41367090917813043
        ],
        [
            3.580445348128613,
            -5.732069854450208,
            -0.1496857898158293
        ],
        [
            -0.964022517266061,
            5.8959031611457835,
            -0.2669217412409394
        ]
    ],
    "nodes": [
        3,
        3,
        3,
        4
    ],
    "scene": 6
}