{
    "centers": [
        [
            5.771303385471519,
            -9.617551223127359,
            -0.1853778010520155
        ],
        [
            4.544664499589096,
            3.1792013232644774,
            -0.43857958204546804
        ],
        [
            1.5710663320110214,
            -1.4387023841245767,
            -0.19486159293178257
        ],
        [
            -9.56880884356158,
            -7.007747431935916,
            -0.23078860898027453
        ]
    ],
    "nodes": [
        2,
        3,
        3,
        4
    ],
    "scene": 6
}