{
    "centers": [
        [
            -4.08097161464227,
            4.826542004723617,
            -0.40899969238718303
        ],
        [
            -8.364989688711319,
            -4.26693213934578,
            -0.17700028556742692
        ],
        [
            1.18804294785717,
            -0.8591721639983607,
            -0.27830336976486203
        ],
        [
            6.1394473709612996,
            7.843517332850254,
            -0.3668018765726502
        ],
        [
            -1.2674375679959375,
            -1.5156627929915718,
            -0.18793015106502514
        ],
        [
            -9.50672010000779,
            0.9020581330894633,
            -0.42700341718736096
        ]
    ],
    "nodes": [
        2,
        3,
        3,
        3,
        3,
        4
    ],
    "scene": 6
}