{
    "centers": [
        [
            -4.572222578802219,
            8.626770046714672,
            -0.146089637328512
        ],
        [
            -6.27544642253403,
            5.4333515830627235,
            -0.3430817809457327
        ],
        [
            -7.712821973272723,
            0.5564992786385421,
            -0.35923996963819926
        ],
        [
            -9.125209001042908,
            -2.055774761382441,
            -0.41432059261796783
        ],
        [
            1.8421549722036623,
            -5.122213438676839,
            -0.4286445662901844
        ]
    ],
    "nodes": [
        3,
        3,
        3,
        3,
        4
    ],
    "scene": 6
}