{
    "centers": [
        [
            -8.724241691727649,
            -6.547860869636892,
            -0.31962429279258686
        ],
        [
            9.261824977391125,
            3.697931545315962,
            -0.41527609190604736
        ],
        [
            1.7438211671226345,
            6.022126136709112,
            -0.36736727477836584
        ],
        [
            -0.12327222066718235,
            -3.731216369215695,
            -0.14213965751906577
        ]
    ],
    "nodes": [
        2,
        3,
        3,
        4
    ],
    "scene": 6
}