{
    "centers": [
        [
            4.299737075303302,
            -3.939220821252645,
            -0.37700116912310566
        ],
        [
            5.477445103201964,
            5.662827515123823,
            -0.17000339565167444
        ],
        [
            -0.4148258763995738,
            2.630774298816645,
            -0.3007465421334119
        ]
    ],
    "nodes": [
        1,
        1,
        3
    ],
    "scene": 7
}