{
    "centers": [
        [
            -8.149189804686989,
            5.250846674324867,
            -0.31717287359258983
        ],
        [
            -0.1186791113895822,
            -5.433151985264022,
            -0.23803010426675508
        ],
        [
            -1.3169976229107512,
            -4.374314384616107,
            -0.2794911181331627
        ],
        [
            0.9215528970623676,
            -6.272279082638706,
            -0.4529674159469358
        ]
    ],
    "nodes": [
        1,
        1,
        1,
        3
    ],
    "scene": 7
}