{
    "centers": [
        [
            7.394127832008017,
            -3.5320813338806634,
            -0.4677071257776324
        ],
        [
            -7.924326334171548,
            -0.24581168059969194,
            -0.41382601002371294
        ],
        [
            -0.26356777184161295,
            0.9584813790271944,
            -0.3185043605278106
        ],
        [
            1.4728673101291392,
            -1.5058489978528549,
            -0.4683714249901413
        ]
    ],
    "nodes": [
        1,
        1,
        1,
        3
    ],
    "scene": 7
}