{
    "centers": [
        [
            7.457639269580657,
            7.777167414863094,
            -0.2809053133845569
        ],
        [
            1.0565475690155601,
            -4.19921660227171,
            -0.20129108937894563
        ],
        [
            -4.84381496832243,
            2.2273044109714686,
            -0.4402600077701945
        ],
        [
            1.9940751416041618,
            -5.3744233027516675,
            -0.4213279260942858
        ],
        [
            -2.9775840303323564,
            0.9096661667820243,
            -0.1174958246882099
        ]
    ],
    "nodes": [
        1,
        1,
        1,
        1,
        3
    ],
    "scene": 7
}