{
    "centers": [
        [
            2.459254673195165,
            4.935285451185013,
            -0.41350364143940593
        ],
        [
            -4.100252374289417,
            6.9147433309535025,
            -0.1477691908783858
        ],
        [
            9.40215514346507,
            2.6150089239382535,
            -0.1522193488688332
        ],
        [
            4.838103037957698,
            -5.056445371873986,
            -0.2771822308856504
        ],
        [
            3.817158745587925,
            -8.068058008577982,
            -0.19206984818126138
        ]
    ],
    "nodes": [
        1,
        1,
        1,
        1,
        3
    ],
    "scene": 7
}