{
    "centers": [
        [
            5.767153478764476,
            9.185668132347896,
            -0.22130656941048205
        ],
        [
            -0.7694660831123006,
            5.197913341868944,
            -0.4438550557135929
        ]
    ],
    "nodes": [
        1,
        1
    ],
    "scene": 7
}