{
    "centers": [
        [
            0.5493859459905259,
            8.48922603686793,
            -0.3111792969110312
        ],
        [
            -4.171757671343461,
            5.707230489807769,
            -0.19767753008648775
        ],
        [
            -3.3440075093860333,
            -9.230758762916073,
            -0.22605027766253633
        ]
    ],
    "nodes": [
        1,
        1,
        3
    ],
    "scene": 7
}