{
    "centers": [
        [
            -5.036913022272782,
            5.678443078289977,
            -0.3692840097508172
        ],
        [
            6.169683845498184,
            -0.44899897922963206,
            -0.19374791184890872
        ]
    ],
    "nodes": [
        1,
        1
    ],
    "scene": 7
}