{
    "centers": [
        [
            -6.387229094154916,
            3.7403304718354686,
            -0.10393881100580848
        ],
        [
            -1.9903101902515417,
            -2.829583072771859,
            -0.27564903844253485
        ]
    ],
    "nodes": [
        1,
        1
    ],
    "scene": 7
}