{
    "centers": [
        [
            1.8534597808841227,
            2.7506944147092263,
            -0.270309736347941
        ],
        [
            5.357432275968673,
            4.521487386087644,
            -0.44658860473380796
        ],
        [
            -2.830585477611418,
            7.600661618267669,
            -0.3536470234312905
        ],
        [
            -7.297529808001593,
            -3.383083558797251,
            -0.25036667991322714
        ]
    ],
    "nodes": [
        1,
        1,
        1,
        3
    ],
    "scene": 7
}