{
    "centers": [
        [
            -1.7780213839647256,
            1.1487420598065263,
            -0.44707276529040685
        ],
        [
            0.15144456339317358,
            7.836904278886784,
            -0.1604703999731416
        ],
        [
            7.625758087062778,
            9.100247015577686,
            -0.38816662627103693
        ],
        [
            2.2084374618274705,
            -5.598496143254632,
            -0.3284043920489603
        ]
    ],
    "nodes": [
        1,
        1,
        1,
        1
    ],
    "scene": 7
}