{
    "centers": [
        [
            6.95134186294564,
            -5.552121131894738,
            -0.21919481075292385
        ],
        [
            3.0484293505363524,
            -0.8568036799486691,
            -0.11219702829265987
        ],
        [
            1.2668774186284537,
            2.110987128944071,
            -0.12400795410018295
        ],
        [
            -0.22494373762915743,
            4.811291937246697,
            -0.22311136658545305
        ]
    ],
    "nodes": [
        1,
        1,
        1,
        1
    ],
    "scene": 7
}