{
    "centers": [
        [
            -8.926192800070126,
            -6.893714595872034,
            -0.23875926508601475
        ],
        [
            5.236599296276836,
            4.047276464345835,
            -0.38376415452864177
        ],
        [
            -0.3596669057219657,
            -1.8228209676208547,
            -0.11562473755536468
        ]
    ],
    "nodes": [
        1,
        1,
        1
    ],
    "scene": 7
}