{
    "centers": [
        [
            6.989992894379714,
            -8.139441829811972,
            -0.4608851769477764
        ],
        [
            -2.3472110249572857,
            -3.42967216270085,
            -0.1877127494448128
        ],
        [
            3.081668939836268,
            8.787706167042234,
            -0.4022369512942633
        ],
        [
            5.94769394500981,
            -9.246759647969842,
            -0.1651699648830423
        ]
    ],
    "nodes": [
        1,
        1,
        1,
        3
    ],
    "scene": 7
}