{
    "centers": [
        [
            -5.991122453538589,
            2.3938299933050384,
            -0.28568260705460335
        ],
        [
            -0.0448005174483157,
            7.77584910170129,
            -0.4746941301434838
        ],
        [
            -2.983896271136423,
            -7.056558976351727,
            -0.17734086519901116
        ],
        [
            -2.0049540974381808,
            9.828657770296182,
            -0.25898545480712454
        ],
        [
            2.3498195723433426,
            4.468214162525948,
            -0.1665223969046803
        ]
    ],
    "nodes": [
        1,
        1,
        1,
        1,
        3
    ],
    "scene": 7
}