{
    "centers": [
        [
            -7.958232345440179,
            3.7978007048269458,
            -0.2749937886901063
        ],
        [
            9.303757617959018,
            6.460647529474269,
            -0.4611064907257242
        ],
        [
            -2.9002759160755325,
            -4.488992558517831,
            -0.4660246986597846
        ],
        [
            -4.483699241910046,
            -9.159598220358733,
            -0.18265323638027514
        ]
    ],
    "nodes": [
        1,
        1,
        1,
        1
    ],
    "scene": 7
}