{
    "centers": [
        [
            5.172353254115636,
            6.20977914626171,
            -0.21822952232900383
        ],
        [
            -8.945645456639273,
            2.464890555162489,
            -0.47907560453907794
        ],
        [
            -6.442128591912468,
            -7.633518523016671,
            -0.4461811064843818
        ],
        [
            -9.770843489518644,
            7.732262392017109,
            -0.478936391115573
        ]
    ],
    "nodes": [
        1,
        1,
        1,
        1
    ],
    "scene": 7
}