{
    "centers": [
        [
            -1.1151475039439962,
            3.273041130601813,
            -0.32538466730042653
        ],
        [
            -9.54745088271169,
            -9.323161078489015,
            -0.3320345090519231
        ],
        [
            3.8511988998600835,
            -6.496489089757178,
            -0.3042235957996113
        ],
        [
            7.846315273353266,
            -2.958681792291051,
            -0.39985254194990627
        ]
    ],
    "nodes": [
        1,
        1,
        1,
        3
    ],
    "scene": 7
}