{
    "centers": [
        [
            0.6127582412304591,
            5.849320370076292,
            -0.25336325219784916
        ],
        [
            7.788178433692725,
            3.1003867295736605,
            -0.4050092041930403
        ],
        [
            5.325097519892159,
            6.9928759943052405,
            -0.247799512942128
        ],
        [
            -0.9787657987799658,
            -2.4671501685927932,
            -0.13179029769529332
        ]
    ],
    "nodes": [
        1,
        1,
        1,
        3
    ],
    "scene": 7
}