{
    "centers": [
        [
            -6.560765024826045,
            6.672228360323423,
            -0.30409018132861
        ],
        [
            7.807116751050984,
            -4.198834949386763,
            -0.40909339907760034
        ],
        [
            6.334373264597922,
            8.141416259877964,
            -0.1864330283339657
        ]
    ],
    "nodes": [
        1,
        1,
        3
    ],
    "scene": 7
}