{
    "centers": [
        [
            -6.478354681576648,
            -1.157246541539255,
            -0.4665441193587321
        ],
        [
            0.9721708363795916,
            -6.466654516008892,
            -0.2559490930629755
        ],
        [
            3.337798031019121,
            2.680386146125933,
            -0.29676020073192444
        ],
        [
            8.298470505448748,
            -8.059540745513836,
            -0.3589336903306599
        ]
    ],
    "nodes": [
        1,
        1,
        1,
        3
    ],
    "scene": 7
}