{
    "centers": [
        [
            2.8558115705572718,
            -9.675306189357414,
            -0.32889181464035655
        ],
        [
            4.694940922756832,
            -3.7179587750072702,
            -0.4455395878165796
        ]
    ],
    "nodes": [
        1,
        1
    ],
    "scene": 7
}