{
    "centers": [
        [
            -9.105611970591855,
            -8.552646748111243,
            -0.36285585682119137
        ],
        [
            -0.5585976543498887,
            3.3587334595576213,
            -0.325163336359093
        ],
        [
            -2.0618571353846367,
            9.643573640571319,
            -0.38144457598413106
        ]
    ],
    "nodes": [
        1,
        1,
        1
    ],
    "scene": 7
}