{
    "centers": [
        [
            -1.2469334830032253,
            1.0945504280454887,
            -0.10318772097610296
        ],
        [
            -6.106593706399243,
            5.029191088069203,
            -0.3381912533167463
        ],
        [
            -4.234610277535102,
            -6.891750987936098,
            -0.2905007814313844
        ]
    ],
    "nodes": [
        1,
        1,
        1
    ],
    "scene": 7
}