{
    "centers": [
        [
            -0.16949666900492844,
            1.2028145609645655,
            -0.2758521396751208
        ],
        [
            1.2615887170445266,
            -0.9325017725242759,
            -0.34068754285309033
        ]
    ],
    "nodes": [
        1,
        1
    ],
    "scene": 7
}