{
    "centers": [
        [
            9.939010596656026,
            -7.085634599191732,
            -0.4798845018504087
        ],
        [
            -1.819657542376678,
            -9.831533213928793,
            -0.23102357246117872
        ],
        [
            -6.147809697979447,
            0.17505808796463462,
            -0.1843223269832856
        ],
        [
            6.214529268953623,
            -1.2386185103426435,
            -0.4571049756044231
        ],
        [
            7.825140325587551,
            9.076540522603825,
            -0.3510576218251224
        ]
    ],
    "nodes": [
        3,
        3,
        3,
        3,
        3
    ],
    "scene": 0
}