{
    "centers": [
        [
            1.9433576087668953,
            -2.032626269129503,
            -0.28716421033718886
        ],
        [
            2.563652826801828,
            8.283071103211835,
            -0.4347432854082605
        ],
        [
            7.50109729990854,
            -6.525392734915075,
            -0.11320398565029965
        ]
    ],
    "nodes": [
        3,
        3,
        3
    ],
    "scene": 0
}