{
    "centers": [
        [
            0.35228522911980775,
            -7.072086290975374,
            -0.22138725436843626
        ],
        [
            5.022679829747897,
            -8.795674778634506,
            -0.1575714092299303
        ],
        [
            -7.318313001130454,
            2.5185463859074897,
            -0.2648840379824595
        ],
        [
            -8.84470247733265,
            7.737761892202599,
            -0.23432276353546316
        ]
    ],
    "nodes": [
        3,
        3,
        3,
        3
    ],
    "scene": 0
}