{
    "centers": [
        [
            -4.43768056357867,
            -4.095712343004361,
            -0.38063373031696063
        ],
        [
            -2.3072304278664557,
            5.83405712635874,
            -0.3316617956407558
        ],
        [
            -3.536928015501328,
            -5.760237514733362,
            -0.4601349725560096
        ]
    ],
    "nodes": [
        1,
        1,
        3
    ],
    "scene": 7
}