{
    "centers": [
        [
            8.574505583425097,
            -4.36366924418778,
            -0.37255948959809804
        ],
        [
            1.2024890331179243,
            6.550874963068349,
            -0.18514749324795554
        ],
        [
            -7.9562750307089765,
            -9.712688202985014,
            -0.4641176803151553
        ],
        [
            5.183694422669422,
            -0.2941672019334174,
            -0.24696113303221057
        ]
    ],
    "nodes": [
        1,
        1,
        1,
        1
    ],
    "scene": 7
}