{
    "centers": [
        [
            -1.8541120427597093,
            -6.5404752468047755,
            -0.18269161898465236
        ],
        [
            7.232444434666135,
            -8.320297867262523,
            -0.36647271704167794
        ],
        [
            4.254075295407063,
            -3.62561409354808,
            -0.49394294083311024
        ],
        [
            3.604288192521768,
            -1.4270783339355138,
            -0.4909827235724898
        ],
        [
            -4.928923434117081,
            8.675518192096366,
            -0.4876772559797638
        ]
    ],
    "nodes": [
        2,
        2,
        2,
        2,
        2
    ],
    "scene": 8
}