{
    "centers": [
        [
            -5.665206346835177,
            0.5347728114120329,
            -0.46617578627028755
        ],
        [
            -8.70399674055561,
            -2.538190006586028,
            -0.3905404018116722
        ],
        [
            5.123406019644021,
            9.393550615270719,
            -0.4964090035414811
        ],
        [
            4.332682299442949,
            -5.773908931243037,
            -0.4428090302127926
        ],
        [
            -3.0666719687819333,
            -7.649880541503609,
            -0.19434616069467786
        ]
    ],
    "nodes": [
        2,
        2,
        2,
        2,
        2
    ],
    "scene": 8
}