{
    "centers": [
        [
            -8.397515029971325,
            -5.868864907318827,
            -0.11653631879853515
        ],
        [
            2.9168957689641033,
            1.4451981955204918,
            -0.31846781607288677
        ],
        [
            -3.1333591443940207,
            -1.5298886573926467,
            -0.110422435451691
        ],
        [
            5.116610768287892,
            -9.995183144210856,
            -0.17694118147394944
        ]
    ],
    "nodes": [
        2,
        2,
        2,
        3
    ],
    "scene": 8
}