{
    "centers": [
        [
            6.230836577675433,
            6.087720800374544,
            -0.24153021156213395
        ],
        [
            7.849790626509158,
            4.573089998196952,
            -0.42174912476933285
        ],
        [
            -8.45666371410057,
            0.7633603841901966,
            -0.2161767713052561
        ],
        [
            -6.964415247586051,
            -4.2461305717158755,
            -0.22795111745302044
        ],
        [
            -3.019245372485104,
            2.333673585077955,
            -0.469701778170464
        ],
        [
            -0.14236989156487212,
            9.984784136701052,
            -0.13320136017306794
        ]
    ],
    "nodes": [
        2,
        2,
        2,
        2,
        2,
        3
    ],
    "scene": 8
}