{
    "centers": [
        [
            1.583580598975086,
            9.3135366074245,
            -0.31887472946245654
        ],
        [
            -4.403887670096067,
            -8.39201255846467,
            -0.34525249423274607
        ]
    ],
    "nodes": [
        2,
        2
    ],
    "scene": 8
}