{
    "centers": [
        [
            -6.732003435586789,
            7.207323871020513,
            -0.3075200604169005
        ],
        [
            -2.4376177222505513,
            4.753686721667332,
            -0.3079917600626747
        ],
        [
            3.8501051424343373,
            8.932298417517448,
            -0.2845274513476316
        ]
    ],
    "nodes": [
        2,
        2,
        3
    ],
    "scene": 8
}