{
    "centers": [
        [
            -5.508259947832743,
            -3.013998692157392,
            -0.46194499967424496
        ],
        [
            7.390790129210838,
            -9.53566630858154,
            -0.2867677030559854
        ],
        [
            5.273228009264368,
            -7.92393638253754,
            -0.35972266582358503
        ]
    ],
    "nodes": [
        2,
        2,
        2
    ],
    "scene": 8
}