{
    "centers": [
        [
            0.3244034306853454,
            -1.7590700137126696,
            -0.1584461897908564
        ],
        [
            -4.18218786427385,
            3.162988987770314,
            -0.21098907827326618
        ],
        [
            3.76667360486689,
            6.8048694397012675,
            -0.47022429920157316
        ]
    ],
    "nodes": [
        2,
        2,
        3
    ],
    "scene": 8
}