{
    "centers": [
        [
            3.6890476573613977,
            9.745705891944795,
            -0.34594284421489363
        ],
        [
            6.327631406852802,
            6.195708658282019,
            -0.27336548316097853
        ],
        [
            0.5920690756893663,
            -9.99443853231769,
            -0.3774970489962758
        ],
        [
            4.7137168270818375,
            7.392728777913632,
            -0.38819437275712426
        ]
    ],
    "nodes": [
        4,
        4,
        4,
        4
    ],
    "scene": 9
}