{
    "centers": [
        [
            1.1902544979243288,
            -0.13127669248656382,
            -0.31196414799833433
        ],
        [
            9.255248168404584,
            9.641930705091035,
            -0.43619423008939295
        ],
        [
            -7.151265302887914,
            1.8069216438846887,
            -0.31809508362294414
        ],
        [
            4.771344119570436,
            3.929482259152735,
            -0.27560238629391365
        ],
        [
            7.364003582093581,
            -8.068173749641065,
            -0.3507614580179498
        ]
    ],
    "nodes": [
        3,
        4,
        4,
        4,
        4
    ],
    "scene": 9
}