{
    "centers": [
        [
            1.5768190103680073,
            1.4017320238439996,
            -0.13991652818104872
        ],
        [
            -3.6449886439596657,
            5.508090398083656,
            -0.4058182398699879
        ],
        [
            8.287649222516286,
            -6.635001100794147,
            -0.20982686167076908
        ],
        [
            -5.800250384459426,
            -7.683166429616697,
            -0.29128651551601337
        ]
    ],
    "nodes": [
        4,
        4,
        4,
        4
    ],
    "scene": 9
}