{
    "centers": [
        [
            -0.27582195835307743,
            7.582447041606791,
            -0.14629885805614862
        ],
        [
            -3.441234721709616,
            -6.836762151832065,
            -0.27667940869103
        ],
        [
            -5.189009479568998,
            8.388502082174213,
            -0.4596620648044431
        ],
        [
            -7.04915823803935,
            -4.073808756494747,
            -0.38424416452958693
        ]
    ],
    "nodes": [
        3,
        4,
        4,
        4
    ],
    "scene": 9
}