{
    "centers": [
        [
            5.750284720098994,
            8.575729732131354,
            -0.1040512352003991
        ],
        [
            -6.499035540945526,
            3.9775528606570987,
            -0.333273467941537
        ],
        [
            0.23595365192936413,
            -8.248679302874224,
            -0.29723072735482714
        ],
        [
            3.1710563433719443,
            7.504926644908355,
            -0.21964237130021713
        ]
    ],
    "nodes": [
        3,
        4,
        4,
        4
    ],
    "scene": 9
}