{
    "centers": [
        [
            -0.2323464057849307,
            -9.525643253816195,
            -0.20869983425485267
        ],
        [
            5.666057676634061,
            6.834897706453219,
            -0.40219803623214634
        ],
        [
            9.350541955911403,
            -5.313476873868732,
            -0.48552951586363097
        ],
        [
            8.725690003314387,
            -1.8630956316625085,
            -0.14094839157141498
        ],
        [
            3.7586430489613925,
            -8.866441236844004,
            -0.24931740939777353
        ],
        [
            4.99645502122889,
            0.4669161994961897,
            -0.2937219139829661
        ]
    ],
    "nodes": [
        3,
        4,
        4,
        4,
        4,
        4
    ],
    "scene": 9
}