{
    "centers": [
        [
            -2.2446915572929216,
            2.475258433565145,
            -0.17876093348212319
        ],
        [
            -4.063461158915771,
            -1.92664219582284,
            -0.484414208290875
        ],
        [
            1.6018295869697035,
            7.721623241454335,
            -0.24940510891385814
        ],
        [
            -8.244961609617294,
            -2.5534095802374974,
            -0.2018656662821437
        ],
        [
            9.011969855430102,
            8.584079327545304,
            -0.3793297652605253
        ],
        [
            -4.724918113104096,
            -5.151604044425233,
            -0.46091932491241
        ]
    ],
    "nodes": [
        3,
        4,
        4,
        4,
        4,
        4
    ],
    "scene": 9
}