{
    "centers": [
        [
            0.6662981458232924,
            -2.3152937472669315,
            -0.214946578620126
        ],
        [
            7.149271786925617,
            3.2773531070662933,
            -0.278495406260015
        ],
        [
            5.016611691848226,
            0.18585017981080298,
            -0.28860106373099836
        ],
        [
            9.79814090727033,
            5.543723599974676,
            -0.1514952714291135
        ]
    ],
    "nodes": [
        3,
        4,
        4,
        4
    ],
    "scene": 9
}