{
    "centers": [
        [
            -2.861735208368583,
            1.7820314442233602,
            -0.49463440445076634
        ],
        [
            6.364885383039102,
            3.33907180398362,
            -0.4072236525314331
        ],
        [
            -9.30108305574426,
            -8.911793769921612,
            -0.11904310808058588
        ],
        [
            5.481346713074835,
            5.262308667385362,
            -0.3789763989159952
        ]
    ],
    "nodes": [
        4,
        4,
        4,
        4
    ],
    "scene": 9
}