{
    "centers": [
        [
            -3.460168969005835,
            -1.8344570227250916,
            -0.4374168025420296
        ],
        [
            7.548420783957486,
            9.611258243958645,
            -0.3687139936997553
        ],
        [
            5.317473635317036,
            -6.531788530313074,
            -0.305268818468636
        ],
        [
            -7.344678993240037,
            5.964852409796258,
            -0.41508723502922834
        ],
        [
            1.5928032135394723,
            -0.16146674376160775,
            -0.24457533911685603
        ]
    ],
    "nodes": [
        4,
        4,
        4,
        4,
        4
    ],
    "scene": 9
}