{
    "centers": [
        [
            -0.40672385691044965,
            -0.5833889507435845,
            -0.28617352233544213
        ],
        [
            -3.4150209462890713,
            -2.946220131106461,
            -0.15295460354346846
        ],
        [
            -5.65529963109536,
            0.27365407380932183,
            -0.4895458732940562
        ],
        [
            5.782535369073333,
            9.991602215495515,
            -0.3351736555574913
        ],
        [
            6.570630885888686,
            5.561212633995535,
            -0.24968719124579764
        ],
        [
            -7.11679619264924,
            4.934939554815676,
            -0.17953995530608519
        ]
    ],
    "nodes": [
        3,
        4,
        4,
        4,
        4,
        4
    ],
    "scene": 9
}