{
    "centers": [
        [
            -4.728151591978287,
            6.8455678199213,
            -0.13103417688274094
        ],
        [
            4.449210548630189,
            4.439040314183158,
            -0.28210844453430406
        ],
        [
            -2.0877296226572124,
            -9.48138655400465,
            -0.3514310758144412
        ],
        [
            6.749300547835205,
            1.0246892690851173,
            -0.31544132066168307
        ],
        [
            -1.1368943796870852,
            8.605891849275395,
            -0.16247072205974222
        ]
    ],
    "nodes": [
        4,
        4,
        4,
        4,
        4
    ],
    "scene": 9
}