{
    "centers": [
        [
            -5.902948559620755,
            8.143131547166234,
            -0.16780947637564658
        ],
        [
            -2.228321048526116,
            -4.250838792473943,
            -0.3198025320941059
        ],
        [
            -1.407154602872394,
            -1.4487142791341725,
            -0.31132142820279807
        ],
        [
            9.572099743291286,
            2.590758082855455,
            -0.3957089291849612
        ],
        [
            -3.9601688842216953,
            1.711213358004109,
            -0.24314258460867616
        ],
        [
            -0.6118332034070058,
            -8.526448895304679,
            -0.30183943417359993
        ],
        [
            6.126939966221862,
            -6.9333170722798965,
            -0.4324795738697868
        ]
    ],
    "nodes": [
        3,
        4,
        4,
        4,
        4,
        4,
        4
    ],
    "scene": 9
}