{
    "centers": [
        [
            7.636895609958824,
            -7.442666754636306,
            -0.3746062213581868
        ],
        [
            -2.098053763734484,
            0.48052499131837934,
            -0.20217577269670495
        ],
        [
            2.85203272769413,
            -9.525577971153993,
            -0.4679150298689333
        ],
        [
            9.264931184033117,
            -5.770816506033394,
            -0.3318888976776776
        ]
    ],
    "nodes": [
        3,
        4,
        4,
        4
    ],
    "scene": 9
}