{
    "centers": [
        [
            6.926207956805847,
            7.621591352243385,
            -0.10562507452842218
        ],
        [
            -6.856659674668384,
            -8.15851232460449,
            -0.3643040122680379
        ],
        [
            -2.508249386434926,
            9.16495715359504,
            -0.23827557760749007
        ],
        [
            1.0873707271126403,
            -8.94040704611758,
            -0.37219367571488116
        ],
        [
            -7.627724681335546,
            4.672819723852577,
            -0.14953579026920383
        ]
    ],
    "nodes": [
        3,
        4,
        4,
        4,
        4
    ],
    "scene": 9
}