{
    "centers": [
        [
            -6.064956320593085,
            -0.78454082948749,
            -0.40592336109833493
        ],
        [
            0.6853990091691582,
            7.261885705656901,
            -0.2672206301231993
        ],
        [
            6.955861771897677,
            -9.89065172432193,
            -0.3039495646422412
        ],
        [
            -4.467764736369071,
            -2.71170812730102,
            -0.28909971312250726
        ],
        [
            3.7819135112152136,
            5.102419068216566,
            -0.48787550240825617
        ]
    ],
    "nodes": [
        4,
        4,
        4,
        4,
        4
    ],
    "scene": 9
}