{
    "centers": [
        [
            2.674742164829926,
            -6.678767692108352,
            -0.10165192758988861
        ],
        [
            -0.027016263211088187,
            -5.346388724405444,
            -0.22765916596665897
        ],
        [
            3.961126526966922,
            -9.947883811892012,
            -0.4424548901158483
        ],
        [
            6.734859491636115,
            8.443920305827515,
            -0.3518925851901026
        ],
        [
            -4.12848553440101,
            0.08171185957603733,
            -0.478370716857599
        ],
        [
            8.512171154881244,
            4.7607854168628965,
            -0.49080240743350856
        ],
        [
            -9.79648028268161,
            -1.8659384699255348,
            -0.3037881546056075
        ]
    ],
    "nodes": [
        3,
        4,
        4,
        4,
        4,
        4,
        4
    ],
    "scene": 9
}