{
    "centers": [
        [
            -6.180357594709227,
            8.845530287561537,
            -0.19357669856391369
        ],
        [
            8.170669850039115,
            -0.6312550182206049,
            -0.10367535194616195
        ],
        [
            -7.416303045504078,
            6.853594053228459,
            -0.2490725568142509
        ],
        [
            1.464366015235477,
            9.734953186111397,
            -0.47806147879020633
        ],
        [
            3.074872482539096,
            7.939903658441537,
            -0.4830051882664995
        ],
        [
            9.033444728980488,
            1.1881490070531413,
            -0.4056846770887426
        ],
        [
            -0.8390511668648326,
            -8.5039469727296,
            -0.32584091247424046
        ]
    ],
    "nodes": [
        3,
        4,
        4,
        4,
        4,
        4,
        4
    ],
    "scene": 9
}