{
    "centers": [
        [
            1.5957514651498208,
            -3.970750989169149,
            -0.2092302315273853
        ],
        [
            0.656188661259149,
            -7.801683440036591,
            -0.4830972185820711
        ],
        [
            -7.105379427018017,
            5.4710480140090585,
            -0.46981767387540024
        ],
        [
            2.9039542565859726,
            -1.220287490548797,
            -0.10120621553117881
        ],
        [
            -0.9819647511929226,
            6.671448881743128,
            -0.30823563833505685
        ]
    ],
    "nodes": [
        3,
        4,
        4,
        4,
        4
    ],
    "scene": 9
}