{
    "centers": [
        [
            -5.042302249837157,
            -7.022894830577293,
            -0.3500402752645214
        ],
        [
            7.933118920092909,
            -0.9034764819802437,
            -0.2612968088986365
        ],
        [
            -2.039237943391134,
            -5.200445208175681,
            -0.4182815832058152
        ],
        [
            -9.069963239572342,
            0.8285904116111809,
            -0.13440358234516403
        ],
        [
            4.680527403120811,
            -3.445949294636346,
            -0.47290423523148856
        ],
        [
            -2.6785997438378217,
            -2.692821748451073,
            -0.27755111107884367
        ]
    ],
    "nodes": [
        3,
        4,
        4,
        4,
        4,
        4
    ],
    "scene": 9
}