{
    "centers": [
        [
            -2.8579274433371165,
            2.1409299068838585,
            -0.34362040487473156
        ],
        [
            4.489428211419629,
            -0.5521853551972207,
            -0.1429950742077319
        ],
        [
            -7.806725100506082,
            1.1318431291698072,
            -0.4459174809207872
        ],
        [
            0.02948899366394997,
            -1.3211843820647307,
            -0.16308348911591597
        ],
        [
            8.322666683163181,
            2.7753118243478276,
            -0.2427426161116248
        ]
    ],
    "nodes": [
        4,
        4,
        4,
        4,
        4
    ],
    "scene": 9
}