{
    "centers": [
        [
            -9.954053080443888,
            -0.9375539337949093,
            -0.3394604667507708
        ],
        [
            -8.621823222160446,
            -7.339423134922152,
            -0.4833187802100849
        ],
        [
            2.0638608861427343,
            6.792215988338167,
            -0.19501094671278135
        ],
        [
            0.26119532497236264,
            -4.348428035374439,
            -0.14136478110800016
        ]
    ],
    "nodes": [
        4,
        4,
        4,
        4
    ],
    "scene": 9
}