{
    "centers": [
        [
            -4.006460834705454,
            -7.453902407442419,
            -0.26501043405513347
        ],
        [
            -9.760546413179984,
            -4.0043381774096325,
            -0.2974930614419218
        ],
        [
            9.581139155693045,
            2.753340505872581,
            -0.3664368518811021
        ],
        [
            7.575678718016203,
            -0.19494413125403298,
            -0.3433474103684737
        ],
        [
            -8.904143259776172,
            9.012593574546234,
            -0.4244450729299418
        ],
        [
            -5.664843794516652,
            -1.4742011974916522,
            -0.4569614199835611
        ]
    ],
    "nodes": [
        3,
        4,
        4,
        4,
        4,
        4
    ],
    "scene": 9
}