{
    "centers": [
        [
            3.969526027435217,
            9.27031251428787,
            -0.4028625547824697
        ],
        [
            -5.565706009073672,
            -7.7905254515993905,
            -0.27859425648399005
        ],
        [
            -1.8120680613589162,
            -9.128906645852435,
            -0.2979197405492543
        ],
        [
            6.109568478069701,
            4.661930970495147,
            -0.21676972457343607
        ]
    ],
    "nodes": [
        3,
        4,
        4,
        4
    ],
    "scene": 9
}