{
    "centers": [
        [
            0.7548932877348484,
            -3.233652372742113,
            -0.25693953878638986
        ],
        [
            4.411286443238877,
            4.393593502577627,
            -0.1910267061466422
        ],
        [
            6.769809025011945,
            7.894747491057508,
            -0.31161824999257426
        ],
        [
            3.4303305578174665,
            3.485513968665197,
            -0.12085256918632387
        ],
        [
            -7.177773782839651,
            -8.901578591602563,
            -0.19631894704783887
        ],
        [
            2.6807613756720094,
            -4.953499653978374,
            -0.3403325066083738
        ],
        [
            -8.344495948164656,
            0.362340874311462,
            -0.26306828860215914
        ]
    ],
    "nodes": [
        3,
        4,
        4,
        4,
        4,
        4,
        4
    ],
    "scene": 9
}