{
    "centers": [
        [
            2.1613878857420623,
            -2.0052040910563695,
            -0.2369249163519912
        ],
        [
            7.022684391070001,
            9.159515857963964,
            -0.16520673263574098
        ],
        [
            -8.248870619735404,
            3.780799011001914,
            -0.14268237306566878
        ],
        [
            4.5279479001118705,
            0.4706370342934463,
            -0.4404826105771899
        ]
    ],
    "nodes": [
        4,
        4,
        4,
        4
    ],
    "scene": 9
}