{
    "centers": [
        [
            -9.55455122740289,
            -8.859367701530765,
            -0.45387877095485957
        ],
        [
            -8.572843874732488,
            2.5376967486998723,
            -0.10695537092613527
        ],
        [
            -2.948766941933398,
            6.478585760671574,
            -0.3480018013256315
        ],
        [
            8.981104652885143,
            5.714029079034717,
            -0.17549541160511867
        ]
    ],
    "nodes": [
        4,
        4,
        4,
        4
    ],
    "scene": 9
}