{
    "centers": [
        [
            -5.472254820393951,
            9.965112695793085,
            -0.2566270189308181
        ],
        [
            9.237969226569476,
            -5.470600571652651,
            -0.3738102522707336
        ],
        [
            -4.189023457776175,
            -9.325868772561108,
            -0.4270791194990141
        ]
    ],
    "nodes": [
        4,
        4,
        4
    ],
    "scene": 9
}