{
    "centers": [
        [
            -6.739486526927115,
            1.7242606433087104,
            -0.31267456254285286
        ],
        [
            -4.027289051090898,
            -7.569483935479973,
            -0.2634410519018229
        ],
        [
            -9.929914199966214,
            6.024097677745239,
            -0.13184623812198293
        ],
        [
            -9.113967780966327,
            -3.276285792271092,
            -0.366138913363789
        ],
        [
            0.8169693054051521,
            -8.624901444584296,
            -0.4520500712424462
        ]
    ],
    "nodes": [
        3,
        4,
        4,
        4,
        4
    ],
    "scene": 9
}