{
    "centers": [
        [
            -3.3238353266402694,
            8.547476957610172,
            -0.1053255056287219
        ],
        [
            2.504230968467052,
            -2.44647274070831,
            -0.4416177116356969
        ],
        [
            -8.55261419963913,
            -8.938655597432977,
            -0.10715686711223166
        ],
        [
            -9.577555299862775,
            7.787920124927371,
            -0.2453333030359109
        ],
        [
            6.747319400159551,
            5.284466870160907,
            -0.44449506726337445
        ]
    ],
    "nodes": [
        4,
        4,
        4,
        4,
        4
    ],
    "scene": 9
}