{
    "centers": [
        [
            -0.998252835861031,
            3.068785126648276,
            -0.4357017235684563
        ],
        [
            9.437959567976822,
            -7.673490758688553,
            -0.12723067222740791
        ],
        [
            -5.05352870557277,
            -0.4426146203208958,
            -0.2161283742724795
        ],
        [
            -7.098468583777677,
            -5.908836574274902,
            -0.11521523459061561
        ],
        [
            2.3063223030042117,
            3.762300556628162,
            -0.45474701298320036
        ],
        [
            -1.7831939755840214,
            5.087467506463154,
            -0.3398534986141267
        ],
        [
            -5.762163011904635,
            -4.7517172003320525,
            -0.19217262171770189
        ]
    ],
    "nodes": [
        3,
        4,
        4,
        4,
        4,
        4,
        4
    ],
    "scene": 9
}