{
    "centers": [
        [
            7.018142303809512,
            6.42730265971332,
            -0.4366624329235514
        ],
        [
            3.13180342244339,
            8.368027717454726,
            -0.34352612322554177
        ],
        [
            -9.228608476130258,
            1.0509909660444308,
            -0.42146514732355084
        ],
        [
            4.932069977975962,
            -7.932043316385684,
            -0.33399693548178366
        ]
    ],
    "nodes": [
        4,
        4,
        4,
        4
    ],
    "scene": 9
}