{
    "centers": [
        [
            -6.754785382575006,
            8.869951938388528,
            -0.43235285494960596
        ],
        [
            9.865317743259467,
            -4.585072453367129,
            -0.4464761068099855
        ],
        [
            -8.397990102108084,
            3.3776624648935787,
            -0.15181716778413662
        ]
    ],
    "nodes": [
        4,
        4,
        4
    ],
    "scene": 9
}