{
    "centers": [
        [
            1.1380222119003491,
            3.9160550353788217,
            -0.4426034697410923
        ],
        [
            -3.3355864235067383,
            -0.12933395561719685,
            -0.23844070250981692
        ],
        [
            2.795852306380196,
            2.4119311419514204,
            -0.40549152969805574
        ],
        [
            -9.799777519022221,
            5.814028787831187,
            -0.17195771600446896
        ],
        [
            -6.3190630261484575,
            -8.465731536348056,
            -0.34188049043647895
        ],
        [
            0.3719329470251864,
            -2.3995035374530467,
            -0.2284954235340576
        ]
    ],
    "nodes": [
        3,
        4,
        4,
        4,
        4,
        4
    ],
    "scene": 9
}