{
    "centers": [
        [
            7.723476399141454,
            6.234850989713891,
            -0.197645440518393
        ],
        [
            0.1821527067309212,
            3.9426350091944897,
            -0.10573036245240103
        ],
        [
            -5.27284406323655,
            -7.326190647092008,
            -0.23108142853281183
        ],
        [
            3.8890573254488636,
            5.46371201865465,
            -0.36237753464484135
        ],
        [
            5.41637193306104,
            -8.946233796554965,
            -0.12338631583115728
        ]
    ],
    "nodes": [
        4,
        4,
        4,
        4,
        4
    ],
    "scene": 9
}