{
    "centers": [
        [
            -2.6826825898485707,
            6.937353414949136,
            -0.46505416258236937
        ],
        [
            4.167234053327782,
            -6.580151841806567,
            -0.4927981029253228
        ],
        [
            -3.441848472055642,
            -5.014433121280193,
            -0.25792726637952823
        ],
        [
            6.307398293762223,
            -5.84036985734585,
            -0.41069162460998837
        ]
    ],
    "nodes": [
        4,
        4,
        4,
        4
    ],
    "scene": 9
}