{
    "centers": [
        [
            -5.370097839186993,
            0.6857639273348131,
            -0.3261357954937242
        ],
        [
            -8.85298076512467,
            6.29404933225922,
            -0.1575562496134103
        ],
        [
            -6.668681396756813,
            -2.408287562466356,
            -0.3569356666173204
        ]
    ],
    "nodes": [
        4,
        4,
        4
    ],
    "scene": 9
}