{
    "centers": [
        [
            -2.661742192689611,
            7.01147715201223,
            -0.17066015667821438
        ],
        [
            7.500363125632411,
            -3.4534107225257182,
            -0.12879599823292875
        ],
        [
            2.129518998264256,
            2.155047920745181,
            -0.10040800667406297
        ],
        [
            -9.982718938093747,
            -4.407999499531218,
            -0.13377959078342855
        ],
        [
            -7.660368295894759,
            3.427261152890722,
            -0.4134520691869047
        ],
        [
            6.143759068232125,
            0.7982660028868089,
            -0.46401177702648977
        ]
    ],
    "nodes": [
        3,
        4,
        4,
        4,
        4,
        4
    ],
    "scene": 9
}