{
    "centers": [
        [
            -0.08103967906095733,
            9.495295544909975,
            -0.4981127692400253
        ],
        [
            8.611561982998136,
            -0.1677935664336161,
            -0.2916877934443622
        ],
        [
            -2.02001727301994,
            -7.9972372209937514,
            -0.2160799212875829
        ],
        [
            -3.987825520594644,
            -6.07441285246451,
            -0.2714366930009273
        ],
        [
            -5.154801615499638,
            3.4888067055759038,
            -0.21399084112165373
        ],
        [
            1.9114257184884984,
            8.675640279709306,
            -0.12818599391999919
        ],
        [
            -7.148075781710814,
            -7.0505711403078974,
            -0.49012022430734936
        ]
    ],
    "nodes": [
        3,
        4,
        4,
        4,
        4,
        4,
        4
    ],
    "scene": 9
}