{
    "centers": [
        [
            4.36376892806398,
            8.373130964570208,
            -0.18362444199551958
        ],
        [
            6.023980883220169,
            4.897840441145254,
            -0.4600525421599024
        ],
        [
            8.639642928293597,
            0.08981091813371833,
            -0.11028601086248557
        ]
    ],
    "nodes": [
        4,
        4,
        4
    ],
    "scene": 9
}