{
    "centers": [
        [
            -5.815462332041399,
            5.932576948245359,
            -0.35411134086365237
        ],
        [
            -3.828034447089454,
            8.193640008787547,
            -0.12051266095103208
        ],
        [
            -2.6675391443239,
            -1.4342682560239428,
            -0.3888575843423515
        ],
        [
            2.3550698916004027,
            -8.326044374819029,
            -0.20280127544720145
        ],
        [
            4.082594011466931,
            9.350730584625268,
            -0.4588401502477803
        ]
    ],
    "nodes": [
        3,
        3,
        3,
        3,
        3
    ],
    "scene": 1
}