{
    "centers": [
        [
            5.720327014884308,
            -8.221243441070666,
            -0.3729964278910789
        ],
        [
            8.806598237636948,
            -4.336975243487615,
            -0.3478213674740768
        ],
        [
            -6.075525420437986,
            8.796959427159049,
            -0.19208314267228582
        ],
        [
            4.800814507446933,
            -2.8503805046547743,
            -0.17077290079481172
        ],
        [
            0.20279357702530376,
            -6.815483467072479,
            -0.19745131892512796
        ]
    ],
    "nodes": [
        3,
        3,
        3,
        3,
        3
    ],
    "scene": 1
}