{
    "centers": [
        [
            3.993337085232664,
            7.732517201940009,
            -0.47508827041065527
        ],
        [
            -8.835876553746589,
            -6.442793077797242,
            -0.13416498278642275
        ],
        [
            2.8135701522161476,
            1.7666901506170625,
            -0.430986642156725
        ],
        [
            -2.681422740339274,
            -1.4414338712276642,
            -0.37847521773233816
        ],
        [
            -0.45262264717377576,
            -4.4233452420144515,
            -0.17488598651853965
        ],
        [
            8.431920676066404,
            -7.280789552877258,
            -0.4874745253040425
        ],
        [
            9.181790825921698,
            5.98853960509437,
            -0.3445606413778767
        ],
        [
            7.170982754897075,
            0.43736768807264426,
            -0.44061051627788006
        ],
        [
            -6.217152321310271,
            6.71394140212379,
            -0.41335877979578195
        ]
    ],
    "nodes": [
        3,
        3,
        3,
        3,
        3,
        3,
        3,
        3,
        3
    ],
    "scene": 1
}