{
    "centers": [
        [
            -7.54349771252696,
            5.9914827204881576,
            -0.42308556907934974
        ],
        [
            -9.078566676504163,
            4.936918035418698,
            -0.10342189007218794
        ],
        [
            -6.563423136564306,
            2.074634252556095,
            -0.15203690352283933
        ],
        [
            -8.254787250347437,
            -8.74978046943319,
            -0.45806394480504725
        ],
        [
            8.659856295485735,
            -9.74825100073624,
            -0.3179112007396012
        ],
        [
            0.39771355336684344,
            8.081712494101144,
            -0.35482466602830265
        ]
    ],
    "nodes": [
        1,
        1,
        3,
        3,
        3,
        3
    ],
    "scene": 2
}