{
    "centers": [
        [
            -2.437991818271195,
            0.3882830936933228,
            -0.22995828588169803
        ],
        [
            -6.05921188473981,
            4.911778117978244,
            -0.4790054096595535
        ],
        [
            9.243477707131238,
            -0.5591765990160784,
            -0.43181295149746807
        ],
        [
            2.246673841052022,
            3.1951160414312785,
            -0.39705267068278505
        ],
        [
            -1.4485398164870702,
            -1.184468223071061,
            -0.3128701648474421
        ],
        [
            4.136215744136887,
            8.4267480517352,
            -0.4656799003765518
        ]
    ],
    "nodes": [
        1,
        1,
        3,
        3,
        3,
        3
    ],
    "scene": 2
}