{
    "centers": [
        [
            9.57125588196574,
            1.660313321071179,
            -0.47916462845354013
        ],
        [
            -4.474753820284228,
            -9.441044387415685,
            -0.12210278231704524
        ],
        [
            -0.7081249461555714,
            8.144905947274388,
            -0.12821067865940272
        ],
        [
            -9.919287547288416,
            -0.5685209836609104,
            -0.22901494463528904
        ],
        [
            8.006054629261182,
            -4.488177708507575,
            -0.2048853724687834
        ]
    ],
    "nodes": [
        1,
        1,
        3,
        3,
        3
    ],
    "scene": 2
}