{
    "centers": [
        [
            8.633092383426554,
            -1.3923279829206425,
            -0.1419482730604918
        ],
        [
            -1.4269102909006985,
            -5.436137615883512,
            -0.3931657208353812
        ],
        [
            -4.673692758356676,
            2.2141819869444106,
            -0.18698163710711868
        ],
        [
            -8.924981469783832,
            0.9797878654194303,
            -0.2019654865241452
        ],
        [
            4.522652493117318,
            2.8960388976324083,
            -0.31655142143710824
        ]
    ],
    "nodes": [
        1,
        3,
        3,
        3,
        3
    ],
    "scene": 2
}