{
    "centers": [
        [
            5.373279980523575,
            -5.977731780435642,
            -0.28290270185221555
        ],
        [
            -4.412136183658988,
            0.4407932157418166,
            -0.15178050225444262
        ],
        [
            7.488572966401094,
            -4.740545195416866,
            -0.30180194643944513
        ],
        [
            9.709024675135176,
            5.432111394763339,
            -0.3272193518023524
        ],
        [
            8.985769365144723,
            -7.649712816287764,
            -0.2607852573777671
        ]
    ],
    "nodes": [
        1,
        3,
        3,
        3,
        3
    ],
    "scene": 2
}