{
    "centers": [
        [
            -5.82746574777045,
            3.817075515574233,
            -0.4180530688361531
        ],
        [
            -7.607796206528712,
            -5.690783360006022,
            -0.22451624076975762
        ],
        [
            8.80137343340337,
            7.835090680592039,
            -0.10198438950474104
        ]
    ],
    "nodes": [
        1,
        3,
        3
    ],
    "scene": 2
}