{
    "centers": [
        [
            7.550223212223685,
            3.2752982191641706,
            -0.35486897701428627
        ],
        [
            -5.120280162075018,
            -6.394446965490312,
            -0.40101774839395
        ],
        [
            6.51647832891107,
            -4.86101084903841,
            -0.12778675364721848
        ],
        [
            5.553430068597292,
            9.606850274489002,
            -0.4332537496845962
        ],
        [
            -1.5349292044252856,
            8.426748388503182,
            -0.47750188406449334
        ]
    ],
    "nodes": [
        1,
        3,
        3,
        3,
        3
    ],
    "scene": 2
}