{
    "centers": [
        [
            -7.2319477099171685,
            -0.7673401674088591,
            -0.1437805518037798
        ],
        [
            -9.754402295624294,
            -7.274739327032254,
            -0.23261852316680504
        ],
        [
            -5.181889505994352,
            0.27502865901249685,
            -0.12324095001872665
        ],
        [
            7.594988090455807,
            9.007139420679856,
            -0.4055328497643331
        ],
        [
            -8.876145451325874,
            6.836337567563515,
            -0.1869207769104348
        ],
        [
            9.784839112382471,
            5.537085849332662,
            -0.4275061176060616
        ]
    ],
    "nodes": [
        1,
        1,
        3,
        3,
        3,
        3
    ],
    "scene": 2
}