{
    "centers": [
        [
            -0.19202439236815572,
            7.711662406332682,
            -0.46528584322209404
        ],
        [
            1.3581640845214338,
            9.830796902847613,
            -0.2599524559414347
        ],
        [
            7.578258726848045,
            -7.991977928308258,
            -0.31608163850734966
        ],
        [
            -3.3491423068244224,
            6.445692032096893,
            -0.4013527418600989
        ],
        [
            4.974729295305396,
            -3.2838863891959864,
            -0.39800393727040384
        ]
    ],
    "nodes": [
        1,
        1,
        3,
        3,
        3
    ],
    "scene": 2
}