{
    "centers": [
        [
            9.779742738776413,
            7.757072106753078,
            -0.4553520354537969
        ],
        [
            -2.0454504431836673,
            3.724093702267444,
            -0.2897573256507272
        ],
        [
            -6.37890890863406,
            5.171105490096092,
            -0.49928773568875384
        ],
        [
            -0.576201861284158,
            9.367229709187065,
            -0.4205897639381353
        ],
        [
            -9.916192493112083,
            -0.02049818024507921,
            -0.24799299280926718
        ]
    ],
    "nodes": [
        1,
        3,
        3,
        3,
        3
    ],
    "scene": 2
}