{
    "centers": [
        [
            8.73240848278192,
            -2.9249633574782745,
            -0.21627984354307261
        ],
        [
            -6.918946111037048,
            5.316339670059193,
            -0.1919654713672463
        ],
        [
            3.4316997852392,
            2.809571148393795,
            -0.4797817203629741
        ],
        [
            -7.928961063160469,
            0.7964366922155257,
            -0.4874092511128778
        ],
        [
            -5.719905479948151,
            -6.452998447886518,
            -0.4872484337422785
        ]
    ],
    "nodes": [
        1,
        1,
        3,
        3,
        3
    ],
    "scene": 2
}