{
    "centers": [
        [
            -1.1940378012048836,
            -3.2529189944750447,
            -0.30269436434924313
        ],
        [
            -6.653543944813332,
            1.3193580123065658,
            -0.1930517133953033
        ],
        [
            -0.4080190211076413,
            -4.362828654868569,
            -0.16462544616754515
        ],
        [
            2.9220763072539704,
            -1.1193183477124187,
            -0.43623993417765305
        ]
    ],
    "nodes": [
        1,
        3,
        3,
        3
    ],
    "scene": 2
}