{
    "centers": [
        [
            0.34248424427119417,
            5.493345889264001,
            -0.24305452077592543
        ],
        [
            2.1446281701337107,
            3.312596135879474,
            -0.37853978897808555
        ],
        [
            6.5576695704560635,
            7.549000303733756,
            -0.23556792123082987
        ],
        [
            -5.5737825840889705,
            -0.3837785217254499,
            -0.25993991154991425
        ],
        [
            -1.7374681823139468,
            -1.8910895903508962,
            -0.12897194253785194
        ],
        [
            1.4234256260403644,
            4.339536271870848,
            -0.20043951259977028
        ],
        [
            -1.098630058251155,
            -5.573065444212471,
            -0.38468637493736935
        ],
        [
            -8.50839083081863,
            2.0567560372078653,
            -0.45447669274011904
        ],
        [
            2.9499960509212375,
            -9.047988962667901,
            -0.27433856193524314
        ]
    ],
    "nodes": [
        1,
        3,
        3,
        3,
        3,
        3,
        3,
        3,
        3
    ],
    "scene": 3
}