{
    "centers": [
        [
            -0.9027368721727154,
            4.715253139593855,
            -0.22050365135184635
        ],
        [
            6.675048727867981,
            0.1278466440095123,
            -0.4397962520691519
        ],
        [
            4.491752374941855,
            -9.649042399586182,
            -0.11705808421727476
        ],
        [
            9.103341787824068,
            7.641194145834341,
            -0.2474046293372622
        ],
        [
            -9.761585786344433,
            2.4192218575351703,
            -0.31602453426545574
        ]
    ],
    "nodes": [
        1,
        3,
        3,
        3,
        3
    ],
    "scene": 3
}