{
    "centers": [
        [
            -4.812835326798524,
            9.606711732990608,
            -0.17062198899806175
        ],
        [
            -7.378478669019901,
            -3.8605022519774153,
            -0.4217289056116113
        ],
        [
            -2.5527297113727894,
            -1.0897261096044524,
            -0.18072527148849904
        ],
        [
            0.6141540002711068,
            3.3835131585363527,
            -0.4743748897130433
        ],
        [
            -9.88596711350885,
            -5.195268527842096,
            -0.3206455663211071
        ],
        [
            2.057222845901979,
            -7.892802940484287,
            -0.15268233668589737
        ],
        [
            -9.164132107927037,
            -3.0788614033101,
            -0.20786777111290766
        ],
        [
            8.32870791320644,
            4.266577131216142,
            -0.10691985827203154
        ]
    ],
    "nodes": [
        1,
        3,
        3,
        3,
        3,
        3,
        3,
        3
    ],
    "scene": 3
}