{
    "centers": [
        [
            -7.854385815969871,
            -6.730811005298982,
            -0.30096373972606294
        ],
        [
            5.497462758459864,
            -9.837992352923237,
            -0.14200994638524228
        ],
        [
            9.882864447047911,
            6.975450787196898,
            -0.40788860231086393
        ],
        [
            8.342558477453913,
            8.569932089217346,
            -0.47790667296820316
        ],
        [
            -9.52198480972057,
            -0.7950326637399243,
            -0.24047570460691542
        ],
        [
            -8.6370260301487,
            -4.892569314642605,
            -0.21402622183207898
        ],
        [
            -1.48161192354911,
            -0.09293545977825701,
            -0.4235983553636459
        ],
        [
            -6.583519179552388,
            9.3230832951594,
            -0.4748370585066966
        ],
        [
            1.6992762023588597,
            4.365910227324939,
            -0.4805971325968714
        ]
    ],
    "nodes": [
        1,
        3,
        3,
        3,
        3,
        3,
        3,
        3,
        3
    ],
    "scene": 3
}