{
    "centers": [
        [
            3.5298127469140077,
            -0.25360507852360037,
            -0.13391561680715836
        ],
        [
            -4.635588210378641,
            2.241099409726557,
            -0.4841884926474373
        ],
        [
            -5.372930360743866,
            3.172256815566044,
            -0.2044474770677968
        ],
        [
            -7.215514418379183,
            9.761373653707587,
            -0.4547423991170776
        ],
        [
            6.176925006805877,
            -4.276325748477429,
            -0.37979935648337865
        ]
    ],
    "nodes": [
        1,
        3,
        3,
        3,
        3
    ],
    "scene": 3
}