{
    "centers": [
        [
            -8.06515165154571,
            6.512584401624235,
            -0.453489486389124
        ],
        [
            6.080905471503829,
            2.9371117736531644,
            -0.14938861370737266
        ],
        [
            2.3865235716548945,
            9.927374976328402,
            -0.16161551229078636
        ],
        [
            -2.7887181060095028,
            -8.752341293683266,
            -0.43489236768296335
        ],
        [
            8.506924484342505,
            1.269078651708229,
            -0.4533639715219048
        ],
        [
            6.817718077750538,
            -9.987790744736147,
            -0.2529003581339566
        ],
        [
            -3.8341710100349076,
            -8.04849032173703,
            -0.24227205029748466
        ],
        [
            -4.636627842332515,
            5.384305390115218,
            -0.189120675653085
        ]
    ],
    "nodes": [
        1,
        3,
        3,
        3,
        3,
        3,
        3,
        3
    ],
    "scene": 3
}