{
    "centers": [
        [
            4.564427562461155,
            -8.122050626060897,
            -0.2335378892956363
        ],
        [
            -8.172977153755905,
            0.14297290764886839,
            -0.39436654577675295
        ],
        [
            -0.04372110259310702,
            -1.1489350460491838,
            -0.22813239024859083
        ],
        [
            1.6665785309617913,
            -7.098173519008471,
            -0.12600423974628844
        ],
        [
            -6.51642759320506,
            5.184974713407113,
            -0.12881513118321353
        ],
        [
            6.279400535819825,
            1.4291475267850018,
            -0.34278633605295883
        ],
        [
            2.491535473064088,
            8.402249866860007,
            -0.15487025350248662
        ]
    ],
    "nodes": [
        1,
        3,
        3,
        3,
        3,
        3,
        3
    ],
    "scene": 3
}