{
    "centers": [
        [
            -3.6596691326909685,
            -6.423034038981747,
            -0.456357244300987
        ],
        [
            -7.152944161832771,
            -9.230867524252321,
            -0.3020275813047727
        ],
        [
            9.310137139786907,
            2.83537610318486,
            -0.1465001906754851
        ],
        [
            0.3911061724810274,
            -1.047862776178416,
            -0.1427294283154934
        ],
        [
            5.9494217961904745,
            7.871502131379483,
            -0.32578841004654524
        ]
    ],
    "nodes": [
        1,
        3,
        3,
        3,
        3
    ],
    "scene": 3
}