{
    "centers": [
        [
            0.35995443831245666,
            -2.8529316691880773,
            -0.2721029278040627
        ],
        [
            -7.300049216527251,
            -8.980798536068686,
            -0.42183684424477824
        ],
        [
            9.644970768780738,
            4.52425421239683,
            -0.26417801975561606
        ],
        [
            5.9848754225916885,
            -7.494981405109613,
            -0.1015593496873688
        ],
        [
            -1.7262869740748137,
            8.145455662842945,
            -0.2563618420259137
        ],
        [
            -2.640853485217889,
            0.8773427080636651,
            -0.18773759848407856
        ]
    ],
    "nodes": [
        1,
        3,
        3,
        3,
        3,
        3
    ],
    "scene": 3
}