{
    "centers": [
        [
            6.523541505727451,
            9.41621075296943,
            -0.3281345582510231
        ],
        [
            -9.117130964641138,
            -5.331854638536926,
            -0.4326936117638919
        ],
        [
            0.14761205926178356,
            6.541968643211238,
            -0.10405246982551442
        ],
        [
            -4.632288916689163,
            0.8331777042639654,
            -0.37972016189955793
        ],
        [
            7.873999504558164,
            -6.846903343816972,
            -0.48694517866062254
        ],
        [
            -3.569423275626855,
            4.165302621590641,
            -0.21463715797518806
        ],
        [
            4.7761733912996025,
            7.630885605665984,
            -0.44004763367890976
        ],
        [
            -2.841427803711982,
            -3.275706638702875,
            -0.34197097750939176
        ],
        [
            3.954968534678031,
            5.801104686507962,
            -0.4945637470080552
        ]
    ],
    "nodes": [
        1,
        3,
        3,
        3,
        3,
        3,
        3,
        3,
        3
    ],
    "scene": 3
}