{
    "centers": [
        [
            9.73203159412197,
            3.7860387466802266,
            -0.1373538312519174
        ],
        [
            -1.3868842182752736,
            -3.5940332629484883,
            -0.43957754727823645
        ],
        [
            1.7928729512071495,
            5.696601956508303,
            -0.23842373006682716
        ],
        [
            -7.090278341709613,
            1.1161243519087094,
            -0.17786500127804933
        ],
        [
            -5.269768388362907,
            4.809274278494575,
            -0.3967148212602107
        ],
        [
            4.557711738311983,
            -2.1564316232872187,
            -0.2650707823280391
        ],
        [
            6.704447659855003,
            -8.579606025350508,
            -0.14379758281300814
        ]
    ],
    "nodes": [
        1,
        3,
        3,
        3,
        3,
        3,
        3
    ],
    "scene": 3
}