{
    "centers": [
        [
            3.1596143698594084,
            -9.442753871711979,
            -0.1005556376452521
        ],
        [
            9.31462527135734,
            6.488829663132073,
            -0.43130112070867954
        ],
        [
            -6.386403993852616,
            5.560635527122509,
            -0.37275757127853426
        ],
        [
            2.3544305193076394,
            -5.758993915065041,
            -0.36106527906368313
        ],
        [
            -2.4633986627770206,
            0.18396067429658913,
            -0.45836165331537704
        ],
        [
            -8.504927930346337,
            -4.659087878204344,
            -0.19975596263536255
        ],
        [
            -9.346192860035512,
            -7.2860143509339315,
            -0.38306043442124726
        ]
    ],
    "nodes": [
        1,
        3,
        3,
        3,
        3,
        3,
        3
    ],
    "scene": 3
}