{
    "centers": [
        [
            6.967152914800252,
            -4.404699558767396,
            -0.4312207965532461
        ],
        [
            -7.7747200273156665,
            -1.411925861835087,
            -0.1265984770729543
        ],
        [
            2.624375389738896,
            9.524218090803945,
            -0.3456725491398448
        ],
        [
            0.09212357439818142,
            -7.6855942552680485,
            -0.38419314689059614
        ],
        [
            4.015473262662589,
            2.2944985857872897,
            -0.3948641392737471
        ],
        [
            9.103981075954387,
            8.530947306013054,
            -0.12170539001787378
        ]
    ],
    "nodes": [
        1,
        3,
        3,
        3,
        3,
        3
    ],
    "scene": 3
}