{
    "centers": [
        [
            5.564349444269428,
            4.009516247893517,
            -0.2514248155551627
        ],
        [
            -7.482597346711215,
            8.598536162958492,
            -0.2798584507044017
        ],
        [
            -2.9269556601747393,
            2.2765969448811916,
            -0.12953462901647572
        ],
        [
            1.820070351882956,
            1.341548502417778,
            -0.41694299416966707
        ],
        [
            0.7078202357195238,
            0.051498375962387044,
            -0.30877017019235775
        ],
        [
            7.966910935463233,
            -3.84195246194611,
            -0.25175687947501957
        ],
        [
            -4.8125448521471785,
            -3.0111514723229282,
            -0.41978818377445665
        ],
        [
            6.9996930333270875,
            -7.907929357200514,
            -0.44040442730103313
        ],
        [
            -8.52473183740627,
            9.654537641922168,
            -0.22346163472480612
        ]
    ],
    "nodes": [
        1,
        3,
        3,
        3,
        3,
        3,
        3,
        3,
        3
    ],
    "scene": 3
}