{
    "centers": [
        [
            8.52305443725023,
            -9.245811526004463,
            -0.11876239188440779
        ],
        [
            2.766278417312888,
            7.226177886139627,
            -0.38089082269998964
        ],
        [
            -8.043795557334406,
            2.072675497511403,
            -0.29593692037902075
        ],
        [
            -2.4083853791458782,
            -5.86934065298542,
            -0.4200172948940185
        ],
        [
            4.185828934572584,
            -2.259235970250466,
            -0.10924767793850682
        ],
        [
            4.888791721979848,
            2.8327110018273576,
            -0.4931234298546693
        ]
    ],
    "nodes": [
        1,
        3,
        3,
        3,
        3,
        3
    ],
    "scene": 3
}