{
    "centers": [
        [
            -1.3786626372939814,
            -5.238824556322667,
            -0.29728083338102995
        ],
        [
            9.36766700166531,
            -9.221865031909108,
            -0.1713554069041846
        ],
        [
            8.356958784633047,
            -6.860256137399299,
            -0.2747310021696225
        ],
        [
            -4.716251067591484,
            -2.327130445117467,
            -0.37775394088174374
        ],
        [
            -7.618681523043149,
            2.554998982837109,
            -0.3484426297340888
        ],
        [
            3.867038460087519,
            1.4164105564401552,
            -0.28374076908903156
        ]
    ],
    "nodes": [
        1,
        3,
        3,
        3,
        3,
        3
    ],
    "scene": 3
}