{
    "centers": [
        [
            -4.375287441655162,
            -1.9112505960935415,
            -0.48844024927330726
        ],
        [
            5.119246661064931,
            -8.19986860679191,
            -0.12307152515943709
        ],
        [
            7.674248536763386,
            -5.076194139132621,
            -0.3063057035081788
        ],
        [
            -0.6509303249387521,
            -9.385208703634731,
            -0.40662791507639134
        ],
        [
            1.9793447004714473,
            3.7332279564908255,
            -0.14083685348155156
        ],
        [
            -3.163014034722811,
            2.017029929617113,
            -0.36929428859444025
        ],
        [
            6.5047766831893945,
            2.7336950392190555,
            -0.38198063774657953
        ],
        [
            8.388433731070506,
            8.72627058517065,
            -0.3218602385070517
        ],
        [
            -7.558584356053912,
            -0.5402482424800521,
            -0.28220505733173906
        ],
        [
            3.445950598211283,
            4.959298787736085,
            -0.30590051556132525
        ]
    ],
    "nodes": [
        1,
        3,
        3,
        3,
        3,
        3,
        3,
        3,
        3,
        3
    ],
    "scene": 3
}