{
    "centers": [
        [
            7.250054211925725,
            8.59369688317145,
            -0.34657245446342355
        ],
        [
            3.6092623003396547,
            6.509438827642967,
            -0.44466977994090706
        ],
        [
            -1.309461035794854,
            -7.391412591992119,
            -0.183582085983157
        ],
        [
            -5.056389683045353,
            1.446847188439035,
            -0.13656818620189948
        ],
        [
            -6.761579495630528,
            -5.643638130344848,
            -0.44374767908682855
        ]
    ],
    "nodes": [
        1,
        3,
        3,
        3,
        3
    ],
    "scene": 3
}