{
    "centers": [
        [
            -1.7510469478794057,
            -0.8106707514239666,
            -0.4622793440870781
        ],
        [
            4.222609805524872,
            -3.173290036861342,
            -0.18014850923960135
        ],
        [
            6.280457584955631,
            -3.831457580330664,
            -0.18134755283360388
        ],
        [
            -5.845656569718134,
            -9.201297464889496,
            -0.43907586585590336
        ],
        [
            -5.206749220246678,
            4.079627060998723,
            -0.49342482740210514
        ],
        [
            1.937388104361105,
            -9.868507322373397,
            -0.10152557705027315
        ],
        [
            -2.7018917894236942,
            9.622204965697819,
            -0.3999581365232988
        ],
        [
            6.8967724088365365,
            -8.362381927636989,
            -0.2074801545619917
        ],
        [
            -6.627844313793028,
            3.477304303162093,
            -0.4153917489881237
        ],
        [
            7.6096119130261535,
            -2.396222302951834,
            -0.33270456109777297
        ]
    ],
    "nodes": [
        1,
        3,
        3,
        3,
        3,
        3,
        3,
        3,
        3,
        3
    ],
    "scene": 3
}