{
    "centers": [
        [
            -3.4946409906501996,
            5.3970270795043636,
            -0.19211775912201995
        ],
        [
            -7.290754982220742,
            -8.565141187706178,
            -0.2023814859063387
        ],
        [
            -4.711920724315657,
            -5.7795802426932985,
            -0.12998880792927847
        ],
        [
            -2.517279567637363,
            -3.5497953655778787,
            -0.283771647873975
        ],
        [
            1.653990701933532,
            6.645346202147007,
            -0.1195354115761994
        ]
    ],
    "nodes": [
        1,
        3,
        3,
        3,
        3
    ],
    "scene": 3
}