{
    "centers": [
        [
            -5.795378683366863,
            -1.653554206501429,
            -0.10096015374509981
        ],
        [
            -7.765324448461359,
            -7.425693038788699,
            -0.49577560582553937
        ],
        [
            3.147659101842155,
            7.300869189170562,
            -0.20113858141180424
        ],
        [
            -9.62042782314712,
            -0.2555117356848253,
            -0.3826226354075707
        ],
        [
            0.6363486103309732,
            -8.902557421448433,
            -0.31324436633403935
        ],
        [
            -3.7559007895702994,
            6.154908626336336,
            -0.10382721966620118
        ],
        [
            9.30922639895936,
            1.8306904276972773,
            -0.2097713597690551
        ],
        [
            2.3865454332613574,
            -5.232454388979866,
            -0.20363242025157108
        ],
        [
            6.329648253734536,
            -3.4771944947552598,
            -0.19109740789264895
        ]
    ],
    "nodes": [
        1,
        3,
        3,
        3,
        3,
        3,
        3,
        3,
        3
    ],
    "scene": 3
}