{
    "centers": [
        [
            2.3287879633435473,
            1.4802579680458638,
            -0.2336603968543552
        ],
        [
            5.581770417372294,
            -9.07107477569956,
            -0.3568608499729551
        ],
        [
            -0.534541456469773,
            6.18578729113764,
            -0.2704320088420149
        ],
        [
            0.23272083118260412,
            3.0848859796777166,
            -0.11514650741673194
        ],
        [
            4.125067476965068,
            4.2121201101326715,
            -0.3597194853409327
        ],
        [
            9.97386580698511,
            -1.0117392497256326,
            -0.28116652092603867
        ],
        [
            -5.372928644961375,
            -6.456410529044896,
            -0.3851295205208426
        ],
        [
            -6.698491062737462,
            4.8146764466672725,
            -0.10367045627150395
        ],
        [
            -3.2921831056803574,
            -3.0320161973866,
            -0.30324074449722155
        ]
    ],
    "nodes": [
        1,
        3,
        3,
        3,
        3,
        3,
        3,
        3,
        3
    ],
    "scene": 3
}