{
    "centers": [
        [
            7.875905622417022,
            -8.902771538713017,
            -0.4276431028230643
        ],
        [
            -7.886512866129571,
            -1.987129600090796,
            -0.4498925203636288
        ],
        [
            -2.2877376753419343,
            -4.444171972011097,
            -0.2376386092426413
        ],
        [
            5.580841925128368,
            2.0136183593317565,
            -0.45271125642357146
        ],
        [
            6.925064570848686,
            3.2638603276039433,
            -0.19109808877365958
        ],
        [
            3.5515840076661735,
            -6.663878347497036,
            -0.4174788359264466
        ],
        [
            -8.993009527393372,
            -1.132513422858743,
            -0.1099488995402898
        ],
        [
            0.446893748687069,
            0.10357798157198772,
            -0.43309298058383033
        ],
        [
            -5.084801259948984,
            5.105351109960925,
            -0.3255617102660595
        ],
        [
            -7.226573238086007,
            4.180104247323682,
            -0.36609794564408293
        ]
    ],
    "nodes": [
        1,
        3,
        3,
        3,
        3,
        3,
        3,
        3,
        3,
        3
    ],
    "scene": 3
}