{
    "centers": [
        [
            -2.353133645169363,
            4.546587987105566,
            -0.2955940634231474
        ],
        [
            4.250378582207082,
            8.979480762912043,
            -0.4714634899373126
        ],
        [
            9.267677127351376,
            -5.229221168945488,
            -0.26745060065130666
        ],
        [
            0.8449361446323405,
            -9.464993756266482,
            -0.38699435321763176
        ],
        [
            4.996467605370146,
            -8.732408751119348,
            -0.49880487745481034
        ],
        [
            -3.697082541519392,
            -0.8203177857176946,
            -0.17897100141538358
        ],
        [
            -5.050923493316414,
            -7.416081235065777,
            -0.12516353916453632
        ],
        [
            -8.911600909002155,
            0.9025477614398341,
            -0.47072098745740504
        ],
        [
            -6.661112769939484,
            -1.4227866964185925,
            -0.15883945917540038
        ],
        [
            2.6462490934067375,
            5.9092702773218075,
            -0.4595945081476359
        ]
    ],
    "nodes": [
        1,
        3,
        3,
        3,
        3,
        3,
        3,
        3,
        3,
        3
    ],
    "scene": 3
}