{
    "centers": [
        [
            -4.0912949075316485,
            7.11720128164319,
            -0.45486829673225654
        ],
        [
            9.554566524499325,
            2.603351663554321,
            -0.4360869763397562
        ],
        [
            5.373132028717631,
            -8.284102855483631,
            -0.38289583880327055
        ],
        [
            -5.53674642133042,
            8.576631584345066,
            -0.2636036153166558
        ],
        [
            6.121355410340538,
            1.2678542094694745,
            -0.19065488417521248
        ],
        [
            -6.848972841132217,
            -9.234266901594786,
            -0.3344263501201969
        ],
        [
            8.594537331531203,
            -7.427188183194877,
            -0.3897867215051875
        ],
        [
            0.6712151328785687,
            -6.3346778626620175,
            -0.347087869790653
        ],
        [
            3.390275604405355,
            3.396858267841715,
            -0.3490014984683041
        ]
    ],
    "nodes": [
        1,
        3,
        3,
        3,
        3,
        3,
        3,
        3,
        3
    ],
    "scene": 3
}