{
    "centers": [
        [
            -2.405605971084057,
            -8.708778425386527,
            -0.4607005350265302
        ],
        [
            -5.0369558897981515,
            9.825292659821983,
            -0.11946033451102073
        ],
        [
            8.480652606787068,
            -7.364983256975785,
            -0.4389669672380555
        ],
        [
            3.7345134952048937,
            5.842610614848468,
            -0.1464531634260121
        ],
        [
            -4.378745524131611,
            0.8788105368848917,
            -0.22515272763204147
        ],
        [
            7.832322099917796,
            4.345156521792401,
            -0.2703202678535075
        ],
        [
            -0.49767180821796053,
            -4.3773303279041675,
            -0.2492787797921044
        ]
    ],
    "nodes": [
        1,
        3,
        3,
        3,
        3,
        3,
        3
    ],
    "scene": 3
}