{
    "centers": [
        [
            -6.098171582647199,
            -2.01269832639362,
            -0.1595700054222534
        ],
        [
            2.7527475725110158,
            7.908639002919088,
            -0.15390228141476625
        ],
        [
            8.613113730808454,
            -7.597948127399102,
            -0.47072750759055515
        ],
        [
            -7.080119450476983,
            -5.587396314340685,
            -0.4023349396471253
        ],
        [
            -3.0607705558067133,
            2.262841577619108,
            -0.3012216580324467
        ],
        [
            -2.2420366573233164,
            -9.42601920806392,
            -0.1003577494223496
        ]
    ],
    "nodes": [
        1,
        3,
        3,
        3,
        3,
        3
    ],
    "scene": 3
}