{
    "centers": [
        [
            -3.1113895693328804,
            -1.5323478270122344,
            -0.4305532345750195
        ],
        [
            8.510420046764978,
            5.724297553434944,
            -0.4749831479969765
        ],
        [
            1.3049352517344577,
            8.32489744781655,
            -0.23172617898269127
        ],
        [
            -1.8732032935048348,
            -2.8185370275053945,
            -0.20978867950115165
        ],
        [
            0.4340049549029974,
            -4.365865823242185,
            -0.4664034470945001
        ],
        [
            6.746774049803243,
            -9.013260592998929,
            -0.14216036530314985
        ],
        [
            -6.302419148297518,
            -8.110548930331557,
            -0.24758223700208687
        ],
        [
            5.403789125769457,
            1.9788743485345215,
            -0.33351445825086
        ]
    ],
    "nodes": [
        1,
        3,
        3,
        3,
        3,
        3,
        3,
        3
    ],
    "scene": 3
}