{
    "centers": [
        [
            -4.208187105280501,
            2.9598617378978336,
            -0.41154249447293445
        ],
        [
            -0.9878954891165392,
            9.114081316247567,
            -0.15068411152226213
        ],
        [
            3.6356275316982227,
            0.4024401530883832,
            -0.3350788359045679
        ],
        [
            -9.059168500213353,
            2.135712683399259,
            -0.38727735753095427
        ],
        [
            -6.557703805670396,
            -6.79362891965819,
            -0.4363245002129825
        ],
        [
            -3.3491696010620986,
            -5.711560903565742,
            -0.41364824678266054
        ],
        [
            6.169267097073817,
            7.368159192944404,
            -0.37579623717078225
        ],
        [
            5.378134053535852,
            -4.336459315742919,
            -0.12397739919696138
        ]
    ],
    "nodes": [
        1,
        3,
        3,
        3,
        3,
        3,
        3,
        3
    ],
    "scene": 3
}