{
    "centers": [
        [
            6.011165597558229,
            3.735201171508315,
            -0.3387387874184222
        ],
        [
            -7.836464413175472,
            -3.80113688667519,
            -0.27146959678396976
        ],
        [
            1.1121406468664112,
            -7.565869558782284,
            -0.12221792047172442
        ],
        [
            -8.575740619081282,
            1.8874620044237567,
            -0.3630579027338925
        ],
        [
            4.301643896424597,
            8.278209482651555,
            -0.4682657151672024
        ],
        [
            -3.3704550550809103,
            5.8171721074895615,
            -0.40583282058695647
        ]
    ],
    "nodes": [
        1,
        3,
        3,
        3,
        3,
        3
    ],
    "scene": 3
}