{
    "centers": [
        [
            6.4050739618934,
            -3.151529466563055,
            -0.24867801305029796
        ],
        [
            -1.6614782820607648,
            5.645535905343307,
            -0.24082415865137585
        ],
        [
            4.544954087833782,
            -8.101132738653842,
            -0.32888746281246733
        ],
        [
            -6.183537799316168,
            -5.057107842810269,
            -0.10290064575334562
        ],
        [
            7.8039465521234135,
            -0.12715283384648757,
            -0.24539977632373944
        ],
        [
            -0.2150463576155346,
            9.474493819481879,
            -0.16813083461403944
        ],
        [
            -3.854227332178368,
            -5.8332670283105825,
            -0.40407339772066647
        ],
        [
            5.165795807089271,
            -1.587315480844783,
            -0.38980085523436453
        ]
    ],
    "nodes": [
        1,
        3,
        3,
        3,
        3,
        3,
        3,
        3
    ],
    "scene": 3
}