{
    "centers": [
        [
            -5.403166596659794,
            3.413726976939097,
            -0.11734497336581162
        ],
        [
            2.641919717159949,
            -1.5918214131622754,
            -0.4414539795443483
        ],
        [
            -2.5285429958383743,
            -8.592570747194799,
            -0.4795137134634326
        ],
        [
            -0.020655537404024926,
            -3.667358673990062,
            -0.4152457228117529
        ],
        [
            -7.6913623136541425,
            -6.599583216791003,
            -0.35798119694804065
        ],
        [
            4.812093514951435,
            9.801477961285492,
            -0.49994832191044913
        ]
    ],
    "nodes": [
        0,
        0,
        3,
        3,
        3,
        3
    ],
    "scene": 4
}