{
    "centers": [
        [
            -9.216542654233153,
            -0.9436810129562048,
            -0.35073404343116077
        ],
        [
            7.841435388166008,
            3.407379055074216,
            -0.4121367366975267
        ],
        [
            -5.50822152588621,
            -3.9870137666790733,
            -0.40226130948845623
        ]
    ],
    "nodes": [
        0,
        3,
        3
    ],
    "scene": 4
}