{
    "centers": [
        [
            -9.884919905303494,
            3.675698137408327,
            -0.4236041406478674
        ],
        [
            -4.630289684063875,
            -8.30728613706155,
            -0.44305320862985925
        ]
    ],
    "nodes": [
        0,
        3
    ],
    "scene": 4
}