{
    "centers": [
        [
            -3.0501203855294623,
            0.4013597143562446,
            -0.23153118152259672
        ],
        [
            4.385790382581229,
            -6.2902859612153765,
            -0.36402148617981267
        ],
        [
            6.242926364306673,
            8.78344734388833,
            -0.474187954148767
        ]
    ],
    "nodes": [
        0,
        0,
        3
    ],
    "scene": 4
}