{
    "centers": [
        [
            8.056660076773351,
            8.971277580326024,
            -0.3785361799371617
        ],
        [
            6.120626305229013,
            -2.0714648931085318,
            -0.199175276500613
        ],
        [
            4.613892206232961,
            2.4179864434822065,
            -0.23632889897428788
        ],
        [
            -2.0370883674681117,
            -6.475294992263752,
            -0.2243462167318559
        ]
    ],
    "nodes": [
        0,
        3,
        3,
        3
    ],
    "scene": 4
}