{
    "centers": [
        [
            7.256521309098588,
            -7.381260945493682,
            -0.33379823658817187
        ]
    ],
    "nodes": [
        0
    ],
    "scene": 4
}