{
    "centers": [
        [
            -6.824103389330056,
            -5.751117518666195,
            -0.30076552590154315
        ],
        [
            6.949145090025997,
            -0.9159087181602903,
            -0.27541734038518295
        ],
        [
            5.518810180880468,
            -8.522236192225566,
            -0.29376766518728215
        ]
    ],
    "nodes": [
        0,
        1,
        3
    ],
    "scene": 4
}