{
    "centers": [
        [
            7.999100501778177,
            3.9023939922286903,
            -0.2606225316274048
        ],
        [
            4.188543790422267,
            -9.274896043825374,
            -0.47156525510455644
        ]
    ],
    "nodes": [
        0,
        1
    ],
    "scene": 4
}