{
    "centers": [
        [
            -3.113079025046024,
            6.494561142492682,
            -0.48660030319648373
        ],
        [
            -5.40687343928119,
            -3.3485739062018745,
            -0.10886145012654169
        ],
        [
            7.077726067362068,
            -7.2836595995975495,
            -0.47324030302897824
        ],
        [
            -6.676386822727114,
            -5.008657187797352,
            -0.2311863432271768
        ],
        [
            4.3552989491577705,
            1.1461010296130851,
            -0.4117114862445723
        ],
        [
            -7.8075472623126485,
            5.300102016561281,
            -0.12537674609732008
        ]
    ],
    "nodes": [
        0,
        0,
        3,
        3,
        3,
        3
    ],
    "scene": 4
}