{
    "centers": [
        [
            -3.3387101361784888,
            9.527473729797396,
            -0.49095687678229744
        ],
        [
            9.936824483346356,
            0.39861285384522205,
            -0.4445246036444345
        ],
        [
            0.4144879020924659,
            -0.9475146696193022,
            -0.3424937475885158
        ],
        [
            -7.639522939653396,
            -2.3741356771980353,
            -0.21588744124783937
        ]
    ],
    "nodes": [
        0,
        3,
        3,
        3
    ],
    "scene": 4
}