{
    "centers": [
        [
            5.026520048524866,
            -3.3478594398538437,
            -0.30998534952730994
        ],
        [
            2.457861734281048,
            -0.8108369252467735,
            -0.4381261133042439
        ],
        [
            -5.309045017675402,
            1.528692327277998,
            -0.47008624450092695
        ],
        [
            -2.4881833568899765,
            -1.983813574964886,
            -0.23786293798931207
        ],
        [
            7.900402927188679,
            8.053153009393487,
            -0.23036293463188134
        ]
    ],
    "nodes": [
        0,
        3,
        3,
        3,
        3
    ],
    "scene": 4
}