{
    "centers": [
        [
            7.170525928464016,
            -1.3036079387105985,
            -0.18034183609310578
        ],
        [
            -5.6898246059185205,
            2.5264604642513397,
            -0.14256090954717693
        ],
        [
            3.8585565270476767,
            6.960556184935701,
            -0.442267145500593
        ],
        [
            -9.647087759502579,
            -3.1723745190578168,
            -0.4390449011605937
        ],
        [
            6.088032544546515,
            -8.921630616452543,
            -0.19326003724278662
        ]
    ],
    "nodes": [
        0,
        0,
        3,
        3,
        3
    ],
    "scene": 4
}