{
    "centers": [
        [
            6.054470286035084,
            -1.574977836416977,
            -0.4625091233065461
        ],
        [
            2.523496400116162,
            8.148486918652655,
            -0.15703197209721576
        ],
        [
            -8.671126681069182,
            9.658859247306331,
            -0.1647162107036763
        ],
        [
            -4.279215809178682,
            5.807795305214636,
            -0.1265669746271777
        ]
    ],
    "nodes": [
        0,
        0,
        1,
        3
    ],
    "scene": 4
}