{
    "centers": [
        [
            5.474550362214337,
            -2.864705682175801,
            -0.45418363038274895
        ],
        [
            -4.134630033995053,
            9.508939038853491,
            -0.44233103267277685
        ],
        [
            -8.185275504995102,
            -0.7202313303911634,
            -0.22493292125920245
        ],
        [
            -5.898693532554069,
            7.924326530844898,
            -0.3412854813261012
        ],
        [
            -1.9475130435806776,
            3.2732120406249283,
            -0.14699580415617725
        ]
    ],
    "nodes": [
        0,
        1,
        3,
        3,
        3
    ],
    "scene": 4
}