{
    "centers": [
        [
            8.463483425893294,
            -8.857345074891237,
            -0.3100075358791461
        ],
        [
            5.480959160218637,
            -5.5640538096885095,
            -0.26849210162012027
        ]
    ],
    "nodes": [
        0,
        1
    ],
    "scene": 4
}