{
    "centers": [
        [
            7.540155422814962,
            -3.242135786564388,
            -0.4889065698182613
        ],
        [
            -7.488438074281074,
            -0.3685879555500087,
            -0.2435808996570445
        ]
    ],
    "nodes": [
        0,
        3
    ],
    "scene": 4
}