{
    "centers": [
        [
            -4.766446940345126,
            8.36681309818827,
            -0.28416948482399584
        ],
        [
            4.193588238798858,
            -6.152286344437304,
            -0.49117746433432474
        ],
        [
            -2.886494074519619,
            5.678076414015013,
            -0.11154463579694474
        ],
        [
            -9.6575028655801,
            -2.6946539312755995,
            -0.2185257197890092
        ],
        [
            3.323341614372719,
            6.3372530325076255,
            -0.25769749984225443
        ]
    ],
    "nodes": [
        0,
        1,
        3,
        3,
        3
    ],
    "scene": 4
}