{
    "centers": [
        [
            5.223418742589521,
            4.491354656110298,
            -0.1643458628554778
        ],
        [
            -4.639763918939437,
            2.2328467465882067,
            -0.4520239501264514
        ],
        [
            0.424699659044423,
            -3.567741194611349,
            -0.1269359889072536
        ],
        [
            3.1603431617958364,
            6.552623523655534,
            -0.10372293674092814
        ]
    ],
    "nodes": [
        0,
        3,
        3,
        3
    ],
    "scene": 4
}