{
    "centers": [
        [
            -3.0023947159932867,
            -4.421271532533188,
            -0.44272272631848963
        ]
    ],
    "nodes": [
        0
    ],
    "scene": 4
}