{
    "centers": [
        [
            -5.659907825821897,
            -2.944007176241305,
            -0.12741768187702263
        ],
        [
            6.439971237204137,
            5.66936813225575,
            -0.10295497772241463
        ],
        [
            5.335291995035307,
            -9.377366071667097,
            -0.34530905543036033
        ]
    ],
    "nodes": [
        0,
        0,
        3
    ],
    "scene": 4
}