{
    "centers": [
        [
            -3.6988555125784828,
            -8.362062087406345,
            -0.4854790004591541
        ],
        [
            9.584098398403288,
            -5.875702184790876,
            -0.36942080409933603
        ],
        [
            -5.571945556230098,
            8.239593744349921,
            -0.4619052070237216
        ]
    ],
    "nodes": [
        0,
        0,
        3
    ],
    "scene": 4
}