{
    "centers": [
        [
            -6.937512356793292,
            6.380672146437824,
            -0.15047231225582824
        ]
    ],
    "nodes": [
        0
    ],
    "scene": 4
}