{
    "centers": [
        [
            -0.794877253443282,
            -7.089579825328077,
            -0.11926929648598472
        ],
        [
            3.681590310713583,
            3.921065207345249,
            -0.103717505533237
        ],
        [
            -8.280150178614436,
            -4.950529751407924,
            -0.4070319940803381
        ],
        [
            -1.9007613046826606,
            1.4426446664417885,
            -0.45720110246031714
        ]
    ],
    "nodes": [
        0,
        1,
        3,
        3
    ],
    "scene": 4
}