{
    "centers": [
        [
            9.076193172061224,
            3.924697443748686,
            -0.127193722032948
        ],
        [
            4.3583298802237,
            -0.9702719014977568,
            -0.2713427028067099
        ]
    ],
    "nodes": [
        0,
        3
    ],
    "scene": 4
}