{
    "centers": [
        [
            2.9449037375654203,
            7.243198554495105,
            -0.1644588119178727
        ],
        [
            4.591467530020045,
            -6.178274996094293,
            -0.3474348566920324
        ],
        [
            7.564823590214065,
            -9.705761443127338,
            -0.3693014371741211
        ],
        [
            -9.629879862182783,
            -1.3082108204403298,
            -0.19611246454046677
        ],
        [
            0.4643428405186292,
            2.1210924419364012,
            -0.4715904441690041
        ]
    ],
    "nodes": [
        0,
        1,
        3,
        3,
        3
    ],
    "scene": 4
}