{
    "centers": [
        [
            9.742201278643758,
            -5.983775491644652,
            -0.3734453869286858
        ],
        [
            -4.505892654808809,
            5.041803431015472,
            -0.4910634041838041
        ],
        [
            2.3419737331811135,
            8.393079811230713,
            -0.19403516629103756
        ],
        [
            4.796049587889504,
            -9.093302674938606,
            -0.32975048635897286
        ]
    ],
    "nodes": [
        0,
        1,
        3,
        3
    ],
    "scene": 4
}