{
    "centers": [
        [
            5.789099780908455,
            -5.869209521265109,
            -0.16324163632538014
        ],
        [
            9.57486076462422,
            1.3255381681015717,
            -0.2619216731105968
        ],
        [
            -4.202807677663634,
            6.367830775525643,
            -0.16589370316073915
        ]
    ],
    "nodes": [
        0,
        3,
        3
    ],
    "scene": 4
}