{
    "centers": [
        [
            2.674017231736265,
            -0.47039621808282917,
            -0.4562533047203977
        ],
        [
            7.770443930733748,
            3.957149508343395,
            -0.13809504747244872
        ],
        [
            1.0262320587085192,
            -2.087965676911856,
            -0.17209810677845994
        ],
        [
            6.209668467377114,
            9.3992577436854,
            -0.4942831837494922
        ],
        [
            -5.629174823872905,
            7.613314802420007,
            -0.3998840925530954
        ],
        [
            -0.31554325778443726,
            -4.074407265241571,
            -0.4098510390915977
        ]
    ],
    "nodes": [
        0,
        0,
        3,
        3,
        3,
        3
    ],
    "scene": 4
}