{
    "centers": [
        [
            -6.744402366640694,
            -2.137926602257263,
            -0.4371485789144668
        ]
    ],
    "nodes": [
        0
    ],
    "scene": 4
}