{
    "centers": [
        [
            8.972009602843258,
            2.259062180160061,
            -0.458793365395701
        ],
        [
            3.7270504928860078,
            -1.42744349003166,
            -0.223470333467147
        ],
        [
            -0.4718835031102593,
            -6.329377642850968,
            -0.13783422318525362
        ],
        [
            -8.752250757210472,
            -3.0954905918343245,
            -0.3127868389268261
        ],
        [
            -5.531881387665683,
            9.169032228121765,
            -0.3888676104758356
        ],
        [
            -6.705647008865883,
            -8.224598475760033,
            -0.30019849814708943
        ],
        [
            5.6398906462255205,
            7.942819977156731,
            -0.47904389825591964
        ]
    ],
    "nodes": [
        0,
        0,
        1,
        3,
        3,
        3,
        3
    ],
    "scene": 4
}