{
    "centers": [
        [
            -9.711860756436135,
            3.9767940362897303,
            -0.22250448255936456
        ],
        [
            8.25783943485579,
            6.244459066286719,
            -0.26612383476073864
        ],
        [
            3.8450929787075694,
            1.1051765242567093,
            -0.21858322013904674
        ],
        [
            -0.09924012252102798,
            -7.663245798999365,
            -0.12878576517348517
        ],
        [
            1.2351802044508116,
            -1.6523359734126668,
            -0.21805188480142768
        ]
    ],
    "nodes": [
        0,
        3,
        3,
        3,
        3
    ],
    "scene": 4
}