{
    "centers": [
        [
            -7.486502939918587,
            2.0169557743458135,
            -0.3641346089391212
        ],
        [
            -9.36783785526689,
            4.7842348265249,
            -0.13368799354949068
        ],
        [
            8.70093500977383,
            -9.922143969188404,
            -0.3115549913952993
        ],
        [
            2.3313805851243323,
            8.50795457116956,
            -0.13573770654898187
        ],
        [
            4.613829639687513,
            -7.97836767074881,
            -0.37466372881544174
        ],
        [
            0.13869314164615965,
            -1.7097950073337298,
            -0.23535831929525353
        ]
    ],
    "nodes": [
        0,
        0,
        3,
        3,
        3,
        3
    ],
    "scene": 4
}