{
    "centers": [
        [
            -4.283625810160108,
            5.704340165745043,
            -0.34919351280808264
        ],
        [
            0.6414313560743796,
            -5.7264701712518935,
            -0.24650112138604502
        ]
    ],
    "nodes": [
        0,
        3
    ],
    "scene": 4
}