{
    "centers": [
        [
            9.454984676328163,
            2.3673141084655143,
            -0.1219627264417052
        ],
        [
            -2.2674114334267426,
            0.6749244795952336,
            -0.3063324661128092
        ],
        [
            3.1890062947130318,
            7.941914083129898,
            -0.33584140366583626
        ],
        [
            -9.093054821691727,
            -9.860660108625304,
            -0.49256373529944414
        ]
    ],
    "nodes": [
        0,
        1,
        3,
        3
    ],
    "scene": 4
}