{
    "centers": [
        [
            -8.112453423680623,
            -1.3179093202705072,
            -0.4169766977144437
        ],
        [
            8.729504441003215,
            5.265031780481431,
            -0.4815280662529913
        ],
        [
            2.617223426790309,
            7.813758048735782,
            -0.2985098072168074
        ]
    ],
    "nodes": [
        0,
        0,
        3
    ],
    "scene": 4
}