{
    "centers": [
        [
            9.305169394033289,
            -9.222403466849208,
            -0.4302768894694228
        ],
        [
            -6.833023907203463,
            -2.7590881248511785,
            -0.44664629546792983
        ],
        [
            3.3186636132909353,
            7.588170406616683,
            -0.20526530825434153
        ]
    ],
    "nodes": [
        0,
        0,
        3
    ],
    "scene": 4
}