{
    "centers": [
        [
            -5.79035712973446,
            -1.7895714807840228,
            -0.33746526885104344
        ],
        [
            4.2530714913910845,
            3.824155848348475,
            -0.27443248823951655
        ]
    ],
    "nodes": [
        0,
        3
    ],
    "scene": 4
}