{
    "centers": [
        [
            -3.4961179535239273,
            2.352506189766398,
            -0.21203708022138962
        ],
        [
            -0.5895175961227856,
            -7.945632922534291,
            -0.446618441999017
        ],
        [
            6.673394143243655,
            4.321802053205602,
            -0.3813862189913251
        ],
        [
            5.83390341572694,
            8.893969246237514,
            -0.11126163080294893
        ],
        [
            9.658914719980704,
            -4.93198329142102,
            -0.2499881478194615
        ],
        [
            -1.582894669046368,
            -6.927909462858688,
            -0.30993676406003434
        ]
    ],
    "nodes": [
        0,
        1,
        3,
        3,
        3,
        3
    ],
    "scene": 4
}