{
    "centers": [
        [
            9.86144266468808,
            0.08637775444234563,
            -0.3098925441455278
        ],
        [
            -3.993055169596862,
            8.13745167691372,
            -0.14349531643569136
        ],
        [
            -2.2487412157568993,
            5.252088511633314,
            -0.13571922717549634
        ],
        [
            5.5743457875956075,
            -6.585841109470961,
            -0.48663444409811535
        ],
        [
            6.412749335843426,
            1.4751906213623638,
            -0.17352539110107085
        ]
    ],
    "nodes": [
        0,
        0,
        1,
        3,
        3
    ],
    "scene": 4
}