{
    "centers": [
        [
            -8.051002285035407,
            4.97246122213155,
            -0.2212732413614763
        ],
        [
            -3.2140211739997433,
            -3.4074468638544104,
            -0.12357090351355982
        ],
        [
            5.122434992868886,
            -7.4646718955740665,
            -0.4622064436240715
        ]
    ],
    "nodes": [
        0,
        1,
        3
    ],
    "scene": 4
}