{
    "centers": [
        [
            -5.010931822283045,
            -2.086685165394007,
            -0.1232304778591593
        ],
        [
            2.280090063603325,
            -7.261618974654849,
            -0.2517827837099753
        ],
        [
            -6.289437140349747,
            9.6763497722524,
            -0.41315003627268976
        ],
        [
            0.2204782283453799,
            2.0187684790722837,
            -0.4356066247981068
        ],
        [
            -9.607594534337467,
            3.373419297851239,
            -0.3066770079992708
        ],
        [
            4.369662667585114,
            5.3274501729263,
            -0.14281165707288435
        ]
    ],
    "nodes": [
        0,
        0,
        1,
        3,
        3,
        3
    ],
    "scene": 4
}