{
    "centers": [
        [
            3.2009703874441104,
            9.31933325585807,
            -0.20161113362524735
        ],
        [
            -5.36809283570202,
            -0.22412132379866634,
            -0.3364068951744317
        ],
        [
            -7.559362596678232,
            -9.5214865818601,
            -0.10796606323762187
        ],
        [
            4.612636520649765,
            -8.32292998066195,
            -0.44088027454929923
        ],
        [
            7.238433627754382,
            7.828633111277444,
            -0.28000389168227247
        ],
        [
            9.762568194644846,
            -6.514566951649623,
            -0.19251203707108017
        ]
    ],
    "nodes": [
        0,
        0,
        1,
        3,
        3,
        3
    ],
    "scene": 4
}