{
    "centers": [
        [
            5.1060479272618124,
            -6.476995502907559,
            -0.1665368642806711
        ],
        [
            7.4657550864195485,
            5.054829295782612,
            -0.35479702157006165
        ],
        [
            -1.754540080827237,
            6.09915301491321,
            -0.21701605199125895
        ],
        [
            -4.839287011054411,
            8.612020616401715,
            -0.30688818456668476
        ]
    ],
    "nodes": [
        0,
        3,
        3,
        3
    ],
    "scene": 4
}