{
    "centers": [
        [
            -2.262187596929981,
            6.971211080528487,
            -0.33528186908404956
        ],
        [
            -8.477955389877089,
            9.526531795689909,
            -0.13121430593196415
        ]
    ],
    "nodes": [
        0,
        3
    ],
    "scene": 4
}