{
    "centers": [
        [
            2.7812188060243166,
            -5.592291294602747,
            -0.34437701305117974
        ],
        [
            -8.64297097802125,
            -7.5767717914297394,
            -0.20369863598403087
        ]
    ],
    "nodes": [
        0,
        3
    ],
    "scene": 4
}