{
    "centers": [
        [
            -5.971557827648779,
            5.668086630109926,
            -0.33597061425512065
        ],
        [
            2.168622023322907,
            -9.374113005777717,
            -0.2846776198884269
        ]
    ],
    "nodes": [
        0,
        0
    ],
    "scene": 4
}