{
    "centers": [
        [
            -9.09091403462754,
            -3.0141648778066337,
            -0.4074960162064647
        ],
        [
            -5.714778801154699,
            1.136021154323977,
            -0.22498923479431404
        ],
        [
            -8.181898202976544,
            -7.358990950953242,
            -0.20309618823677333
        ],
        [
            -1.7005148204784764,
            9.253892227347766,
            -0.11421102726798782
        ]
    ],
    "nodes": [
        0,
        3,
        3,
        3
    ],
    "scene": 4
}