{
    "centers": [
        [
            6.638698142453787,
            -1.555058854365308,
            -0.42543678727111034
        ],
        [
            8.258027836902137,
            -3.6249765029019336,
            -0.12778351496212098
        ],
        [
            9.684122971239265,
            4.625923613541595,
            -0.39610132189159886
        ],
        [
            -0.966117609029018,
            -8.781894091134241,
            -0.3208710460945571
        ]
    ],
    "nodes": [
        0,
        3,
        3,
        3
    ],
    "scene": 4
}