{
    "centers": [
        [
            -3.3006861652760993,
            -9.295687177594196,
            -0.17015563321505056
        ],
        [
            1.9088581876363477,
            0.43642089667581097,
            -0.37679192153097707
        ],
        [
            -8.017747506093755,
            6.739351989126597,
            -0.19192151836160692
        ],
        [
            -4.587223170233729,
            3.0316807573747333,
            -0.3293270567661096
        ],
        [
            -1.3356095845799683,
            -7.279877409122664,
            -0.3106107633984554
        ]
    ],
    "nodes": [
        0,
        0,
        3,
        3,
        3
    ],
    "scene": 4
}