{
    "centers": [
        [
            4.933382532163108,
            6.019203885346204,
            -0.1889150781961515
        ],
        [
            -2.2419636480672933,
            -1.5826176420777767,
            -0.10116788659292825
        ]
    ],
    "nodes": [
        0,
        0
    ],
    "scene": 4
}