{
    "centers": [
        [
            -7.940253739263801,
            -0.604121636079995,
            -0.473680232851003
        ],
        [
            5.260248169382539,
            -7.02032177369637,
            -0.23330694061198443
        ]
    ],
    "nodes": [
        0,
        3
    ],
    "scene": 4
}