{
    "centers": [
        [
            -9.35617513389862,
            -3.536654173039846,
            -0.31074242789339235
        ],
        [
            4.45174659709269,
            -8.966015495562878,
            -0.1666549767531058
        ],
        [
            -5.880661668975273,
            -0.6710955065334456,
            -0.11295184943916259
        ],
        [
            -6.7629105970494185,
            6.4578834218297665,
            -0.3024420258338987
        ]
    ],
    "nodes": [
        0,
        0,
        1,
        3
    ],
    "scene": 4
}