{
    "centers": [
        [
            -8.069726709036493,
            2.9321476348971665,
            -0.2778848623430616
        ],
        [
            3.476294172278017,
            -9.454655957114506,
            -0.4490127593180194
        ],
        [
            -7.093767888078708,
            0.27664845122630943,
            -0.21167684664026892
        ]
    ],
    "nodes": [
        0,
        0,
        1
    ],
    "scene": 4
}