{
    "centers": [
        [
            2.9383291560731877,
            5.517362509198762,
            -0.1623371264309692
        ],
        [
            -7.826044007272421,
            -6.723971831507026,
            -0.4997475013740674
        ],
        [
            -3.91799253213345,
            -9.244790524934384,
            -0.4211196239737969
        ],
        [
            0.7863183067048158,
            -3.260304350681624,
            -0.13362973589663113
        ],
        [
            1.7576872553019935,
            -1.954710794958503,
            -0.4301176940516412
        ],
        [
            -5.342657964311002,
            2.9154826946416925,
            -0.11101952544945382
        ],
        [
            -2.586313663746207,
            0.26154831391246525,
            -0.4549026065673672
        ]
    ],
    "nodes": [
        0,
        0,
        1,
        3,
        3,
        3,
        3
    ],
    "scene": 4
}