{
    "centers": [
        [
            -9.9752291858082,
            -5.0022450771114535,
            -0.3805674754182527
        ],
        [
            -4.718926788654008,
            6.1765144577447195,
            -0.4090097401291902
        ]
    ],
    "nodes": [
        0,
        0
    ],
    "scene": 4
}