{
    "centers": [
        [
            9.037436360816116,
            3.1948241815232272,
            -0.2476745203971802
        ],
        [
            -8.44850787442888,
            6.8733252442584245,
            -0.169585702131825
        ],
        [
            -5.262541174064596,
            -0.03100597911246794,
            -0.4238052371059892
        ],
        [
            -1.6995599603236222,
            -3.3389463973486393,
            -0.4154138884759945
        ],
        [
            6.179571486095188,
            8.372444529621713,
            -0.4500976839070575
        ],
        [
            -0.5702032727798052,
            -2.6893390461947098,
            -0.2462320794899608
        ],
        [
            2.32035957038317,
            -7.609869285222278,
            -0.35754755986115294
        ]
    ],
    "nodes": [
        0,
        0,
        1,
        3,
        3,
        3,
        3
    ],
    "scene": 4
}