{
    "centers": [
        [
            0.4916620893924861,
            -5.7489432730140555,
            -0.3537165746481503
        ],
        [
            -3.0612034133291077,
            -4.4436894286554836,
            -0.1184234711740475
        ],
        [
            -1.5421921727039631,
            7.398284777308163,
            -0.29649159393322455
        ],
        [
            2.594883450759408,
            2.4727414035559185,
            -0.26057470065959365
        ],
        [
            6.576065133283219,
            3.9056956844520645,
            -0.17768135773830268
        ]
    ],
    "nodes": [
        0,
        3,
        3,
        3,
        3
    ],
    "scene": 4
}