{
    "centers": [
        [
            -5.228823628231893,
            -2.515865390139023,
            -0.11714252854529694
        ],
        [
            1.7901531902787564,
            -3.882232982496876,
            -0.13653345391990662
        ]
    ],
    "nodes": [
        0,
        3
    ],
    "scene": 4
}