{
    "centers": [
        [
            -9.331254597830094,
            -5.621174899373537,
            -0.4072344240683226
        ],
        [
            -0.25676396970103355,
            5.270177739621385,
            -0.3458691658678834
        ],
        [
            1.3880191021320432,
            7.094289010005429,
            -0.12540675780987753
        ],
        [
            -1.4561368692208703,
            -8.48813465039986,
            -0.10510744517208848
        ],
        [
            4.4062473424884985,
            3.9964080284301406,
            -0.4539111548641881
        ],
        [
            6.967394131184847,
            2.1594676723345607,
            -0.1889583411611575
        ]
    ],
    "nodes": [
        0,
        0,
        1,
        3,
        3,
        3
    ],
    "scene": 4
}