{
    "centers": [
        [
            0.4081426884561683,
            9.081430408226105,
            -0.1793282780755281
        ],
        [
            -2.7703336574700765,
            -2.674740038540442,
            -0.30438582499876843
        ],
        [
            9.496970620276738,
            -1.390007901684882,
            -0.35166003837327303
        ],
        [
            7.37991461930697,
            -8.330786983534992,
            -0.28265691697844914
        ],
        [
            8.687589789894915,
            -5.45205814924776,
            -0.22509713695928757
        ]
    ],
    "nodes": [
        0,
        0,
        1,
        3,
        3
    ],
    "scene": 4
}