{
    "centers": [
        [
            -0.292316637020436,
            -9.727725399053853,
            -0.17683024041830425
        ],
        [
            1.144394632233345,
            0.5828246475611483,
            -0.45686047241925065
        ],
        [
            -1.909139279589656,
            -1.5252786561059484,
            -0.11745601147598267
        ],
        [
            -2.934415919758635,
            -3.5415005685774847,
            -0.21731721680011878
        ]
    ],
    "nodes": [
        0,
        1,
        3,
        3
    ],
    "scene": 4
}