{
    "centers": [
        [
            -8.010015072748821,
            5.896818594799036,
            -0.351319244396925
        ],
        [
            9.156957021732477,
            -8.830607589049983,
            -0.27073546597810094
        ]
    ],
    "nodes": [
        0,
        3
    ],
    "scene": 4
}