{
    "centers": [
        [
            -3.4428579485199062,
            -8.004901719186616,
            -0.23161233988980312
        ],
        [
            -7.507500106262716,
            8.447357631060033,
            -0.25010840571729853
        ],
        [
            2.9867879356197733,
            1.114289660490499,
            -0.2961466836050004
        ]
    ],
    "nodes": [
        0,
        0,
        1
    ],
    "scene": 4
}