{
    "centers": [
        [
            -5.137018189639813,
            1.590890156227447,
            -0.17585731390582837
        ],
        [
            1.8686848826225457,
            6.040058603376387,
            -0.1960717200226385
        ],
        [
            -8.002231420846888,
            -5.386212827132015,
            -0.1947610496765978
        ],
        [
            -6.757733844413812,
            9.54559024371719,
            -0.4255766540879049
        ],
        [
            -2.019788351107554,
            -1.6008460923181431,
            -0.3588580283545102
        ]
    ],
    "nodes": [
        0,
        0,
        3,
        3,
        3
    ],
    "scene": 4
}