{
    "centers": [
        [
            -8.886354020993936,
            -3.2235031821954374,
            -0.2174247360470421
        ],
        [
            8.924308054543065,
            -4.91382702508224,
            -0.4227768676747508
        ],
        [
            -3.757554241370052,
            -9.75470482550051,
            -0.3437776943254264
        ],
        [
            -7.907920612388219,
            6.991772065288021,
            -0.21208739719603298
        ],
        [
            3.0465097073545486,
            9.837325703005998,
            -0.4757563404431408
        ]
    ],
    "nodes": [
        0,
        3,
        3,
        3,
        3
    ],
    "scene": 4
}