{
    "centers": [
        [
            -1.4215557847997466,
            -4.347684156494756,
            -0.17745051700405118
        ],
        [
            -5.215784308276097,
            -0.30307669632221845,
            -0.14242679109405088
        ],
        [
            1.6201525214231882,
            3.4161847515538195,
            -0.16054221043598116
        ],
        [
            -7.254428120531731,
            -1.6891474082725537,
            -0.1850201006911612
        ],
        [
            8.278301412325234,
            8.88449408602899,
            -0.387179144625569
        ],
        [
            -8.181324149531022,
            7.651630729822454,
            -0.18460140974600647
        ],
        [
            4.129322874206451,
            -9.067829944390983,
            -0.1548716437306603
        ]
    ],
    "nodes": [
        0,
        0,
        1,
        3,
        3,
        3,
        3
    ],
    "scene": 4
}