{
    "centers": [
        [
            1.5277493186103968,
            9.642300874658499,
            -0.4563261303830641
        ],
        [
            -4.089316804017821,
            1.651526668539276,
            -0.4625290157474642
        ],
        [
            0.24728129833929735,
            -7.166391453771439,
            -0.31405445425050027
        ],
        [
            -6.690043057145232,
            -3.7092988581043906,
            -0.3382169638196956
        ]
    ],
    "nodes": [
        0,
        0,
        1,
        3
    ],
    "scene": 4
}