{
    "centers": [
        [
            8.18121609932686,
            -8.349384983433572,
            -0.44389409491863085
        ],
        [
            1.887720127644359,
            0.5531365949181914,
            -0.1361897861276452
        ]
    ],
    "nodes": [
        0,
        3
    ],
    "scene": 4
}