{
    "centers": [
        [
            -3.030520744851197,
            8.77291978989463,
            -0.40328083939655635
        ],
        [
            -5.86182864833572,
            3.437761695694139,
            -0.24394146641893955
        ]
    ],
    "nodes": [
        0,
        1
    ],
    "scene": 4
}