{
    "centers": [
        [
            -1.6881286906319808,
            -0.7823036923156241,
            -0.3715011593923935
        ]
    ],
    "nodes": [
        0
    ],
    "scene": 4
}