{
    "centers": [
        [
            8.096588137596303,
            2.667573729302525,
            -0.39917347317823837
        ],
        [
            2.9537698678791315,
            6.079306927587854,
            -0.40542816343297516
        ],
        [
            -2.759775307570191,
            -3.8469560909256,
            -0.38658301725403615
        ]
    ],
    "nodes": [
        0,
        0,
        3
    ],
    "scene": 4
}