{
    "centers": [
        [
            9.688222841218966,
            -9.769147377366224,
            -0.3805717781780066
        ],
        [
            4.109250102704973,
            2.2981378400013597,
            -0.20443846801356252
        ],
        [
            5.064929507426957,
            5.60021290555526,
            -0.4295017856912816
        ],
        [
            6.878213811500068,
            -4.732159580611375,
            -0.24939739070955763
        ],
        [
            1.6490623486486093,
            3.5509100596350134,
            -0.17949846319694468
        ]
    ],
    "nodes": [
        0,
        0,
        3,
        3,
        3
    ],
    "scene": 4
}