{
    "centers": [
        [
            -1.3580927081281295,
            -2.916691739711248,
            -0.4514825539831434
        ],
        [
            9.627634626198653,
            -8.507618612266793,
            -0.4147345369704757
        ],
        [
            -5.624004031749452,
            6.3026118035794525,
            -0.24166527498037077
        ],
        [
            2.0861117967208322,
            8.10651224673014,
            -0.15443515133600394
        ]
    ],
    "nodes": [
        0,
        1,
        3,
        3
    ],
    "scene": 4
}