{
    "centers": [
        [
            -8.54331889512608,
            -4.910299337995059,
            -0.3894380380295507
        ],
        [
            4.668698729239241,
            -8.910046083404776,
            -0.2264095888107639
        ],
        [
            -1.7683726024275828,
            5.226242645808995,
            -0.3983826095264751
        ],
        [
            -0.031474282920036956,
            6.3712627756198295,
            -0.3260749100100604
        ]
    ],
    "nodes": [
        0,
        3,
        3,
        3
    ],
    "scene": 4
}