{
    "centers": [
        [
            4.8699253631056365,
            5.101506944816043,
            -0.21557225101086797
        ]
    ],
    "nodes": [
        0
    ],
    "scene": 4
}