{
    "centers": [
        [
            6.765859549632008,
            -8.615561425792556,
            -0.42474404821673045
        ],
        [
            1.2070766199402865,
            5.736918529252906,
            -0.22541336802863826
        ],
        [
            8.23211550712982,
            8.576778568399707,
            -0.4585227153116745
        ],
        [
            5.703725652054501,
            -3.7795684822216398,
            -0.4922449741847663
        ],
        [
            -0.0834756352791306,
            -6.0413196366976525,
            -0.24260687904642642
        ],
        [
            4.68949609593901,
            0.19010044320162223,
            -0.3657890085510429
        ]
    ],
    "nodes": [
        0,
        1,
        3,
        3,
        3,
        3
    ],
    "scene": 4
}