{
    "centers": [
        [
            -2.9014170980922565,
            4.157082658479911,
            -0.41720292003804427
        ],
        [
            8.954511863297029,
            -2.6816228484894538,
            -0.12400535911715099
        ],
        [
            0.8418894652806959,
            -0.06151604039174963,
            -0.23871670780987725
        ],
        [
            7.586311997904495,
            -6.571679670343373,
            -0.19814208152868162
        ],
        [
            -5.253395957125544,
            -9.672456069827074,
            -0.3179194438080694
        ],
        [
            4.783709613778729,
            -7.324042653330263,
            -0.4936245167620496
        ]
    ],
    "nodes": [
        0,
        0,
        1,
        3,
        3,
        3
    ],
    "scene": 4
}