{
    "centers": [
        [
            5.1684931721018135,
            6.656082775039742,
            -0.15156282760282952
        ],
        [
            3.6070010513007453,
            4.100282563875087,
            -0.4927069631395862
        ],
        [
            -6.231790396716925,
            1.7129148229974707,
            -0.39824546210144074
        ]
    ],
    "nodes": [
        0,
        0,
        3
    ],
    "scene": 4
}